ats,slug,company_name,status,last_checked_at,last_successful_fetch_at,jobs_last_run,jobs_relevant_last_run,jobs_inserted_last_run,jobs_updated_last_run,jobs_irrelevant_last_run,jobs_partial_last_run,jobs_old_last_run,fetch_failed_last_run,yield_last_run,times_seen_empty,times_failed,last_relevant_at,runs_since_last_relevant,consecutive_fetch_failures,manually_disabled,scrape_tier,scrape_every_runs,bucket_last_run,last_error,provider,company,_existingjobsbysourceid
ashby,abridge,Abridge,auto,2026-04-15T13:55:38.412Z,2026-04-15T13:55:38.412Z,61,0,0,0,39,0,22,false,0.000,0,0,,2,0,false,low,2,irrelevant_only,,ashby,Abridge,
ashby,aerovect,Aerovect,auto,2026-04-15T13:55:40.091Z,2026-04-15T13:55:40.091Z,19,3,0,3,14,0,2,false,0.158,0,0,2026-04-15T13:55:40.091Z,0,0,false,medium,1,productive,,ashby,Aerovect,
ashby,aetherflux,Aetherflux,auto,2026-04-15T13:55:41.189Z,2026-04-15T13:55:41.189Z,26,0,0,0,19,0,7,false,0.000,0,0,,2,0,false,low,2,irrelevant_only,,ashby,Aetherflux,
ashby,aim,Aim,auto,2026-04-15T13:55:41.975Z,2026-04-15T13:55:41.975Z,17,0,0,0,17,0,0,false,0.000,0,0,,2,0,false,low,2,irrelevant_only,,ashby,Aim,
ashby,airbound,Airbound,auto,2026-04-15T13:55:42.763Z,2026-04-15T13:55:42.763Z,2,2,0,2,0,0,0,false,1.000,0,0,2026-04-15T13:55:42.763Z,0,0,false,high,1,productive,,ashby,Airbound,
ashby,airops,Airops,auto,2026-04-15T13:55:44.556Z,2026-04-15T13:55:44.556Z,29,0,0,0,17,0,12,false,0.000,0,0,,2,0,false,low,2,irrelevant_only,,ashby,Airops,
ashby,alta-ares,Alta Ares,auto,2026-04-15T13:55:44.728Z,,0,0,0,0,0,0,0,true,0.000,0,8,,2,2,false,low,2,fetch_failed,Ashby Alta Ares failed: 404,ashby,Alta Ares,
ashby,altura,Altura,auto,2026-04-15T13:55:45.425Z,2026-04-15T13:55:45.425Z,2,0,0,0,2,0,0,false,0.000,0,0,,2,0,false,low,2,irrelevant_only,,ashby,Altura,
ashby,Antares,Antares,auto,2026-04-15T13:55:47.382Z,2026-04-15T13:55:47.382Z,25,0,0,0,11,0,14,false,0.000,0,0,,2,0,false,low,2,irrelevant_only,,ashby,Antares,
ashby,arxlight-ai,Arxlight Ai,auto,2026-04-15T13:55:48.286Z,2026-04-15T13:55:48.286Z,9,3,0,3,6,0,0,false,0.333,0,0,2026-04-15T13:55:48.286Z,0,0,false,medium,1,productive,,ashby,Arxlight Ai,
ashby,atlan,Atlan,auto,2026-04-15T13:55:48.899Z,2026-04-15T13:55:48.899Z,13,0,0,0,8,0,5,false,0.000,0,0,,2,0,false,low,2,irrelevant_only,,ashby,Atlan,
ashby,aureliussystems,Aureliussystems,auto,2026-04-15T13:55:50.118Z,2026-04-15T13:55:50.118Z,7,7,0,7,0,0,0,false,1.000,0,0,2026-04-15T13:55:50.118Z,0,0,false,high,1,productive,,ashby,Aureliussystems,
ashby,backflip.ai,Backflip.Ai,auto,2026-04-15T13:55:50.584Z,2026-04-15T13:55:50.584Z,0,0,0,0,0,0,0,false,0.000,7,0,,2,0,false,dead,999,empty,,ashby,Backflip.Ai,
ashby,bedrock-robotics,Bedrock Robotics,auto,2026-04-15T13:55:51.484Z,2026-04-15T13:55:51.484Z,21,0,0,0,19,0,2,false,0.000,0,0,,2,0,false,low,2,irrelevant_only,,ashby,Bedrock Robotics,
ashby,Blacksmith,Blacksmith,auto,2026-04-15T13:55:52.135Z,2026-04-15T13:55:52.135Z,12,0,0,0,4,0,8,false,0.000,0,0,,2,0,false,low,2,irrelevant_only,,ashby,Blacksmith,
ashby,bliro,Bliro,auto,2026-04-15T13:55:52.390Z,2026-04-15T13:55:52.390Z,8,0,0,0,7,0,1,false,0.000,0,0,,2,0,false,low,2,irrelevant_only,,ashby,Bliro,
ashby,breaker,Breaker,auto,2026-04-15T13:55:53.362Z,2026-04-15T13:55:53.362Z,3,3,0,3,0,0,0,false,1.000,0,0,2026-04-15T13:55:53.362Z,0,0,false,high,1,productive,,ashby,Breaker,
ashby,brinc,Brinc,auto,2026-04-15T13:55:54.471Z,2026-04-15T13:55:54.471Z,22,9,0,9,1,0,12,false,0.409,0,0,2026-04-15T13:55:54.471Z,0,0,false,high,1,productive,,ashby,Brinc,
ashby,built-robotics,Built Robotics,auto,2026-04-15T13:55:54.681Z,2026-04-15T13:55:54.681Z,2,0,0,0,0,0,2,false,0.000,0,0,,2,0,false,low,2,old_only,,ashby,Built Robotics,
ashby,callosum,Callosum,auto,2026-04-15T13:55:55.652Z,2026-04-15T13:55:55.652Z,2,0,0,0,2,0,0,false,0.000,0,0,,2,0,false,low,2,irrelevant_only,,ashby,Callosum,
ashby,campfire,Campfire,auto,2026-04-15T13:55:55.925Z,2026-04-15T13:55:55.925Z,21,0,0,0,5,0,16,false,0.000,0,0,,2,0,false,low,2,irrelevant_only,,ashby,Campfire,
ashby,character,Character,auto,2026-04-15T13:55:56.214Z,2026-04-15T13:55:56.214Z,16,0,0,0,4,0,12,false,0.000,0,0,,2,0,false,low,2,irrelevant_only,,ashby,Character,
ashby,charge-robotics,Charge Robotics,auto,2026-04-15T13:55:56.463Z,2026-04-15T13:55:56.463Z,14,0,0,0,7,0,7,false,0.000,0,0,,2,0,false,low,2,irrelevant_only,,ashby,Charge Robotics,
ashby,clasp-group,Clasp Group,auto,2026-04-15T13:55:57.401Z,2026-04-15T13:55:57.401Z,16,0,0,0,16,0,0,false,0.000,0,0,,2,0,false,low,2,irrelevant_only,,ashby,Clasp Group,
ashby,close,Close,auto,2026-04-15T13:55:58.031Z,2026-04-15T13:55:58.031Z,9,0,0,0,8,0,1,false,0.000,0,0,,2,0,false,low,2,irrelevant_only,,ashby,Close,
ashby,cobot,Cobot,auto,2026-04-15T13:55:58.926Z,2026-04-15T13:55:58.926Z,14,0,0,0,12,0,2,false,0.000,0,0,,2,0,false,low,2,irrelevant_only,,ashby,Cobot,
ashby,cocodelivery,Cocodelivery,auto,2026-04-15T13:55:59.556Z,2026-04-15T13:55:59.556Z,14,0,0,0,11,0,3,false,0.000,0,0,,2,0,false,low,2,irrelevant_only,,ashby,Cocodelivery,
ashby,coderabbit,Coderabbit,auto,2026-04-15T13:56:00.788Z,2026-04-15T13:56:00.788Z,29,0,0,0,19,0,10,false,0.000,0,0,,2,0,false,low,2,irrelevant_only,,ashby,Coderabbit,
ashby,compound-eye,Compound Eye,auto,2026-04-15T13:56:01.508Z,2026-04-15T13:56:01.508Z,3,1,0,1,2,0,0,false,0.333,0,0,2026-04-15T13:56:01.508Z,0,0,false,medium,1,productive,,ashby,Compound Eye,
ashby,continua,Continua,auto,2026-04-15T13:56:01.706Z,2026-04-15T13:56:01.706Z,2,0,0,0,0,0,2,false,0.000,0,0,,2,0,false,low,2,old_only,,ashby,Continua,
ashby,corvus-robotics,Corvus Robotics,auto,2026-04-15T13:56:02.506Z,2026-04-15T13:56:02.506Z,6,0,0,0,0,0,6,false,0.000,0,0,,2,0,false,low,2,old_only,,ashby,Corvus Robotics,
ashby,cosmic-robotics,Cosmic Robotics,auto,2026-04-15T13:56:02.708Z,2026-04-15T13:56:02.708Z,4,0,0,0,1,0,3,false,0.000,0,0,,2,0,false,low,2,irrelevant_only,,ashby,Cosmic Robotics,
ashby,critical-energy,Critical Energy,auto,2026-04-15T13:56:02.928Z,2026-04-15T13:56:02.928Z,1,0,0,0,0,0,1,false,0.000,0,0,,2,0,false,low,2,old_only,,ashby,Critical Energy,
ashby,deel,Deel,auto,2026-04-15T13:56:03.893Z,2026-04-15T13:56:03.893Z,263,0,0,0,234,0,29,false,0.000,0,0,,2,0,false,low,2,irrelevant_only,,ashby,Deel,
ashby,deeptune,Deeptune,auto,2026-04-15T13:56:04.004Z,2026-04-15T13:56:04.004Z,4,0,0,0,2,0,2,false,0.000,0,0,,2,0,false,low,2,irrelevant_only,,ashby,Deeptune,
ashby,delian,Delian,auto,2026-04-15T13:56:04.471Z,2026-04-15T13:56:04.471Z,6,2,0,2,4,0,0,false,0.333,0,0,2026-04-15T13:56:04.471Z,0,0,false,medium,1,productive,,ashby,Delian,
ashby,dexmate,Dexmate,auto,2026-04-15T13:56:04.738Z,2026-04-15T13:56:04.738Z,23,0,0,0,13,0,10,false,0.000,0,0,,2,0,false,low,2,irrelevant_only,,ashby,Dexmate,
ashby,distributed-spectrum,Distributed Spectrum,auto,2026-04-15T13:56:05.084Z,2026-04-15T13:56:05.084Z,4,1,0,1,3,0,0,false,0.250,0,0,2026-04-15T13:56:05.084Z,0,0,false,medium,1,productive,,ashby,Distributed Spectrum,
ashby,duna,Duna,auto,2026-04-15T13:56:05.740Z,2026-04-15T13:56:05.740Z,10,0,0,0,5,0,5,false,0.000,0,0,,2,0,false,low,2,irrelevant_only,,ashby,Duna,
ashby,dust,Dust,auto,2026-04-15T13:56:05.987Z,2026-04-15T13:56:05.987Z,23,0,0,0,17,0,6,false,0.000,0,0,,2,0,false,low,2,irrelevant_only,,ashby,Dust,
ashby,dyna-robotics,Dyna Robotics,auto,2026-04-15T13:56:06.276Z,2026-04-15T13:56:06.276Z,15,0,0,0,10,0,5,false,0.000,0,0,,2,0,false,low,2,irrelevant_only,,ashby,Dyna Robotics,
ashby,echotwin,Echotwin,auto,2026-04-15T13:56:06.500Z,2026-04-15T13:56:06.500Z,11,0,0,0,0,0,11,false,0.000,0,0,,2,0,false,low,2,old_only,,ashby,Echotwin,
ashby,eigen-labs,Eigen Labs,auto,2026-04-15T13:56:06.614Z,2026-04-15T13:56:06.614Z,5,0,0,0,4,0,1,false,0.000,0,0,,2,0,false,low,2,irrelevant_only,,ashby,Eigen Labs,
ashby,elevenlabs,Elevenlabs,auto,2026-04-15T13:56:07.086Z,2026-04-15T13:56:07.086Z,101,0,0,0,74,0,27,false,0.000,0,0,,2,0,false,low,2,irrelevant_only,,ashby,Elevenlabs,
ashby,embedding-vc,Embedding Vc,auto,2026-04-15T13:56:08.422Z,2026-04-15T13:56:08.422Z,36,0,0,0,24,0,12,false,0.000,0,0,,2,0,false,low,2,irrelevant_only,,ashby,Embedding Vc,
ashby,enpal,Enpal,auto,2026-04-15T13:56:09.014Z,2026-04-15T13:56:09.014Z,227,0,0,0,227,0,0,false,0.000,0,0,,2,0,false,low,2,irrelevant_only,,ashby,Enpal,
ashby,ether.fi,Ether.Fi,auto,2026-04-15T13:56:09.890Z,2026-04-15T13:56:09.890Z,16,0,0,0,5,0,11,false,0.000,0,0,,2,0,false,low,2,irrelevant_only,,ashby,Ether.Fi,
ashby,exa,Exa,auto,2026-04-15T13:56:11.010Z,2026-04-15T13:56:11.010Z,34,0,0,0,11,0,23,false,0.000,0,0,,2,0,false,low,2,irrelevant_only,,ashby,Exa,
ashby,fauna-robotics,Fauna Robotics,auto,2026-04-15T13:56:11.679Z,2026-04-15T13:56:11.679Z,0,0,0,0,0,0,0,false,0.000,7,0,,2,0,false,dead,999,empty,,ashby,Fauna Robotics,
ashby,featherlessai,Featherlessai,auto,2026-04-15T13:56:12.696Z,2026-04-15T13:56:12.696Z,19,0,0,0,13,0,6,false,0.000,0,0,,2,0,false,low,2,irrelevant_only,,ashby,Featherlessai,
ashby,Fiducial,Fiducial,auto,2026-04-15T13:56:14.332Z,2026-04-15T13:56:14.332Z,11,8,0,8,0,0,3,false,0.727,0,0,2026-04-15T13:56:14.332Z,0,0,false,high,1,productive,,ashby,Fiducial,
ashby,finary,Finary,auto,2026-04-15T13:56:14.490Z,2026-04-15T13:56:14.490Z,15,0,0,0,10,0,5,false,0.000,0,0,,2,0,false,low,2,irrelevant_only,,ashby,Finary,
ashby,finmid.com,Finmid.Com,auto,2026-04-15T13:56:15.056Z,2026-04-15T13:56:15.056Z,3,0,0,0,2,0,1,false,0.000,0,0,,2,0,false,low,2,irrelevant_only,,ashby,Finmid.Com,
ashby,flagright.com,Flagright.Com,auto,2026-04-15T13:56:16.740Z,2026-04-15T13:56:16.740Z,59,0,0,0,56,0,3,false,0.000,0,0,,2,0,false,low,2,irrelevant_only,,ashby,Flagright.Com,
ashby,flink,Flink,auto,2026-04-15T13:56:16.847Z,2026-04-15T13:56:16.847Z,2,0,0,0,1,0,1,false,0.000,0,0,,2,0,false,low,2,irrelevant_only,,ashby,Flink,
ashby,Flock Safety,Flock Safety,auto,2026-04-15T13:56:20.877Z,2026-04-15T13:56:20.877Z,65,16,0,16,41,0,8,false,0.246,0,0,2026-04-15T13:56:20.877Z,0,0,false,medium,1,productive,,ashby,Flock Safety,[object Map]
ashby,Flock%20Safety,Flock%20Safety,auto,2026-04-15T13:56:22.829Z,2026-04-15T13:56:22.829Z,65,16,0,16,41,0,8,false,0.246,0,0,2026-04-15T13:56:22.829Z,0,0,false,medium,1,productive,,ashby,Flock%20Safety,
ashby,Foundational Industries,Foundational Industries,auto,2026-04-15T13:56:23.393Z,2026-04-15T13:56:23.393Z,8,0,0,0,8,0,0,false,0.000,0,0,,2,0,false,low,2,irrelevant_only,,ashby,Foundational Industries,
ashby,foundry-robotics,Foundry Robotics,auto,2026-04-15T13:56:24.548Z,2026-04-15T13:56:24.548Z,5,0,0,0,5,0,0,false,0.000,0,0,,2,0,false,low,2,irrelevant_only,,ashby,Foundry Robotics,
ashby,fyxer,Fyxer,auto,2026-04-15T13:56:25.448Z,2026-04-15T13:56:25.448Z,14,0,0,0,12,0,2,false,0.000,0,0,,2,0,false,low,2,irrelevant_only,,ashby,Fyxer,
ashby,gecko-robotics,Gecko Robotics,auto,2026-04-15T13:56:26.843Z,2026-04-15T13:56:26.843Z,24,0,0,0,19,0,5,false,0.000,0,0,,2,0,false,low,2,irrelevant_only,,ashby,Gecko Robotics,
ashby,generalist,Generalist,auto,2026-04-15T13:56:27.785Z,2026-04-15T13:56:27.785Z,16,0,0,0,16,0,0,false,0.000,0,0,,2,0,false,low,2,irrelevant_only,,ashby,Generalist,
ashby,generalrobotics,Generalrobotics,auto,2026-04-15T13:56:28.620Z,2026-04-15T13:56:28.620Z,6,1,0,1,5,0,0,false,0.167,0,0,2026-04-15T13:56:28.620Z,0,0,false,medium,1,productive,,ashby,Generalrobotics,
ashby,govdash,Govdash,auto,2026-04-15T13:56:29.090Z,2026-04-15T13:56:29.090Z,10,0,0,0,8,0,2,false,0.000,0,0,,2,0,false,low,2,irrelevant_only,,ashby,Govdash,
ashby,GoVenti,GoVenti,auto,2026-04-15T13:56:30.224Z,2026-04-15T13:56:30.224Z,31,0,0,0,12,0,19,false,0.000,0,0,,2,0,false,low,2,irrelevant_only,,ashby,GoVenti,
ashby,GravityClimate,GravityClimate,auto,2026-04-15T13:56:30.801Z,2026-04-15T13:56:30.801Z,8,0,0,0,3,0,5,false,0.000,0,0,,2,0,false,low,2,irrelevant_only,,ashby,GravityClimate,
ashby,graymatter-robotics,Graymatter Robotics,auto,2026-04-15T13:56:31.603Z,2026-04-15T13:56:31.603Z,9,0,0,0,5,0,4,false,0.000,0,0,,2,0,false,low,2,irrelevant_only,,ashby,Graymatter Robotics,
ashby,gritt,Gritt,auto,2026-04-15T13:56:32.326Z,2026-04-15T13:56:32.326Z,5,0,0,0,0,0,5,false,0.000,0,0,,2,0,false,low,2,old_only,,ashby,Gritt,
ashby,hadrian-automation,Hadrian Automation,auto,2026-04-15T13:56:33.258Z,2026-04-15T13:56:33.258Z,147,1,0,1,100,0,46,false,0.007,0,0,2026-04-15T13:56:33.258Z,0,0,false,low,2,productive,,ashby,Hadrian Automation,
ashby,happyrobot.ai,Happyrobot.Ai,auto,2026-04-15T13:56:35.783Z,2026-04-15T13:56:35.783Z,68,0,0,0,40,0,28,false,0.000,0,0,,2,0,false,low,2,irrelevant_only,,ashby,Happyrobot.Ai,
ashby,harmattan-ai,Harmattan Ai,auto,2026-04-15T13:56:43.061Z,2026-04-15T13:56:43.061Z,96,45,0,45,43,0,8,false,0.469,0,0,2026-04-15T13:56:43.061Z,0,0,false,high,1,productive,,ashby,Harmattan Ai,
ashby,havocai,Havocai,auto,2026-04-15T13:56:45.058Z,2026-04-15T13:56:45.058Z,27,11,0,11,15,0,1,false,0.407,0,0,2026-04-15T13:56:45.058Z,0,0,false,medium,1,productive,,ashby,Havocai,
ashby,hcompany,Hcompany,auto,2026-04-15T13:56:45.203Z,2026-04-15T13:56:45.203Z,21,0,0,0,16,0,5,false,0.000,0,0,,2,0,false,low,2,irrelevant_only,,ashby,Hcompany,
ashby,heyjobs,Heyjobs,auto,2026-04-15T13:56:45.486Z,2026-04-15T13:56:45.486Z,21,0,0,0,18,0,3,false,0.000,0,0,,2,0,false,low,2,irrelevant_only,,ashby,Heyjobs,
ashby,impulse,Impulse,auto,2026-04-15T13:56:45.699Z,2026-04-15T13:56:45.699Z,2,0,0,0,1,0,1,false,0.000,0,0,,2,0,false,low,2,irrelevant_only,,ashby,Impulse,
ashby,kiefer,Kiefer,auto,2026-04-15T13:56:46.168Z,2026-04-15T13:56:46.168Z,9,0,0,0,9,0,0,false,0.000,0,0,,2,0,false,low,2,irrelevant_only,,ashby,Kiefer,
ashby,knowlix,Knowlix,auto,2026-04-15T13:56:46.939Z,2026-04-15T13:56:46.939Z,9,0,0,0,1,0,8,false,0.000,0,0,,2,0,false,low,2,irrelevant_only,,ashby,Knowlix,
ashby,kodifly,Kodifly,auto,2026-04-15T13:56:47.463Z,2026-04-15T13:56:47.463Z,12,0,0,0,9,0,3,false,0.000,0,0,,2,0,false,low,2,irrelevant_only,,ashby,Kodifly,
ashby,kraken.com,Kraken.Com,auto,2026-04-15T13:56:49.507Z,2026-04-15T13:56:49.507Z,141,0,0,0,119,0,22,false,0.000,0,0,,2,0,false,low,2,irrelevant_only,,ashby,Kraken.Com,
ashby,langdock,Langdock,auto,2026-04-15T13:56:50.211Z,2026-04-15T13:56:50.211Z,5,0,0,0,5,0,0,false,0.000,0,0,,2,0,false,low,2,irrelevant_only,,ashby,Langdock,
ashby,langfuse,Langfuse,auto,2026-04-15T13:56:50.471Z,2026-04-15T13:56:50.471Z,9,0,0,0,7,0,2,false,0.000,0,0,,2,0,false,low,2,irrelevant_only,,ashby,Langfuse,
ashby,lat,Lat,auto,2026-04-15T13:56:51.254Z,2026-04-15T13:56:51.254Z,8,2,0,2,0,0,6,false,0.250,0,0,2026-04-15T13:56:51.254Z,0,0,false,medium,1,productive,,ashby,Lat,
ashby,letta,Letta,auto,2026-04-15T13:56:51.922Z,2026-04-15T13:56:51.922Z,5,0,0,0,0,0,5,false,0.000,0,0,,2,0,false,low,2,old_only,,ashby,Letta,
ashby,lightdash,Lightdash,auto,2026-04-15T13:56:52.410Z,2026-04-15T13:56:52.410Z,6,0,0,0,5,0,1,false,0.000,0,0,,2,0,false,low,2,irrelevant_only,,ashby,Lightdash,
ashby,linqapp,Linqapp,auto,2026-04-15T13:56:53.298Z,2026-04-15T13:56:53.298Z,11,0,0,0,11,0,0,false,0.000,0,0,,2,0,false,low,2,irrelevant_only,,ashby,Linqapp,
ashby,liquid-ai,Liquid Ai,auto,2026-04-15T13:56:54.295Z,2026-04-15T13:56:54.295Z,18,0,0,0,10,0,8,false,0.000,0,0,,2,0,false,low,2,irrelevant_only,,ashby,Liquid Ai,
ashby,mach,Mach,auto,2026-04-15T13:56:58.561Z,2026-04-15T13:56:58.561Z,66,15,0,15,23,0,28,false,0.227,0,0,2026-04-15T13:56:58.561Z,0,0,false,medium,1,productive,,ashby,Mach,
ashby,maihem,Maihem,auto,2026-04-15T13:56:59.013Z,2026-04-15T13:56:59.013Z,0,0,0,0,0,0,0,false,0.000,5,0,,2,0,false,dead,999,empty,,ashby,Maihem,
ashby,marcohire,Marcohire,auto,2026-04-15T13:57:00.491Z,2026-04-15T13:57:00.491Z,8,4,0,4,3,0,1,false,0.500,0,0,2026-04-15T13:57:00.491Z,0,0,false,high,1,productive,,ashby,Marcohire,
ashby,matter-intelligence,Matter Intelligence,auto,2026-04-15T13:57:01.831Z,2026-04-15T13:57:01.831Z,14,3,0,3,11,0,0,false,0.214,0,0,2026-04-15T13:57:01.831Z,0,0,false,medium,1,productive,,ashby,Matter Intelligence,
ashby,mecka.ai,Mecka.Ai,auto,2026-04-15T13:57:03.070Z,2026-04-15T13:57:03.070Z,15,0,0,0,15,0,0,false,0.000,0,0,,2,0,false,low,2,irrelevant_only,,ashby,Mecka.Ai,
ashby,mindrobotics,Mindrobotics,auto,2026-04-15T13:57:04.017Z,2026-04-15T13:57:04.017Z,6,0,0,0,6,0,0,false,0.000,0,0,,2,0,false,low,2,irrelevant_only,,ashby,Mindrobotics,
ashby,mirai-robotics,Mirai Robotics,auto,2026-04-15T13:57:04.787Z,2026-04-15T13:57:04.787Z,4,3,0,3,0,0,1,false,0.750,0,0,2026-04-15T13:57:04.787Z,0,0,false,high,1,productive,,ashby,Mirai Robotics,
ashby,mirelo,Mirelo,auto,2026-04-15T13:57:05.285Z,2026-04-15T13:57:05.285Z,8,0,0,0,1,0,7,false,0.000,0,0,,2,0,false,low,2,irrelevant_only,,ashby,Mirelo,
ashby,Molg,Molg,auto,2026-04-15T13:57:06.019Z,2026-04-15T13:57:06.019Z,11,0,0,0,11,0,0,false,0.000,0,0,,2,0,false,low,2,irrelevant_only,,ashby,Molg,
ashby,monumental,Monumental,auto,2026-04-15T13:57:07.440Z,2026-04-15T13:57:07.440Z,26,0,0,0,16,0,10,false,0.000,0,0,,2,0,false,low,2,irrelevant_only,,ashby,Monumental,
ashby,mosey,Mosey,auto,2026-04-15T13:57:08.122Z,2026-04-15T13:57:08.122Z,2,0,0,0,0,0,2,false,0.000,0,0,,2,0,false,low,2,old_only,,ashby,Mosey,
ashby,munich-electrification,Munich Electrification,auto,2026-04-15T13:57:09.342Z,2026-04-15T13:57:09.342Z,34,0,0,0,32,0,2,false,0.000,0,0,,2,0,false,low,2,irrelevant_only,,ashby,Munich Electrification,
ashby,neara,Neara,auto,2026-04-15T13:57:10.324Z,2026-04-15T13:57:10.324Z,34,0,0,0,30,0,4,false,0.000,0,0,,2,0,false,low,2,irrelevant_only,,ashby,Neara,
ashby,neworbit,Neworbit,auto,2026-04-15T13:57:11.110Z,2026-04-15T13:57:11.110Z,10,0,0,0,3,0,7,false,0.000,0,0,,2,0,false,low,2,irrelevant_only,,ashby,Neworbit,
ashby,niantic-spatial,Niantic Spatial,auto,2026-04-15T13:57:12.410Z,2026-04-15T13:57:12.410Z,5,1,0,1,4,0,0,false,0.200,0,0,2026-04-15T13:57:12.410Z,0,0,false,medium,1,productive,,ashby,Niantic Spatial,
ashby,noda-ai,Noda Ai,auto,2026-04-15T13:57:14.185Z,2026-04-15T13:57:14.185Z,11,7,0,7,0,0,4,false,0.636,0,0,2026-04-15T13:57:14.185Z,0,0,false,high,1,productive,,ashby,Noda Ai,
ashby,northvectordynamics,Northvectordynamics,auto,2026-04-15T13:57:14.910Z,2026-04-15T13:57:14.910Z,6,1,0,1,5,0,0,false,0.167,0,0,2026-04-15T13:57:14.910Z,0,0,false,medium,1,productive,,ashby,Northvectordynamics,
ashby,northwoodspace,Northwoodspace,auto,2026-04-15T13:57:17.034Z,2026-04-15T13:57:17.034Z,57,0,0,0,39,0,18,false,0.000,0,0,,2,0,false,low,2,irrelevant_only,,ashby,Northwoodspace,
ashby,observable-space,Observable Space,auto,2026-04-15T13:57:18.259Z,2026-04-15T13:57:18.259Z,17,0,0,0,14,0,3,false,0.000,0,0,,2,0,false,low,2,irrelevant_only,,ashby,Observable Space,
ashby,obvio,Obvio,auto,2026-04-15T13:57:19.009Z,2026-04-15T13:57:19.009Z,11,0,0,0,8,0,3,false,0.000,0,0,,2,0,false,low,2,irrelevant_only,,ashby,Obvio,
ashby,odys-aviation,Odys Aviation,auto,2026-04-15T13:57:20.836Z,2026-04-15T13:57:20.836Z,14,11,0,11,1,0,2,false,0.786,0,0,2026-04-15T13:57:20.836Z,0,0,false,high,1,productive,,ashby,Odys Aviation,
ashby,oligo,Oligo,auto,2026-04-15T13:57:21.371Z,2026-04-15T13:57:21.371Z,13,0,0,0,4,0,9,false,0.000,0,0,,2,0,false,low,2,irrelevant_only,,ashby,Oligo,
ashby,onebrief,Onebrief,auto,2026-04-15T13:57:22.331Z,2026-04-15T13:57:22.331Z,25,0,0,0,22,0,3,false,0.000,0,0,,2,0,false,low,2,irrelevant_only,,ashby,Onebrief,
ashby,OnHires,OnHires,auto,2026-04-15T13:57:24.060Z,2026-04-15T13:57:24.060Z,49,2,0,2,47,0,0,false,0.041,0,0,2026-04-15T13:57:24.060Z,0,0,false,low,2,productive,,ashby,OnHires,
ashby,orchard,Orchard,auto,2026-04-15T13:57:24.292Z,2026-04-15T13:57:24.292Z,15,0,0,0,12,0,3,false,0.000,0,0,,2,0,false,low,2,irrelevant_only,,ashby,Orchard,
ashby,persona.ai,Persona.Ai,auto,2026-04-15T13:57:25.071Z,2026-04-15T13:57:25.071Z,13,1,0,1,5,0,7,false,0.077,0,0,2026-04-15T13:57:25.071Z,0,0,false,low,2,productive,,ashby,Persona.Ai,
ashby,physicalintelligence,Physicalintelligence,auto,2026-04-15T13:57:25.345Z,2026-04-15T13:57:25.345Z,22,0,0,0,12,0,10,false,0.000,0,0,,2,0,false,low,2,irrelevant_only,,ashby,Physicalintelligence,
ashby,pirros,Pirros,auto,2026-04-15T13:57:25.843Z,2026-04-15T13:57:25.843Z,3,0,0,0,3,0,0,false,0.000,0,0,,2,0,false,low,2,irrelevant_only,,ashby,Pirros,
ashby,pivotrobotics,Pivotrobotics,auto,2026-04-15T13:57:26.487Z,2026-04-15T13:57:26.487Z,3,0,0,0,1,0,2,false,0.000,0,0,,2,0,false,low,2,irrelevant_only,,ashby,Pivotrobotics,
ashby,point-one-navigation,Point One Navigation,auto,2026-04-15T13:57:27.341Z,2026-04-15T13:57:27.341Z,9,1,0,1,3,0,5,false,0.111,0,0,2026-04-15T13:57:27.341Z,0,0,false,medium,1,productive,,ashby,Point One Navigation,
ashby,poseidonaero,Poseidonaero,auto,2026-04-15T13:57:48.528Z,2026-04-15T13:57:48.528Z,15,15,9,6,0,0,0,false,1.000,0,0,2026-04-15T13:57:48.528Z,0,0,false,high,1,productive,,ashby,Poseidonaero,[object Map]
ashby,praxipal,Praxipal,auto,2026-04-15T13:57:49.288Z,2026-04-15T13:57:49.288Z,11,0,0,0,10,0,1,false,0.000,0,0,,2,0,false,low,2,irrelevant_only,,ashby,Praxipal,
ashby,PrimeIntellect,PrimeIntellect,auto,2026-04-15T13:57:54.458Z,2026-04-15T13:57:54.458Z,22,0,0,0,7,0,15,false,0.000,0,0,,2,0,false,low,2,irrelevant_only,,ashby,PrimeIntellect,
ashby,prior-labs,Prior Labs,auto,2026-04-15T13:57:55.285Z,2026-04-15T13:57:55.285Z,17,0,0,0,10,0,7,false,0.000,0,0,,2,0,false,low,2,irrelevant_only,,ashby,Prior Labs,
ashby,pylon-labs,Pylon Labs,auto,2026-04-15T13:57:55.424Z,2026-04-15T13:57:55.424Z,31,0,0,0,15,0,16,false,0.000,0,0,,2,0,false,low,2,irrelevant_only,,ashby,Pylon Labs,
ashby,quartermaster,Quartermaster,auto,2026-04-15T13:57:56.339Z,2026-04-15T13:57:56.339Z,24,0,0,0,19,0,5,false,0.000,0,0,,2,0,false,low,2,irrelevant_only,,ashby,Quartermaster,
ashby,quilter,Quilter,auto,2026-04-15T13:57:57.163Z,2026-04-15T13:57:57.163Z,5,0,0,0,2,0,3,false,0.000,0,0,,2,0,false,low,2,irrelevant_only,,ashby,Quilter,
ashby,rabot,Rabot,auto,2026-04-15T13:57:58.054Z,2026-04-15T13:57:58.054Z,6,0,0,0,6,0,0,false,0.000,0,0,,2,0,false,low,2,irrelevant_only,,ashby,Rabot,
ashby,radiant-industries,Radiant Industries,auto,2026-04-15T13:58:00.803Z,2026-04-15T13:58:00.803Z,87,0,0,0,60,0,27,false,0.000,0,0,,2,0,false,low,2,irrelevant_only,,ashby,Radiant Industries,
ashby,realmalliance,Realmalliance,auto,2026-04-15T13:58:02.843Z,2026-04-15T13:58:02.843Z,7,4,0,4,1,0,2,false,0.571,0,0,2026-04-15T13:58:02.843Z,0,0,false,high,1,productive,,ashby,Realmalliance,
ashby,red6,Red6,auto,2026-04-15T13:58:04.322Z,2026-04-15T13:58:04.322Z,18,0,0,0,15,0,3,false,0.000,0,0,,2,0,false,low,2,irrelevant_only,,ashby,Red6,
ashby,reflect-orbital,Reflect Orbital,auto,2026-04-15T13:58:06.349Z,2026-04-15T13:58:06.349Z,19,0,0,0,2,0,17,false,0.000,0,0,,2,0,false,low,2,irrelevant_only,,ashby,Reflect Orbital,
ashby,ReflexRobotics,ReflexRobotics,auto,2026-04-15T13:58:07.179Z,2026-04-15T13:58:07.179Z,6,0,0,0,1,0,5,false,0.000,0,0,,2,0,false,low,2,irrelevant_only,,ashby,ReflexRobotics,
ashby,reliable-robotics,Reliable Robotics,auto,2026-04-15T13:58:11.035Z,2026-04-15T13:58:11.035Z,62,9,0,9,45,0,8,false,0.145,0,0,2026-04-15T13:58:11.035Z,0,0,false,medium,1,productive,,ashby,Reliable Robotics,
ashby,rhoda-ai,Rhoda Ai,auto,2026-04-15T13:58:12.093Z,2026-04-15T13:58:12.093Z,21,0,0,0,21,0,0,false,0.000,0,0,,2,0,false,low,2,irrelevant_only,,ashby,Rhoda Ai,
ashby,Ridealso,Ridealso,auto,2026-04-15T13:58:14.654Z,2026-04-15T13:58:14.654Z,74,0,0,0,62,0,12,false,0.000,0,0,,2,0,false,low,2,irrelevant_only,,ashby,Ridealso,
ashby,robco,Robco,auto,2026-04-15T13:58:15.816Z,2026-04-15T13:58:15.816Z,37,0,0,0,37,0,0,false,0.000,0,0,,2,0,false,low,2,irrelevant_only,,ashby,Robco,
ashby,robin-radar,Robin Radar,auto,2026-04-15T13:58:18.591Z,2026-04-15T13:58:18.591Z,23,17,0,17,4,0,2,false,0.739,0,0,2026-04-15T13:58:18.591Z,0,0,false,high,1,productive,,ashby,Robin Radar,
ashby,robot-learning-co,Robot Learning Co,auto,2026-04-15T13:58:18.958Z,2026-04-15T13:58:18.958Z,0,0,0,0,0,0,0,false,0.000,8,0,,2,0,false,dead,999,empty,,ashby,Robot Learning Co,
ashby,Scale Army Careers,Scale Army Careers,auto,2026-04-15T13:58:22.291Z,2026-04-15T13:58:22.291Z,102,0,0,0,94,0,8,false,0.000,0,0,,2,0,false,low,2,irrelevant_only,,ashby,Scale Army Careers,
ashby,se3,Se3,auto,2026-04-15T13:58:23.468Z,2026-04-15T13:58:23.468Z,12,5,0,5,1,0,6,false,0.417,0,0,2026-04-15T13:58:23.468Z,0,0,false,medium,1,productive,,ashby,Se3,
ashby,seneca,Seneca,auto,2026-04-15T13:58:24.294Z,2026-04-15T13:58:24.294Z,11,0,0,0,0,0,11,false,0.000,0,0,,2,0,false,low,2,old_only,,ashby,Seneca,
ashby,sensmore,Sensmore,auto,2026-04-15T13:58:24.859Z,2026-04-15T13:58:24.859Z,8,0,0,0,6,0,2,false,0.000,0,0,,2,0,false,low,2,irrelevant_only,,ashby,Sensmore,
ashby,sentinel-eagle,Sentinel Eagle,auto,2026-04-15T13:58:26.044Z,2026-04-15T13:58:26.044Z,3,1,0,1,2,0,0,false,0.333,0,0,2026-04-15T13:58:26.044Z,0,0,false,medium,1,productive,,ashby,Sentinel Eagle,
ashby,sereact,Sereact,auto,2026-04-15T13:58:27.207Z,2026-04-15T13:58:27.207Z,27,0,0,0,26,0,1,false,0.000,0,0,,2,0,false,low,2,irrelevant_only,,ashby,Sereact,
ashby,serverobotics,Serverobotics,auto,2026-04-15T13:58:29.552Z,2026-04-15T13:58:29.552Z,63,0,0,0,54,0,9,false,0.000,0,0,,2,0,false,low,2,irrelevant_only,,ashby,Serverobotics,
ashby,sesame,Sesame,auto,2026-04-15T13:58:30.848Z,2026-04-15T13:58:30.848Z,32,0,0,0,16,0,16,false,0.000,0,0,,2,0,false,low,2,irrelevant_only,,ashby,Sesame,
ashby,sfcompute,Sfcompute,auto,2026-04-15T13:58:31.919Z,2026-04-15T13:58:31.919Z,14,0,0,0,11,0,3,false,0.000,0,0,,2,0,false,low,2,irrelevant_only,,ashby,Sfcompute,
ashby,Sine Engineering,Sine Engineering,auto,2026-04-15T13:58:34.137Z,2026-04-15T13:58:34.137Z,14,11,0,11,2,0,1,false,0.786,0,0,2026-04-15T13:58:34.137Z,0,0,false,high,1,productive,,ashby,Sine Engineering,
ashby,Sine%20Engineering,Sine%20Engineering,auto,2026-04-15T13:58:35.377Z,2026-04-15T13:58:35.377Z,14,11,0,11,2,0,1,false,0.786,0,0,2026-04-15T13:58:35.377Z,0,0,false,high,1,productive,,ashby,Sine%20Engineering,
ashby,skydio,Skydio,auto,2026-04-15T13:58:45.625Z,2026-04-15T13:58:45.625Z,123,80,0,80,5,0,38,false,0.650,0,0,2026-04-15T13:58:45.625Z,0,0,false,high,1,productive,,ashby,Skydio,[object Map]
ashby,spear-ai,Spear Ai,auto,2026-04-15T13:58:46.999Z,2026-04-15T13:58:46.999Z,17,1,0,1,16,0,0,false,0.059,0,0,2026-04-15T13:58:46.999Z,0,0,false,low,2,productive,,ashby,Spear Ai,[object Map]
ashby,sphere-defense,Sphere Defense,auto,2026-04-15T13:58:48.353Z,2026-04-15T13:58:48.353Z,8,6,0,6,2,0,0,false,0.750,0,0,2026-04-15T13:58:48.353Z,0,0,false,high,1,productive,,ashby,Sphere Defense,
ashby,stainlessapi,Stainlessapi,auto,2026-04-15T13:58:50.120Z,2026-04-15T13:58:50.120Z,16,0,0,0,4,0,12,false,0.000,0,0,,2,0,false,low,2,irrelevant_only,,ashby,Stainlessapi,
ashby,StandardBots,StandardBots,auto,2026-04-15T13:58:51.893Z,2026-04-15T13:58:51.893Z,36,0,0,0,35,0,1,false,0.000,0,0,,2,0,false,low,2,irrelevant_only,,ashby,StandardBots,
ashby,StandInsurance,StandInsurance,auto,2026-04-15T13:58:52.804Z,2026-04-15T13:58:52.804Z,11,0,0,0,8,0,3,false,0.000,0,0,,2,0,false,low,2,irrelevant_only,,ashby,StandInsurance,
ashby,starpath.space,Starpath.Space,auto,2026-04-15T13:58:53.755Z,2026-04-15T13:58:53.755Z,10,0,0,0,1,0,9,false,0.000,0,0,,2,0,false,low,2,irrelevant_only,,ashby,Starpath.Space,
ashby,stealth startup,Stealth Startup,auto,2026-04-15T13:58:54.514Z,2026-04-15T13:58:54.514Z,3,2,0,2,1,0,0,false,0.667,0,0,2026-04-15T13:58:54.514Z,0,0,false,high,1,productive,,ashby,Stealth Startup,
ashby,sunday,Sunday,auto,2026-04-15T13:58:55.376Z,2026-04-15T13:58:55.376Z,30,0,0,0,17,0,13,false,0.000,0,0,,2,0,false,low,2,irrelevant_only,,ashby,Sunday,
ashby,sunrise,Sunrise,auto,2026-04-15T13:58:55.974Z,2026-04-15T13:58:55.974Z,11,0,0,0,8,0,3,false,0.000,0,0,,2,0,false,low,2,irrelevant_only,,ashby,Sunrise,
ashby,swan,Swan,auto,2026-04-15T13:58:56.720Z,2026-04-15T13:58:56.720Z,8,2,0,2,0,0,6,false,0.250,0,0,2026-04-15T13:58:56.720Z,0,0,false,medium,1,productive,,ashby,Swan,
ashby,swarmer,Swarmer,auto,2026-04-15T13:59:03.270Z,2026-04-15T13:59:03.270Z,23,6,2,4,8,0,9,false,0.261,0,0,2026-04-15T13:59:03.270Z,0,0,false,medium,1,productive,,ashby,Swarmer,[object Map]
ashby,T-Robotics,T Robotics,auto,2026-04-15T13:59:03.514Z,2026-04-10T15:02:26.574Z,0,0,0,0,0,0,0,true,0.000,0,6,,2,2,false,low,2,fetch_failed,Ashby T Robotics failed: 404,ashby,T Robotics,
ashby,taekus,Taekus,auto,2026-04-15T13:59:04.091Z,2026-04-15T13:59:04.091Z,7,0,0,0,4,0,3,false,0.000,0,0,,2,0,false,low,2,irrelevant_only,,ashby,Taekus,
ashby,tandem,Tandem,auto,2026-04-15T13:59:05.247Z,2026-04-15T13:59:05.247Z,25,0,0,0,4,0,21,false,0.000,0,0,,2,0,false,low,2,irrelevant_only,,ashby,Tandem,
ashby,tempo-xyz,Tempo Xyz,auto,2026-04-15T13:59:05.468Z,2026-04-15T13:59:05.468Z,17,0,0,0,11,0,6,false,0.000,0,0,,2,0,false,low,2,irrelevant_only,,ashby,Tempo Xyz,
ashby,tensorwave,Tensorwave,auto,2026-04-15T13:59:06.521Z,2026-04-15T13:59:06.521Z,30,0,0,0,16,0,14,false,0.000,0,0,,2,0,false,low,2,irrelevant_only,,ashby,Tensorwave,
ashby,TerraFirma,TerraFirma,auto,2026-04-15T13:59:07.398Z,2026-04-15T13:59:07.398Z,22,0,0,0,3,0,19,false,0.000,0,0,,2,0,false,low,2,irrelevant_only,,ashby,TerraFirma,
ashby,terranova,Terranova,auto,2026-04-15T13:59:08.349Z,2026-04-15T13:59:08.349Z,13,0,0,0,10,0,3,false,0.000,0,0,,2,0,false,low,2,irrelevant_only,,ashby,Terranova,
ashby,teza-technologies,Teza Technologies,auto,2026-04-15T13:59:09.641Z,2026-04-15T13:59:09.641Z,13,0,0,0,4,0,9,false,0.000,0,0,,2,0,false,low,2,irrelevant_only,,ashby,Teza Technologies,
ashby,the-exploration-company,The Exploration Company,auto,2026-04-15T13:59:12.545Z,2026-04-15T13:59:12.545Z,105,0,0,0,71,0,34,false,0.000,0,0,,2,0,false,low,2,irrelevant_only,,ashby,The Exploration Company,
ashby,treeswift,Treeswift,auto,2026-04-15T13:59:13.234Z,2026-04-15T13:59:13.234Z,11,1,0,1,9,0,1,false,0.091,0,0,2026-04-15T13:59:13.234Z,0,0,false,low,2,productive,,ashby,Treeswift,
ashby,tycho-ai,Tycho Ai,auto,2026-04-15T13:59:14.480Z,2026-04-15T13:59:14.480Z,7,5,0,5,2,0,0,false,0.714,0,0,2026-04-15T13:59:14.480Z,0,0,false,high,1,productive,,ashby,Tycho Ai,
ashby,unitxlabs,Unitxlabs,auto,2026-04-15T13:59:14.993Z,2026-04-15T13:59:14.993Z,9,1,0,1,7,0,1,false,0.111,0,0,2026-04-15T13:59:14.993Z,0,0,false,medium,1,productive,,ashby,Unitxlabs,
ashby,upvest,Upvest,auto,2026-04-15T13:59:16.075Z,2026-04-15T13:59:16.075Z,30,0,0,0,24,0,6,false,0.000,0,0,,2,0,false,low,2,irrelevant_only,,ashby,Upvest,
ashby,vanta,Vanta,auto,2026-04-15T13:59:16.446Z,2026-04-15T13:59:16.446Z,163,0,0,0,100,0,63,false,0.000,0,0,,2,0,false,low,2,irrelevant_only,,ashby,Vanta,
ashby,venn,Venn,auto,2026-04-15T13:59:17.192Z,2026-04-15T13:59:17.192Z,12,0,0,0,12,0,0,false,0.000,0,0,,2,0,false,low,2,irrelevant_only,,ashby,Venn,
ashby,Verne Robotics,Verne Robotics,auto,2026-04-15T13:59:17.692Z,2026-04-15T13:59:17.692Z,4,0,0,0,4,0,0,false,0.000,0,0,,2,0,false,low,2,irrelevant_only,,ashby,Verne Robotics,
ashby,voxel,Voxel,auto,2026-04-15T13:59:18.521Z,2026-04-15T13:59:18.521Z,9,0,0,0,9,0,0,false,0.000,0,0,,2,0,false,low,2,irrelevant_only,,ashby,Voxel,
ashby,voyant-photonics,Voyant Photonics,auto,2026-04-15T13:59:20.249Z,2026-04-15T13:59:20.249Z,22,5,0,5,2,0,15,false,0.227,0,0,2026-04-15T13:59:20.249Z,0,0,false,medium,1,productive,,ashby,Voyant Photonics,
ashby,watneyrobotics,Watneyrobotics,auto,2026-04-15T13:59:20.487Z,2026-04-15T13:59:20.487Z,8,0,0,0,0,0,8,false,0.000,0,0,,2,0,false,low,2,old_only,,ashby,Watneyrobotics,
ashby,witnessai,Witnessai,auto,2026-04-15T13:59:21.183Z,2026-04-15T13:59:21.183Z,4,0,0,0,4,0,0,false,0.000,0,0,,2,0,false,low,2,irrelevant_only,,ashby,Witnessai,
ashby,xbowcareers,Xbowcareers,auto,2026-04-15T13:59:21.380Z,2026-04-15T13:59:21.380Z,36,0,0,0,36,0,0,false,0.000,0,0,,2,0,false,low,2,irrelevant_only,,ashby,Xbowcareers,
ashby,yumaai,Yumaai,auto,2026-04-15T13:59:21.501Z,2026-04-15T13:59:21.501Z,4,0,0,0,0,0,4,false,0.000,0,0,,2,0,false,low,2,old_only,,ashby,Yumaai,
ashby,zauber,Zauber,auto,2026-04-15T13:59:21.713Z,2026-04-15T13:59:21.713Z,7,0,0,0,3,0,4,false,0.000,0,0,,2,0,false,low,2,irrelevant_only,,ashby,Zauber,
ashby,zefir,Zefir,auto,2026-04-15T13:59:21.938Z,2026-04-15T13:59:21.938Z,19,0,0,0,10,0,9,false,0.000,0,0,,2,0,false,low,2,irrelevant_only,,ashby,Zefir,
ashby,zydro,Zydro,auto,2026-04-15T13:59:22.267Z,2026-04-15T13:59:22.267Z,1,0,0,0,0,0,1,false,0.000,0,0,,2,0,false,low,2,old_only,,ashby,Zydro,
ashby,zyphra,Zyphra,auto,2026-04-15T13:59:22.493Z,2026-04-15T13:59:22.493Z,14,0,0,0,14,0,0,false,0.000,0,0,,2,0,false,low,2,irrelevant_only,,ashby,Zyphra,
greenhouse,24hourhomecare,24hourhomecare,auto,2026-04-15T13:59:22.947Z,2026-04-15T13:59:22.947Z,33,0,0,0,33,0,0,false,0.000,0,0,,2,0,false,low,2,irrelevant_only,,greenhouse,24hourhomecare,
greenhouse,aevexaerospace,Aevexaerospace,auto,2026-04-15T13:59:26.436Z,2026-04-15T13:59:26.436Z,114,32,0,32,82,0,0,false,0.281,0,0,2026-04-15T13:59:26.436Z,0,0,false,medium,1,productive,,greenhouse,Aevexaerospace,
greenhouse,agilityrobotics,Agilityrobotics,auto,2026-04-15T13:59:26.724Z,2026-04-15T13:59:26.724Z,47,0,0,0,47,0,0,false,0.000,0,0,,2,0,false,low,2,irrelevant_only,,greenhouse,Agilityrobotics,
greenhouse,alpineeagle,Alpineeagle,auto,2026-04-15T13:59:28.425Z,2026-04-15T13:59:28.425Z,17,17,0,17,0,0,0,false,1.000,0,0,2026-04-15T13:59:28.425Z,0,0,false,high,1,productive,,greenhouse,Alpineeagle,
greenhouse,altentechnologyusa,Altentechnologyusa,auto,2026-04-15T13:59:29.240Z,2026-04-15T13:59:29.240Z,139,3,0,3,136,0,0,false,0.022,0,0,2026-04-15T13:59:29.240Z,0,0,false,low,2,productive,,greenhouse,Altentechnologyusa,
greenhouse,andurilindustries,Anduril,auto,2026-04-15T14:00:32.132Z,2026-04-15T14:00:32.132Z,1829,389,4,385,1440,0,0,false,0.213,0,0,2026-04-15T14:00:32.132Z,0,0,false,medium,1,productive,,greenhouse,Anduril,[object Map]
greenhouse,appliedintuition,Appliedintuition,auto,2026-04-15T14:00:37.798Z,2026-04-15T14:00:37.798Z,195,8,2,6,187,0,0,false,0.041,0,0,2026-04-15T14:00:37.798Z,0,0,false,low,2,productive,,greenhouse,Appliedintuition,[object Map]
greenhouse,apptronik,Apptronik,auto,2026-04-15T14:00:38.198Z,2026-04-15T14:00:38.198Z,52,0,0,0,52,0,0,false,0.000,0,0,,2,0,false,low,2,irrelevant_only,,greenhouse,Apptronik,
greenhouse,arxroboticsgmbh,Arxroboticsgmbh,auto,2026-04-15T14:00:40.481Z,2026-04-15T14:00:40.481Z,29,24,0,24,5,0,0,false,0.828,0,0,2026-04-15T14:00:40.481Z,0,0,false,high,1,productive,,greenhouse,Arxroboticsgmbh,
greenhouse,attorneysfriedfrankharrisshriverjacobsonllp,Attorneysfriedfrankharrisshriverjacobsonllp,auto,2026-04-15T14:00:40.684Z,2026-04-15T14:00:40.684Z,13,0,0,0,13,0,0,false,0.000,0,0,,2,0,false,low,2,irrelevant_only,,greenhouse,Attorneysfriedfrankharrisshriverjacobsonllp,
greenhouse,aurorainnovation,Aurorainnovation,auto,2026-04-15T14:00:42.235Z,2026-04-15T14:00:42.235Z,173,8,0,8,165,0,0,false,0.046,0,0,2026-04-15T14:00:42.235Z,0,0,false,low,2,productive,,greenhouse,Aurorainnovation,
greenhouse,axogen,Axogen,auto,2026-04-15T14:00:42.542Z,2026-04-15T14:00:42.542Z,23,0,0,0,23,0,0,false,0.000,0,0,,2,0,false,low,2,irrelevant_only,,greenhouse,Axogen,
greenhouse,axon,Axon,auto,2026-04-15T14:00:49.934Z,2026-04-15T14:00:49.934Z,520,50,0,50,470,0,0,false,0.096,0,0,2026-04-15T14:00:49.934Z,0,0,false,low,2,productive,,greenhouse,Axon,
greenhouse,botauto,Botauto,auto,2026-04-15T14:00:50.214Z,2026-04-15T14:00:50.214Z,17,0,0,0,13,0,4,false,0.000,0,0,,2,0,false,low,2,irrelevant_only,,greenhouse,Botauto,
greenhouse,brightai,Brightai,auto,2026-04-15T14:00:50.673Z,2026-04-15T14:00:50.673Z,10,3,0,3,4,0,3,false,0.300,0,0,2026-04-15T14:00:50.673Z,0,0,false,medium,1,productive,,greenhouse,Brightai,
greenhouse,coalition,Coalition,auto,2026-04-15T14:00:51.003Z,2026-04-15T14:00:51.003Z,25,0,0,0,25,0,0,false,0.000,0,0,,2,0,false,low,2,irrelevant_only,,greenhouse,Coalition,
greenhouse,codalinc,Codalinc,auto,2026-04-15T14:00:51.542Z,2026-04-15T14:00:51.542Z,23,0,0,0,23,0,0,false,0.000,0,0,,2,0,false,low,2,irrelevant_only,,greenhouse,Codalinc,
greenhouse,corelight,Corelight,auto,2026-04-15T14:00:51.810Z,2026-04-15T14:00:51.810Z,33,0,0,0,33,0,0,false,0.000,0,0,,2,0,false,low,2,irrelevant_only,,greenhouse,Corelight,
greenhouse,coreweaveu,Coreweaveu,auto,2026-04-15T14:00:52.212Z,2026-04-15T14:00:52.212Z,38,0,0,0,38,0,0,false,0.000,0,0,,2,0,false,low,2,irrelevant_only,,greenhouse,Coreweaveu,
greenhouse,cti,Cti,auto,2026-04-15T14:00:52.348Z,2026-04-15T14:00:52.348Z,0,0,0,0,0,0,0,false,0.000,8,0,,2,0,false,dead,999,empty,,greenhouse,Cti,
greenhouse,cyware,Cyware,auto,2026-04-15T14:00:52.560Z,2026-04-15T14:00:52.560Z,0,0,0,0,0,0,0,false,0.000,3,0,,2,0,false,dead,999,empty,,greenhouse,Cyware,
greenhouse,density,Density,auto,2026-04-15T14:00:52.692Z,,0,0,0,0,0,0,0,true,0.000,0,8,,2,2,false,low,2,fetch_failed,Greenhouse Density failed: 404,greenhouse,Density,
greenhouse,dropbox,Dropbox,auto,2026-04-15T14:00:53.213Z,2026-04-15T14:00:53.213Z,106,0,0,0,106,0,0,false,0.000,0,0,,2,0,false,low,2,irrelevant_only,,greenhouse,Dropbox,
greenhouse,ebury,Ebury,auto,2026-04-15T14:00:53.983Z,2026-04-15T14:00:53.983Z,248,0,0,0,248,0,0,false,0.000,0,0,,2,0,false,low,2,irrelevant_only,,greenhouse,Ebury,
greenhouse,eositsolutions,Eositsolutions,auto,2026-04-15T14:00:54.485Z,2026-04-15T14:00:54.485Z,136,0,0,0,136,0,0,false,0.000,0,0,,2,0,false,low,2,irrelevant_only,,greenhouse,Eositsolutions,
greenhouse,flyzipline,Zipline,auto,2026-04-15T14:01:17.785Z,2026-04-15T14:01:17.785Z,190,177,3,174,13,0,0,false,0.932,0,0,2026-04-15T14:01:17.785Z,0,0,false,high,1,productive,,greenhouse,Zipline,[object Map]
greenhouse,freedomofthepressfoundation,Freedomofthepressfoundation,auto,2026-04-15T14:01:18.051Z,,0,0,0,0,0,0,0,true,0.000,0,8,,2,2,false,low,2,fetch_failed,Greenhouse Freedomofthepressfoundation failed: 404,greenhouse,Freedomofthepressfoundation,
greenhouse,gatherai,Gatherai,auto,2026-04-15T14:01:20.941Z,2026-04-15T14:01:20.941Z,28,25,0,25,3,0,0,false,0.893,0,0,2026-04-15T14:01:20.941Z,0,0,false,high,1,productive,,greenhouse,Gatherai,
greenhouse,gatikaiinc,Gatikaiinc,auto,2026-04-15T14:01:26.477Z,2026-04-15T14:01:26.477Z,60,47,0,47,13,0,0,false,0.783,0,0,2026-04-15T14:01:26.477Z,0,0,false,high,1,productive,,greenhouse,Gatikaiinc,
greenhouse,glydways,Glydways,auto,2026-04-15T14:01:33.318Z,2026-04-15T14:01:33.318Z,23,0,0,0,23,0,0,false,0.000,0,0,,2,0,false,low,2,irrelevant_only,,greenhouse,Glydways,
greenhouse,goodman,Goodman,auto,2026-04-15T14:01:33.667Z,2026-04-15T14:01:33.667Z,28,0,0,0,20,0,8,false,0.000,0,0,,2,0,false,low,2,irrelevant_only,,greenhouse,Goodman,
greenhouse,hatchcareers,Hatchcareers,auto,2026-04-15T14:01:33.860Z,2026-04-15T14:01:33.860Z,3,0,0,0,2,0,1,false,0.000,0,0,,2,0,false,low,2,irrelevant_only,,greenhouse,Hatchcareers,
greenhouse,indiecampers,Indiecampers,auto,2026-04-15T14:01:37.601Z,2026-04-15T14:01:37.601Z,828,5,0,5,823,0,0,false,0.006,0,0,2026-04-15T14:01:37.601Z,0,0,false,low,2,productive,,greenhouse,Indiecampers,
greenhouse,intrinsicrobotics,Intrinsicrobotics,auto,2026-04-15T14:01:37.874Z,2026-04-15T14:01:37.874Z,31,0,0,0,31,0,0,false,0.000,0,0,,2,0,false,low,2,irrelevant_only,,greenhouse,Intrinsicrobotics,
greenhouse,isaraerospace,Isaraerospace,auto,2026-04-15T14:01:38.297Z,2026-04-15T14:01:38.297Z,88,0,0,0,88,0,0,false,0.000,0,0,,2,0,false,low,2,irrelevant_only,,greenhouse,Isaraerospace,
greenhouse,k2spacecorporation,K2spacecorporation,auto,2026-04-15T14:01:38.840Z,2026-04-15T14:01:38.840Z,136,0,0,0,100,0,36,false,0.000,0,0,,2,0,false,low,2,irrelevant_only,,greenhouse,K2spacecorporation,
greenhouse,kao,Kao,auto,2026-04-15T14:01:39.205Z,2026-04-15T14:01:39.205Z,52,0,0,0,44,0,8,false,0.000,0,0,,2,0,false,low,2,irrelevant_only,,greenhouse,Kao,
greenhouse,leolabsinc,Leolabsinc,auto,2026-04-15T14:01:39.467Z,2026-04-15T14:01:39.467Z,18,0,0,0,18,0,0,false,0.000,0,0,,2,0,false,low,2,irrelevant_only,,greenhouse,Leolabsinc,
greenhouse,locusrobotics,Locusrobotics,auto,2026-04-15T14:01:39.700Z,2026-04-15T14:01:39.700Z,21,0,0,0,20,0,1,false,0.000,0,0,,2,0,false,low,2,irrelevant_only,,greenhouse,Locusrobotics,
greenhouse,make,Make,auto,2026-04-15T14:01:39.931Z,2026-04-15T14:01:39.931Z,10,0,0,0,10,0,0,false,0.000,0,0,,2,0,false,low,2,irrelevant_only,,greenhouse,Make,
greenhouse,manticoregames,Manticoregames,auto,2026-04-15T14:01:40.061Z,2026-04-15T14:01:40.061Z,0,0,0,0,0,0,0,false,0.000,8,0,,2,0,false,dead,999,empty,,greenhouse,Manticoregames,
greenhouse,mongodb,Mongodb,auto,2026-04-15T14:01:41.397Z,2026-04-15T14:01:41.397Z,415,2,0,2,413,0,0,false,0.005,0,0,2026-04-15T14:01:41.397Z,0,0,false,low,2,productive,,greenhouse,Mongodb,
greenhouse,morsecorp,Morsecorp,auto,2026-04-15T14:01:42.086Z,2026-04-15T14:01:42.086Z,33,5,0,5,12,0,16,false,0.152,0,0,2026-04-15T14:01:42.086Z,0,0,false,medium,1,productive,,greenhouse,Morsecorp,
greenhouse,msgentertainmentholdingsllc,Msgentertainmentholdingsllc,auto,2026-04-15T14:01:42.575Z,2026-04-15T14:01:42.575Z,56,0,0,0,56,0,0,false,0.000,0,0,,2,0,false,low,2,irrelevant_only,,greenhouse,Msgentertainmentholdingsllc,
greenhouse,nooks,Nooks,auto,2026-04-15T14:01:42.817Z,2026-04-15T14:01:42.817Z,16,0,0,0,16,0,0,false,0.000,0,0,,2,0,false,low,2,irrelevant_only,,greenhouse,Nooks,
greenhouse,ocadogroup,Ocadogroup,auto,2026-04-15T14:01:43.275Z,2026-04-15T14:01:43.275Z,68,0,0,0,68,0,0,false,0.000,0,0,,2,0,false,low,2,irrelevant_only,,greenhouse,Ocadogroup,
greenhouse,opensesame,Opensesame,auto,2026-04-15T14:01:43.516Z,2026-04-15T14:01:43.516Z,14,0,0,0,14,0,0,false,0.000,0,0,,2,0,false,low,2,irrelevant_only,,greenhouse,Opensesame,
greenhouse,openzeppelin,Openzeppelin,auto,2026-04-15T14:01:43.714Z,2026-04-15T14:01:43.714Z,2,0,0,0,2,0,0,false,0.000,0,0,,2,0,false,low,2,irrelevant_only,,greenhouse,Openzeppelin,
greenhouse,outpostspace,Outpostspace,auto,2026-04-15T14:01:43.972Z,2026-04-15T14:01:43.972Z,19,0,0,0,19,0,0,false,0.000,0,0,,2,0,false,low,2,irrelevant_only,,greenhouse,Outpostspace,
greenhouse,owkin,Owkin,auto,2026-04-15T14:01:44.533Z,2026-04-15T14:01:44.533Z,0,0,0,0,0,0,0,false,0.000,8,0,,2,0,false,dead,999,empty,,greenhouse,Owkin,
greenhouse,pathai,Pathai,auto,2026-04-15T14:01:44.780Z,2026-04-15T14:01:44.780Z,11,0,0,0,10,0,1,false,0.000,0,0,,2,0,false,low,2,irrelevant_only,,greenhouse,Pathai,
greenhouse,peakenergy,Peakenergy,auto,2026-04-15T14:01:45.081Z,2026-04-15T14:01:45.081Z,36,0,0,0,35,0,1,false,0.000,0,0,,2,0,false,low,2,irrelevant_only,,greenhouse,Peakenergy,
greenhouse,phdata,Phdata,auto,2026-04-15T14:01:45.392Z,2026-04-15T14:01:45.392Z,42,0,0,0,42,0,0,false,0.000,0,0,,2,0,false,low,2,irrelevant_only,,greenhouse,Phdata,
greenhouse,prenuvo,Prenuvo,auto,2026-04-15T14:01:47.002Z,2026-04-15T14:01:47.002Z,47,0,0,0,47,0,0,false,0.000,0,0,,2,0,false,low,2,irrelevant_only,,greenhouse,Prenuvo,
greenhouse,purposemed,Purposemed,auto,2026-04-15T14:01:47.242Z,2026-04-15T14:01:47.242Z,13,0,0,0,13,0,0,false,0.000,0,0,,2,0,false,low,2,irrelevant_only,,greenhouse,Purposemed,
greenhouse,relativity,Relativity,auto,2026-04-15T14:01:48.143Z,2026-04-15T14:01:48.143Z,294,0,0,0,294,0,0,false,0.000,0,0,,2,0,false,low,2,irrelevant_only,,greenhouse,Relativity,
greenhouse,ridgeline,Ridgeline,auto,2026-04-15T14:01:48.520Z,2026-04-15T14:01:48.520Z,60,0,0,0,60,0,0,false,0.000,0,0,,2,0,false,low,2,irrelevant_only,,greenhouse,Ridgeline,
greenhouse,rvi,Rvi,auto,2026-04-15T14:01:48.867Z,2026-04-15T14:01:48.867Z,12,1,0,1,11,0,0,false,0.083,0,0,2026-04-15T14:01:48.867Z,0,0,false,low,2,productive,,greenhouse,Rvi,
greenhouse,salsify,Salsify,auto,2026-04-15T14:01:49.190Z,2026-04-15T14:01:49.190Z,16,0,0,0,16,0,0,false,0.000,0,0,,2,0,false,low,2,irrelevant_only,,greenhouse,Salsify,
greenhouse,saltsecurity,Saltsecurity,auto,2026-04-15T14:01:49.399Z,2026-04-15T14:01:49.399Z,5,0,0,0,3,0,2,false,0.000,0,0,,2,0,false,low,2,irrelevant_only,,greenhouse,Saltsecurity,
greenhouse,samsara,Samsara,auto,2026-04-15T14:01:52.800Z,2026-04-15T14:01:52.800Z,390,0,0,0,390,0,0,false,0.000,0,0,,2,0,false,low,2,irrelevant_only,,greenhouse,Samsara,
greenhouse,sesai,Sesai,auto,2026-04-15T14:01:54.748Z,2026-04-15T14:01:54.748Z,53,16,0,16,37,0,0,false,0.302,0,0,2026-04-15T14:01:54.748Z,0,0,false,medium,1,productive,,greenhouse,Sesai,
greenhouse,skylotechnologies,Skylotechnologies,auto,2026-04-15T14:01:55.087Z,2026-04-15T14:01:55.087Z,30,0,0,0,30,0,0,false,0.000,0,0,,2,0,false,low,2,irrelevant_only,,greenhouse,Skylotechnologies,
greenhouse,slice,Slice,auto,2026-04-15T14:01:55.359Z,2026-04-15T14:01:55.359Z,51,0,0,0,51,0,0,false,0.000,0,0,,2,0,false,low,2,irrelevant_only,,greenhouse,Slice,
greenhouse,smartwarehousing,Smartwarehousing,auto,2026-04-15T14:01:55.608Z,2026-04-15T14:01:55.608Z,11,0,0,0,11,0,0,false,0.000,0,0,,2,0,false,low,2,irrelevant_only,,greenhouse,Smartwarehousing,
greenhouse,spacex,Spacex,auto,2026-04-15T14:02:03.839Z,2026-04-15T14:02:03.839Z,1553,3,0,3,1550,0,0,false,0.002,0,0,2026-04-15T14:02:03.839Z,0,0,false,low,2,productive,,greenhouse,Spacex,
greenhouse,tetra,Tetra,auto,2026-04-15T14:02:04.087Z,2026-04-15T14:02:04.087Z,3,0,0,0,0,0,3,false,0.000,0,0,,2,0,false,low,2,old_only,,greenhouse,Tetra,
greenhouse,thenuclearcompany,Thenuclearcompany,auto,2026-04-15T14:02:04.453Z,2026-04-15T14:02:04.453Z,34,0,0,0,34,0,0,false,0.000,0,0,,2,0,false,low,2,irrelevant_only,,greenhouse,Thenuclearcompany,
greenhouse,togetherwork,Togetherwork,auto,2026-04-15T14:02:04.929Z,2026-04-15T14:02:04.929Z,49,0,0,0,49,0,0,false,0.000,0,0,,2,0,false,low,2,irrelevant_only,,greenhouse,Togetherwork,
greenhouse,trueanomalyinc,Trueanomalyinc,auto,2026-04-15T14:02:05.682Z,2026-04-15T14:02:05.682Z,165,1,0,1,164,0,0,false,0.006,0,0,2026-04-15T14:02:05.682Z,0,0,false,low,2,productive,,greenhouse,Trueanomalyinc,
greenhouse,umojabiopharma,Umojabiopharma,auto,2026-04-15T14:02:05.924Z,2026-04-15T14:02:05.924Z,18,0,0,0,18,0,0,false,0.000,0,0,,2,0,false,low,2,irrelevant_only,,greenhouse,Umojabiopharma,
greenhouse,vatnsystems,Vatnsystems,auto,2026-04-15T14:02:06.260Z,2026-04-15T14:02:06.260Z,17,1,0,1,16,0,0,false,0.059,0,0,2026-04-15T14:02:06.260Z,0,0,false,low,2,productive,,greenhouse,Vatnsystems,
greenhouse,veracode,Veracode,auto,2026-04-15T14:02:06.528Z,2026-04-15T14:02:06.528Z,28,0,0,0,27,0,1,false,0.000,0,0,,2,0,false,low,2,irrelevant_only,,greenhouse,Veracode,
greenhouse,veriff,Veriff,auto,2026-04-15T14:02:06.787Z,2026-04-15T14:02:06.787Z,26,0,0,0,26,0,0,false,0.000,0,0,,2,0,false,low,2,irrelevant_only,,greenhouse,Veriff,
greenhouse,vrmnjretina,Vrmnjretina,auto,2026-04-15T14:02:06.986Z,2026-04-15T14:02:06.986Z,4,0,0,0,4,0,0,false,0.000,0,0,,2,0,false,low,2,irrelevant_only,,greenhouse,Vrmnjretina,
greenhouse,wavexr,Wavexr,auto,2026-04-15T14:02:07.116Z,,0,0,0,0,0,0,0,true,0.000,0,8,,2,2,false,low,2,fetch_failed,Greenhouse Wavexr failed: 404,greenhouse,Wavexr,
greenhouse,wizeline,Wizeline,auto,2026-04-15T14:02:07.498Z,2026-04-15T14:02:07.498Z,60,0,0,0,49,0,11,false,0.000,0,0,,2,0,false,low,2,irrelevant_only,,greenhouse,Wizeline,
greenhouse,woolpert,Woolpert,auto,2026-04-15T14:02:08.292Z,2026-04-15T14:02:08.292Z,111,1,0,1,110,0,0,false,0.009,0,0,2026-04-15T14:02:08.292Z,0,0,false,low,2,productive,,greenhouse,Woolpert,
greenhouse,zone5technologies,Zone5technologies,auto,2026-04-15T14:02:14.904Z,2026-04-15T14:02:14.904Z,71,70,0,70,1,0,0,false,0.986,0,0,2026-04-15T14:02:14.904Z,0,0,false,high,1,productive,,greenhouse,Zone5technologies,[object Map]
lever,360learning,360learning,auto,2026-04-15T14:02:18.493Z,2026-04-15T14:02:18.493Z,39,0,0,0,15,0,24,false,0.000,0,0,,2,0,false,low,2,irrelevant_only,,lever,360learning,
lever,90seconds,90seconds,auto,2026-04-15T14:02:20.532Z,2026-04-15T14:02:20.532Z,5,0,0,0,1,0,4,false,0.000,0,0,,2,0,false,low,2,irrelevant_only,,lever,90seconds,
lever,achievers,Achievers,auto,2026-04-15T14:02:32.434Z,2026-04-15T14:02:32.434Z,18,1,0,1,13,0,4,false,0.056,0,0,2026-04-15T14:02:32.434Z,0,0,false,low,2,productive,,lever,Achievers,
lever,aeva,Aeva,auto,2026-04-15T14:02:45.501Z,2026-04-15T14:02:45.501Z,38,0,0,0,14,0,24,false,0.000,0,0,,2,0,false,low,2,irrelevant_only,,lever,Aeva,
lever,Agerpoint,Agerpoint,auto,2026-04-15T14:02:49.450Z,2026-04-15T14:02:49.450Z,1,0,0,0,0,0,1,false,0.000,0,0,,2,0,false,low,2,old_only,,lever,Agerpoint,
lever,ajax,Ajax,auto,2026-04-15T14:02:53.510Z,2026-04-15T14:02:53.510Z,233,0,0,0,146,0,87,false,0.000,0,0,,2,0,false,low,2,irrelevant_only,,lever,Ajax,
lever,aleph,Aleph,auto,2026-04-15T14:02:56.546Z,2026-04-15T14:02:56.546Z,99,0,0,0,69,0,30,false,0.000,0,0,,2,0,false,low,2,irrelevant_only,,lever,Aleph,
lever,anavationllc,Anavationllc,auto,2026-04-15T14:03:20.644Z,2026-04-15T14:03:20.644Z,44,0,0,0,31,0,13,false,0.000,0,0,,2,0,false,low,2,irrelevant_only,,lever,Anavationllc,
lever,anybotics,Anybotics,auto,2026-04-15T14:03:25.062Z,2026-04-15T14:03:25.062Z,22,1,0,1,11,0,10,false,0.045,0,0,2026-04-15T14:03:25.062Z,0,0,false,low,2,productive,,lever,Anybotics,
lever,applydigital,Applydigital,auto,2026-04-15T14:03:27.828Z,2026-04-15T14:03:27.828Z,39,0,0,0,26,0,13,false,0.000,0,0,,2,0,false,low,2,irrelevant_only,,lever,Applydigital,
lever,aquabyte,Aquabyte,auto,2026-04-15T14:03:38.884Z,2026-04-15T14:03:38.884Z,14,0,0,0,8,0,6,false,0.000,0,0,,2,0,false,low,2,irrelevant_only,,lever,Aquabyte,
lever,arraylabs.io,Arraylabs.Io,auto,2026-04-15T14:03:45.866Z,2026-04-15T14:03:45.866Z,27,0,0,0,15,0,12,false,0.000,0,0,,2,0,false,low,2,irrelevant_only,,lever,Arraylabs.Io,
lever,audinate,Audinate,auto,2026-04-15T14:03:46.244Z,2026-04-15T14:03:46.244Z,2,1,0,1,1,0,0,false,0.500,0,0,2026-04-15T14:03:46.244Z,0,0,false,high,1,productive,,lever,Audinate,
lever,autoroboto,Autoroboto,auto,2026-04-15T14:03:56.852Z,2026-04-15T14:03:56.852Z,11,0,0,0,0,0,11,false,0.000,0,0,,2,0,false,low,2,old_only,,lever,Autoroboto,
lever,beta,Beta,auto,2026-04-15T14:04:07.345Z,2026-04-15T14:04:07.345Z,0,0,0,0,0,0,0,false,0.000,3,0,,2,0,false,dead,999,empty,,lever,Beta,
lever,boxbot,Boxbot,auto,2026-04-15T14:04:10.087Z,2026-04-15T14:04:10.087Z,6,0,0,0,0,0,6,false,0.000,0,0,,2,0,false,low,2,old_only,,lever,Boxbot,
lever,brightmachines,Brightmachines,auto,2026-04-15T14:04:18.439Z,2026-04-15T14:04:18.439Z,26,0,0,0,26,0,0,false,0.000,0,0,,2,0,false,low,2,irrelevant_only,,lever,Brightmachines,
lever,c12qe,C12qe,auto,2026-04-15T14:04:26.194Z,2026-04-15T14:04:26.194Z,8,0,0,0,7,0,1,false,0.000,0,0,,2,0,false,low,2,irrelevant_only,,lever,C12qe,
lever,cabonorte,Cabonorte,auto,2026-04-15T14:04:31.671Z,2026-04-15T14:04:31.671Z,69,2,0,2,32,0,35,false,0.029,0,0,2026-04-15T14:04:31.671Z,0,0,false,low,2,productive,,lever,Cabonorte,
lever,capstan-medical,Capstan Medical,auto,2026-04-15T14:04:41.975Z,2026-04-15T14:04:41.975Z,23,1,0,1,22,0,0,false,0.043,0,0,2026-04-15T14:04:41.975Z,0,0,false,low,2,productive,,lever,Capstan Medical,
lever,cdcfoundation,Cdcfoundation,auto,2026-04-15T14:04:50.561Z,2026-04-15T14:04:50.561Z,28,0,0,0,25,0,3,false,0.000,0,0,,2,0,false,low,2,irrelevant_only,,lever,Cdcfoundation,
lever,CesiumAstro,CesiumAstro,auto,2026-04-15T14:05:01.591Z,2026-04-15T14:05:01.591Z,189,0,0,0,126,0,63,false,0.000,0,0,,2,0,false,low,2,irrelevant_only,,lever,CesiumAstro,
lever,ChefRobotics,ChefRobotics,auto,2026-04-15T14:05:02.512Z,2026-04-15T14:05:02.512Z,14,0,0,0,5,0,9,false,0.000,0,0,,2,0,false,low,2,irrelevant_only,,lever,ChefRobotics,
lever,CollectlyInc,CollectlyInc,auto,2026-04-15T14:05:03.696Z,2026-04-15T14:05:03.696Z,11,0,0,0,8,0,3,false,0.000,0,0,,2,0,false,low,2,irrelevant_only,,lever,CollectlyInc,
lever,CordTechnologies,CordTechnologies,auto,2026-04-15T14:05:12.666Z,2026-04-15T14:05:12.666Z,68,1,0,1,32,0,35,false,0.015,0,0,2026-04-15T14:05:12.666Z,0,0,false,low,2,productive,,lever,CordTechnologies,
lever,cx2,Cx2,auto,2026-04-15T14:05:25.472Z,2026-04-15T14:05:25.472Z,10,4,0,4,6,0,0,false,0.400,0,0,2026-04-15T14:05:25.472Z,0,0,false,medium,1,productive,,lever,Cx2,[object Map]
lever,cyngn,Cyngn,auto,2026-04-15T14:05:34.294Z,2026-04-15T14:05:34.294Z,12,0,0,0,6,0,6,false,0.000,0,0,,2,0,false,low,2,irrelevant_only,,lever,Cyngn,
lever,d-fendsolutions,D-Fend Solutions,auto,2026-04-15T14:05:41.002Z,2026-04-15T14:05:41.002Z,35,20,1,19,2,0,13,false,0.571,0,0,2026-04-15T14:05:41.002Z,0,0,false,high,1,productive,,lever,D-Fend Solutions,[object Map]
lever,daedalean,Daedalean,auto,2026-04-15T14:05:41.645Z,2026-04-15T14:05:41.645Z,8,0,0,0,0,0,8,false,0.000,0,0,,2,0,false,low,2,old_only,,lever,Daedalean,
lever,daniels-sharpsmart,Daniels Sharpsmart,auto,2026-04-15T14:05:54.092Z,2026-04-15T14:05:54.092Z,217,0,0,0,176,0,41,false,0.000,0,0,,2,0,false,low,2,irrelevant_only,,lever,Daniels Sharpsmart,
lever,danti.ai,Danti.Ai,auto,2026-04-15T14:05:54.409Z,2026-04-15T14:05:54.409Z,1,0,0,0,0,0,1,false,0.000,0,0,,2,0,false,low,2,old_only,,lever,Danti.Ai,
lever,dexterity,Dexterity,auto,2026-04-15T14:05:56.501Z,2026-04-15T14:05:56.501Z,26,0,0,0,4,0,22,false,0.000,0,0,,2,0,false,low,2,irrelevant_only,,lever,Dexterity,
lever,dronedeploy,DroneDeploy,auto,2026-04-15T14:05:59.652Z,2026-04-15T14:05:59.652Z,11,9,0,9,0,0,2,false,0.818,0,0,2026-04-15T14:05:59.652Z,0,0,false,high,1,productive,,lever,DroneDeploy,
lever,dronesense,Dronesense,auto,2026-04-15T14:06:32.626Z,2026-04-15T14:06:32.626Z,0,0,0,0,0,0,0,false,0.000,8,0,,2,0,false,dead,999,empty,,lever,Dronesense,
lever,easypost-2,Easypost 2,auto,2026-04-15T14:06:34.164Z,2026-04-15T14:06:34.164Z,7,0,0,0,5,0,2,false,0.000,0,0,,2,0,false,low,2,irrelevant_only,,lever,Easypost 2,
lever,education-services,Education Services,auto,2026-04-15T14:06:34.381Z,2026-04-15T14:06:34.381Z,0,0,0,0,0,0,0,false,0.000,8,0,,2,0,false,dead,999,empty,,lever,Education Services,
lever,ekohealth,Ekohealth,auto,2026-04-15T14:06:35.187Z,2026-04-15T14:06:35.187Z,13,0,0,0,10,0,3,false,0.000,0,0,,2,0,false,low,2,irrelevant_only,,lever,Ekohealth,
lever,elroyair,Elroyair,auto,2026-04-15T14:06:42.440Z,2026-04-15T14:06:42.440Z,3,0,0,0,0,0,3,false,0.000,0,0,,2,0,false,low,2,old_only,,lever,Elroyair,
lever,Emesent,Emesent,auto,2026-04-15T14:06:44.656Z,2026-04-15T14:06:44.656Z,10,1,0,1,6,0,3,false,0.100,0,0,2026-04-15T14:06:44.656Z,0,0,false,medium,1,productive,,lever,Emesent,
lever,espace,Espace,auto,2026-04-15T14:06:48.135Z,2026-04-15T14:06:48.135Z,94,0,0,0,36,0,58,false,0.000,0,0,,2,0,false,low,2,irrelevant_only,,lever,Espace,
lever,field-ai,Field AI,auto,2026-04-15T14:06:50.363Z,2026-04-15T14:06:50.363Z,69,1,0,1,40,0,28,false,0.014,0,0,2026-04-15T14:06:50.363Z,0,0,false,low,2,productive,,lever,Field AI,
lever,freedomsolarpower,Freedomsolarpower,auto,2026-04-15T14:06:53.456Z,2026-04-15T14:06:53.456Z,19,2,0,2,10,0,7,false,0.105,0,0,2026-04-15T14:06:53.456Z,0,0,false,medium,1,productive,,lever,Freedomsolarpower,
lever,fuellabs,Fuellabs,auto,2026-04-15T14:06:53.783Z,2026-04-15T14:06:53.783Z,2,0,0,0,0,0,2,false,0.000,0,0,,2,0,false,low,2,old_only,,lever,Fuellabs,
lever,gravisrobotics,Gravisrobotics,auto,2026-04-15T14:06:54.218Z,2026-04-15T14:06:54.218Z,6,0,0,0,3,0,3,false,0.000,0,0,,2,0,false,low,2,irrelevant_only,,lever,Gravisrobotics,
lever,hermeus,Hermeus,auto,2026-04-15T14:06:57.151Z,2026-04-15T14:06:57.151Z,114,4,0,4,56,0,54,false,0.035,0,0,2026-04-15T14:06:57.151Z,0,0,false,low,2,productive,,lever,Hermeus,
lever,humble-robotics,Humble Robotics,auto,2026-04-15T14:06:57.596Z,2026-04-15T14:06:57.596Z,12,0,0,0,11,0,1,false,0.000,0,0,,2,0,false,low,2,irrelevant_only,,lever,Humble Robotics,
lever,hypersonica-prod,Hypersonica Prod,auto,2026-04-15T14:07:05.863Z,2026-04-15T14:07:05.863Z,32,0,0,0,11,0,21,false,0.000,0,0,,2,0,false,low,2,irrelevant_only,,lever,Hypersonica Prod,
lever,influ2,Influ2,auto,2026-04-15T14:07:06.074Z,2026-04-15T14:07:06.074Z,0,0,0,0,0,0,0,false,0.000,8,0,,2,0,false,dead,999,empty,,lever,Influ2,
lever,InteriorMarketingGroup,InteriorMarketingGroup,auto,2026-04-15T14:07:15.543Z,2026-04-15T14:07:15.543Z,18,0,0,0,1,0,17,false,0.000,0,0,,2,0,false,low,2,irrelevant_only,,lever,InteriorMarketingGroup,
lever,ispace-inc,Ispace Inc,auto,2026-04-15T14:07:17.194Z,2026-04-15T14:07:17.194Z,33,0,0,0,16,0,17,false,0.000,0,0,,2,0,false,low,2,irrelevant_only,,lever,Ispace Inc,
lever,jobgether,Jobgether,auto,2026-04-15T14:09:32.374Z,2026-04-14T04:49:04.467Z,0,0,0,0,0,0,0,true,0.000,0,2,,2,2,false,low,2,fetch_failed,This operation was aborted,lever,Jobgether,
lever,kestrel-intelligence,Kestrel Intelligence,auto,2026-04-15T14:09:33.804Z,2026-04-15T14:09:33.804Z,4,0,0,0,2,0,2,false,0.000,0,0,,2,0,false,low,2,irrelevant_only,,lever,Kestrel Intelligence,
lever,latitudeinc,Latitudeinc,auto,2026-04-15T14:09:43.206Z,2026-04-15T14:09:43.206Z,313,0,0,0,194,0,119,false,0.000,0,0,,2,0,false,low,2,irrelevant_only,,lever,Latitudeinc,
lever,longwall,Longwall,auto,2026-04-15T14:09:43.670Z,2026-04-15T14:09:43.670Z,13,0,0,0,3,0,10,false,0.000,0,0,,2,0,false,low,2,irrelevant_only,,lever,Longwall,
lever,ltaresearch,Ltaresearch,auto,2026-04-15T14:09:44.985Z,2026-04-15T14:09:44.985Z,12,2,0,2,7,0,3,false,0.167,0,0,2026-04-15T14:09:44.985Z,0,0,false,medium,1,productive,,lever,Ltaresearch,
lever,MachinaLabs,MachinaLabs,auto,2026-04-15T14:09:57.255Z,2026-04-15T14:09:57.255Z,20,0,0,0,12,0,8,false,0.000,0,0,,2,0,false,low,2,irrelevant_only,,lever,MachinaLabs,
lever,magnet-defense,Magnet Defense,auto,2026-04-15T14:09:57.569Z,2026-04-15T14:09:57.569Z,3,0,0,0,0,0,3,false,0.000,0,0,,2,0,false,low,2,old_only,,lever,Magnet Defense,
lever,make-rain,Make Rain,auto,2026-04-15T14:09:58.430Z,2026-04-15T14:09:58.430Z,10,1,0,1,6,0,3,false,0.100,0,0,2026-04-15T14:09:58.430Z,0,0,false,medium,1,productive,,lever,Make Rain,
lever,MBRDNA,MBRDNA,auto,2026-04-15T14:09:58.769Z,2026-04-15T14:09:58.769Z,4,0,0,0,4,0,0,false,0.000,0,0,,2,0,false,low,2,irrelevant_only,,lever,MBRDNA,
lever,mechanicalorchard,Mechanicalorchard,auto,2026-04-15T14:10:10.818Z,2026-04-15T14:10:10.818Z,16,0,0,0,13,0,3,false,0.000,0,0,,2,0,false,low,2,irrelevant_only,,lever,Mechanicalorchard,
lever,merlinlabs,Merlinlabs,auto,2026-04-15T14:10:11.954Z,2026-04-15T14:10:11.954Z,24,5,0,5,1,0,18,false,0.208,0,0,2026-04-15T14:10:11.954Z,0,0,false,medium,1,productive,,lever,Merlinlabs,
lever,mistral,Mistral,auto,2026-04-15T14:10:15.489Z,2026-04-15T14:10:15.489Z,148,0,0,0,52,0,96,false,0.000,0,0,,2,0,false,low,2,irrelevant_only,,lever,Mistral,
lever,mujininc,Mujininc,auto,2026-04-15T14:10:17.418Z,2026-04-15T14:10:17.418Z,79,0,0,0,40,0,39,false,0.000,0,0,,2,0,false,low,2,irrelevant_only,,lever,Mujininc,
lever,multiplylabs,Multiplylabs,auto,2026-04-15T14:10:18.367Z,2026-04-15T14:10:18.367Z,15,0,0,0,8,0,7,false,0.000,0,0,,2,0,false,low,2,irrelevant_only,,lever,Multiplylabs,
lever,mythic-ai.com,Mythic Ai.Com,auto,2026-04-15T14:10:18.973Z,2026-04-15T14:10:18.973Z,16,1,0,1,3,0,12,false,0.063,0,0,2026-04-15T14:10:18.973Z,0,0,false,low,2,productive,,lever,Mythic Ai.Com,
lever,Nomagic,Nomagic,auto,2026-04-15T14:10:20.515Z,2026-04-15T14:10:20.515Z,27,1,0,1,17,0,9,false,0.037,0,0,2026-04-15T14:10:20.515Z,0,0,false,low,2,productive,,lever,Nomagic,
lever,orbaerospace,Orbaerospace,auto,2026-04-15T14:10:22.898Z,2026-04-15T14:10:22.898Z,17,5,0,5,0,0,12,false,0.294,0,0,2026-04-15T14:10:22.898Z,0,0,false,medium,1,productive,,lever,Orbaerospace,
lever,osaro,Osaro,auto,2026-04-15T14:10:35.898Z,2026-04-15T14:10:35.898Z,9,0,0,0,0,0,9,false,0.000,0,0,,2,0,false,low,2,old_only,,lever,Osaro,
lever,palantir,Palantir,auto,2026-04-15T14:10:42.001Z,2026-04-15T14:10:42.001Z,235,2,0,2,40,0,193,false,0.009,0,0,2026-04-15T14:10:42.001Z,0,0,false,low,2,productive,,lever,Palantir,
lever,paralleldomain,Paralleldomain,auto,2026-04-15T14:10:42.294Z,2026-04-15T14:10:42.294Z,4,0,0,0,2,0,2,false,0.000,0,0,,2,0,false,low,2,irrelevant_only,,lever,Paralleldomain,
lever,peerspace,Peerspace,auto,2026-04-15T14:10:49.915Z,2026-04-15T14:10:49.915Z,1,0,0,0,1,0,0,false,0.000,0,0,,2,0,false,low,2,irrelevant_only,,lever,Peerspace,
lever,perrone-robotics,Perrone Robotics,auto,2026-04-15T14:10:54.971Z,2026-04-15T14:10:54.971Z,2,0,0,0,0,0,2,false,0.000,0,0,,2,0,false,low,2,old_only,,lever,Perrone Robotics,
lever,picklerobot,Picklerobot,auto,2026-04-15T14:11:00.806Z,2026-04-15T14:11:00.806Z,14,0,0,0,6,0,8,false,0.000,0,0,,2,0,false,low,2,irrelevant_only,,lever,Picklerobot,
lever,pivotal,Pivotal,auto,2026-04-15T14:11:02.068Z,2026-04-15T14:11:02.068Z,24,3,0,3,12,0,9,false,0.125,0,0,2026-04-15T14:11:02.068Z,0,0,false,medium,1,productive,,lever,Pivotal,
lever,promiserobotics,Promiserobotics,auto,2026-04-15T14:11:46.515Z,2026-04-15T14:11:46.515Z,4,0,0,0,2,0,2,false,0.000,0,0,,2,0,false,low,2,irrelevant_only,,lever,Promiserobotics,
lever,pyka,Pyka,auto,2026-04-15T14:11:49.339Z,2026-04-15T14:11:49.339Z,12,1,0,1,2,0,9,false,0.083,0,0,2026-04-15T14:11:49.339Z,0,0,false,low,2,productive,,lever,Pyka,
lever,q-ctrl,Q Ctrl,auto,2026-04-15T14:11:49.999Z,2026-04-15T14:11:49.999Z,17,0,0,0,5,0,12,false,0.000,0,0,,2,0,false,low,2,irrelevant_only,,lever,Q Ctrl,
lever,quantumcircuits,Quantumcircuits,auto,2026-04-15T14:11:50.315Z,2026-04-15T14:11:50.315Z,7,0,0,0,0,0,7,false,0.000,0,0,,2,0,false,low,2,old_only,,lever,Quantumcircuits,
lever,RadicalAI,RadicalAI,auto,2026-04-15T14:11:52.831Z,2026-04-15T14:11:52.831Z,13,0,0,0,4,0,9,false,0.000,0,0,,2,0,false,low,2,irrelevant_only,,lever,RadicalAI,
lever,rangeenergy,Rangeenergy,auto,2026-04-15T14:11:58.395Z,2026-04-15T14:11:58.395Z,13,0,0,0,12,0,1,false,0.000,0,0,,2,0,false,low,2,irrelevant_only,,lever,Rangeenergy,
lever,relayrobotics.com,Relayrobotics.Com,auto,2026-04-15T14:11:58.791Z,2026-04-15T14:11:58.791Z,10,0,0,0,3,0,7,false,0.000,0,0,,2,0,false,low,2,irrelevant_only,,lever,Relayrobotics.Com,
lever,reliable,Reliable,auto,2026-04-15T14:12:01.604Z,2026-04-15T14:12:01.604Z,0,0,0,0,0,0,0,false,0.000,8,0,,2,0,false,dead,999,empty,,lever,Reliable,
lever,revealtech,Revealtech,auto,2026-04-15T14:12:04.025Z,2026-04-15T14:12:04.025Z,11,1,0,1,9,0,1,false,0.091,0,0,2026-04-15T14:12:04.025Z,0,0,false,low,2,productive,,lever,Revealtech,
lever,rgi,Rgi,auto,2026-04-15T14:12:05.230Z,2026-04-15T14:12:05.230Z,14,0,0,0,5,0,9,false,0.000,0,0,,2,0,false,low,2,irrelevant_only,,lever,Rgi,
lever,RiptideTech,RiptideTech,auto,2026-04-15T14:12:05.712Z,2026-04-15T14:12:05.712Z,4,0,0,0,1,0,3,false,0.000,0,0,,2,0,false,low,2,irrelevant_only,,lever,RiptideTech,
lever,rivr,Rivr,auto,2026-04-15T14:12:28.398Z,2026-04-15T14:12:28.398Z,24,0,0,0,6,0,18,false,0.000,0,0,,2,0,false,low,2,irrelevant_only,,lever,Rivr,
lever,roadrunner-studios,Roadrunner Studios,auto,2026-04-15T14:12:30.901Z,2026-04-15T14:12:30.901Z,8,5,0,5,3,0,0,false,0.625,0,0,2026-04-15T14:12:30.901Z,0,0,false,high,1,productive,,lever,Roadrunner Studios,
lever,robust-ai,Robust Ai,auto,2026-04-15T14:12:32.155Z,2026-04-15T14:12:32.155Z,13,0,0,0,6,0,7,false,0.000,0,0,,2,0,false,low,2,irrelevant_only,,lever,Robust Ai,
lever,saronic,Saronic,auto,2026-04-15T14:12:38.700Z,2026-04-15T14:12:38.700Z,270,11,0,11,114,0,145,false,0.041,0,0,2026-04-15T14:12:38.700Z,0,0,false,low,2,productive,,lever,Saronic,
lever,schmidt-entities,Schmidt Entities,auto,2026-04-15T14:12:40.843Z,2026-04-15T14:12:40.843Z,15,0,0,0,10,0,5,false,0.000,0,0,,2,0,false,low,2,irrelevant_only,,lever,Schmidt Entities,
lever,shieldai,Shield AI,auto,2026-04-15T14:12:54.768Z,2026-04-15T14:12:54.768Z,262,55,2,53,98,0,109,false,0.210,0,0,2026-04-15T14:12:54.768Z,0,0,false,medium,1,productive,,lever,Shield AI,[object Map]
lever,SimbeRobotics,SimbeRobotics,auto,2026-04-15T14:13:09.316Z,2026-04-15T14:13:09.316Z,10,0,0,0,8,0,2,false,0.000,0,0,,2,0,false,low,2,irrelevant_only,,lever,SimbeRobotics,
lever,skysafe,Skysafe,auto,2026-04-15T14:13:10.948Z,2026-04-15T14:13:10.948Z,4,4,0,4,0,0,0,false,1.000,0,0,2026-04-15T14:13:10.948Z,0,0,false,high,1,productive,,lever,Skysafe,
lever,skyways,Skyways,auto,2026-04-15T14:13:13.996Z,2026-04-15T14:13:13.996Z,20,6,0,6,8,0,6,false,0.300,0,0,2026-04-15T14:13:13.996Z,0,0,false,medium,1,productive,,lever,Skyways,
lever,SpaceSystemsIntegration,SpaceSystemsIntegration,auto,2026-04-15T14:13:14.728Z,2026-04-15T14:13:14.728Z,23,0,0,0,17,0,6,false,0.000,0,0,,2,0,false,low,2,irrelevant_only,,lever,SpaceSystemsIntegration,
lever,steerbridge,Steerbridge,auto,2026-04-15T14:13:16.237Z,2026-04-15T14:13:16.237Z,84,0,0,0,72,0,12,false,0.000,0,0,,2,0,false,low,2,irrelevant_only,,lever,Steerbridge,
lever,sundrivesolar,Sundrivesolar,auto,2026-04-15T14:13:16.738Z,2026-04-15T14:13:16.738Z,0,0,0,0,0,0,0,false,0.000,8,0,,2,0,false,dead,999,empty,,lever,Sundrivesolar,
lever,talentwerx.io,Talentwerx.Io,auto,2026-04-15T14:13:19.759Z,2026-04-15T14:13:19.759Z,27,0,0,0,22,0,5,false,0.000,0,0,,2,0,false,low,2,irrelevant_only,,lever,Talentwerx.Io,
lever,teleo,Teleo,auto,2026-04-15T14:13:20.645Z,2026-04-15T14:13:20.645Z,9,0,0,0,5,0,4,false,0.000,0,0,,2,0,false,low,2,irrelevant_only,,lever,Teleo,
lever,Terraformation,Terraformation,auto,2026-04-15T14:13:21.056Z,2026-04-15T14:13:21.056Z,1,1,0,1,0,0,0,false,1.000,0,0,2026-04-15T14:13:21.056Z,0,0,false,high,1,productive,,lever,Terraformation,
lever,thea.energy,Thea.Energy,auto,2026-04-15T14:13:22.822Z,2026-04-15T14:13:22.822Z,33,0,0,0,24,0,9,false,0.000,0,0,,2,0,false,low,2,irrelevant_only,,lever,Thea.Energy,
lever,thehousemajoritypac,Thehousemajoritypac,auto,2026-04-15T14:13:33.262Z,2026-04-15T14:13:33.262Z,2,0,0,0,1,0,1,false,0.000,0,0,,2,0,false,low,2,irrelevant_only,,lever,Thehousemajoritypac,
lever,threattec,Threattec,auto,2026-04-15T14:13:35.804Z,2026-04-15T14:13:35.804Z,53,2,0,2,13,0,38,false,0.038,0,0,2026-04-15T14:13:35.804Z,0,0,false,low,2,productive,,lever,Threattec,
lever,transmutex,Transmutex,auto,2026-04-15T14:13:58.363Z,2026-04-15T14:13:58.363Z,2,0,0,0,0,0,2,false,0.000,0,0,,2,0,false,low,2,old_only,,lever,Transmutex,
lever,tri,Tri,auto,2026-04-15T14:13:59.751Z,2026-04-15T14:13:59.751Z,16,0,0,0,8,0,8,false,0.000,0,0,,2,0,false,low,2,irrelevant_only,,lever,Tri,
lever,tsmg,Tsmg,auto,2026-04-15T14:14:25.595Z,2026-04-15T14:14:25.595Z,3092,1,0,1,708,0,2383,false,0.000,0,0,2026-04-15T14:14:25.595Z,0,0,false,low,2,productive,,lever,Tsmg,
lever,tutorintelligence,Tutorintelligence,auto,2026-04-15T14:14:26.707Z,2026-04-15T14:14:26.707Z,30,0,0,0,8,0,22,false,0.000,0,0,,2,0,false,low,2,irrelevant_only,,lever,Tutorintelligence,
lever,tx-inc.com,Tx Inc.Com,auto,2026-04-15T14:14:29.071Z,2026-04-15T14:14:29.071Z,28,0,0,0,6,0,22,false,0.000,0,0,,2,0,false,low,2,irrelevant_only,,lever,Tx Inc.Com,
lever,valdeseng,Valdeseng,auto,2026-04-15T14:14:29.681Z,2026-04-15T14:14:29.681Z,32,0,0,0,6,0,26,false,0.000,0,0,,2,0,false,low,2,irrelevant_only,,lever,Valdeseng,
lever,venusaero,Venusaero,auto,2026-04-15T14:14:32.852Z,2026-04-15T14:14:32.852Z,14,1,0,1,9,0,4,false,0.071,0,0,2026-04-15T14:14:32.852Z,0,0,false,low,2,productive,,lever,Venusaero,
lever,verkor,Verkor,auto,2026-04-15T14:14:47.460Z,2026-04-15T14:14:47.460Z,52,1,0,1,43,0,8,false,0.019,0,0,2026-04-15T14:14:47.460Z,0,0,false,low,2,productive,,lever,Verkor,
lever,waabi,Waabi,auto,2026-04-15T14:14:54.261Z,2026-04-15T14:14:54.261Z,65,0,0,0,35,0,30,false,0.000,0,0,,2,0,false,low,2,irrelevant_only,,lever,Waabi,
lever,wadetrim,Wadetrim,auto,2026-04-15T14:15:00.344Z,2026-04-15T14:15:00.344Z,125,1,0,1,45,0,79,false,0.008,0,0,2026-04-15T14:15:00.344Z,0,0,false,low,2,productive,,lever,Wadetrim,
lever,waremalcomb,Waremalcomb,auto,2026-04-15T14:15:02.074Z,2026-04-15T14:15:02.074Z,92,0,0,0,32,0,60,false,0.000,0,0,,2,0,false,low,2,irrelevant_only,,lever,Waremalcomb,
lever,weride,Weride,auto,2026-04-15T14:15:02.699Z,2026-04-15T14:15:02.699Z,32,0,0,0,1,0,31,false,0.000,0,0,,2,0,false,low,2,irrelevant_only,,lever,Weride,
lever,whoop,Whoop,auto,2026-04-15T14:15:31.214Z,2026-04-15T14:15:31.214Z,150,0,0,0,121,0,29,false,0.000,0,0,,2,0,false,low,2,irrelevant_only,,lever,Whoop,
lever,wingtra-2,Wingtra,auto,2026-04-15T14:15:31.981Z,2026-04-15T14:15:31.981Z,6,1,0,1,2,0,3,false,0.167,0,0,2026-04-15T14:15:31.981Z,0,0,false,medium,1,productive,,lever,Wingtra,
lever,world-view-enterprises-inc.,World View Enterprises Inc.,auto,2026-04-15T14:15:32.585Z,2026-04-15T14:15:32.585Z,13,0,0,0,12,0,1,false,0.000,0,0,,2,0,false,low,2,irrelevant_only,,lever,World View Enterprises Inc.,
lever,woven-by-toyota,Woven By Toyota,auto,2026-04-15T14:15:36.848Z,2026-04-15T14:15:36.848Z,195,0,0,0,98,0,97,false,0.000,0,0,,2,0,false,low,2,irrelevant_only,,lever,Woven By Toyota,
lever,zoox,Zoox,auto,2026-04-15T14:15:39.253Z,2026-04-15T14:15:39.253Z,213,0,0,0,116,0,97,false,0.000,0,0,,2,0,false,low,2,irrelevant_only,,lever,Zoox,
smartrecruiters,AbbVie,AbbVie,auto,2026-04-15T14:16:27.014Z,2026-04-15T14:16:27.014Z,100,1,0,1,99,0,0,false,0.010,0,0,2026-04-15T14:16:27.014Z,0,0,false,low,2,productive,,smartrecruiters,AbbVie,[object Map]
smartrecruiters,aerovect,Aerovect,auto,2026-04-15T14:16:29.894Z,2026-04-15T14:16:29.894Z,6,0,0,0,0,0,6,false,0.000,0,0,,2,0,false,low,2,old_only,,smartrecruiters,Aerovect,
smartrecruiters,AI-Adam,AI Adam,auto,2026-04-15T14:16:30.020Z,2026-04-15T14:16:30.020Z,0,0,0,0,0,0,0,false,0.000,8,0,,2,0,false,dead,999,empty,,smartrecruiters,AI Adam,
smartrecruiters,AngellEchoMagikid,AngellEchoMagikid,auto,2026-04-15T14:16:33.153Z,2026-04-15T14:16:33.153Z,7,0,0,0,0,0,7,false,0.000,0,0,,2,0,false,low,2,old_only,,smartrecruiters,AngellEchoMagikid,
smartrecruiters,BestgateEngineering,BestgateEngineering,auto,2026-04-15T14:16:34.906Z,2026-04-15T14:16:34.906Z,3,0,0,0,0,0,3,false,0.000,0,0,,2,0,false,low,2,old_only,,smartrecruiters,BestgateEngineering,
smartrecruiters,BuiltRobotics,BuiltRobotics,auto,2026-04-15T14:16:34.979Z,2026-04-15T14:16:34.979Z,0,0,0,0,0,0,0,false,0.000,8,0,,2,0,false,dead,999,empty,,smartrecruiters,BuiltRobotics,
smartrecruiters,CycloTech,CycloTech,auto,2026-04-15T14:16:36.216Z,2026-04-15T14:16:36.216Z,2,0,0,0,1,0,1,false,0.000,0,0,,2,0,false,low,2,irrelevant_only,,smartrecruiters,CycloTech,
smartrecruiters,GalenRobotics,GalenRobotics,auto,2026-04-15T14:16:36.998Z,2026-04-15T14:16:36.998Z,1,0,0,0,0,0,1,false,0.000,0,0,,2,0,false,low,2,old_only,,smartrecruiters,GalenRobotics,
smartrecruiters,Geo-Totaal,Geo Totaal,auto,2026-04-15T14:16:39.872Z,2026-04-15T14:16:39.872Z,4,0,0,0,0,0,4,false,0.000,0,0,,2,0,false,low,2,old_only,,smartrecruiters,Geo Totaal,
smartrecruiters,HstarTechnologies,HstarTechnologies,auto,2026-04-15T14:16:45.647Z,2026-04-15T14:16:45.647Z,15,0,0,0,0,0,15,false,0.000,0,0,,2,0,false,low,2,old_only,,smartrecruiters,HstarTechnologies,
smartrecruiters,ImageAssociatesInc,ImageAssociatesInc,auto,2026-04-15T14:16:49.436Z,2026-04-15T14:16:49.436Z,9,0,0,0,9,0,0,false,0.000,0,0,,2,0,false,low,2,irrelevant_only,,smartrecruiters,ImageAssociatesInc,
smartrecruiters,InformaGroupPlc,InformaGroupPlc,auto,2026-04-15T14:17:25.492Z,2026-04-15T14:17:25.492Z,89,0,0,0,84,0,5,false,0.000,0,0,,2,0,false,low,2,irrelevant_only,,smartrecruiters,InformaGroupPlc,
smartrecruiters,JBHi-FiTheGoodGuys1,JBHi FiTheGoodGuys1,auto,2026-04-15T14:18:55.440Z,2026-04-15T14:18:55.440Z,100,0,0,0,100,0,0,false,0.000,0,0,,2,0,false,low,2,irrelevant_only,,smartrecruiters,JBHi FiTheGoodGuys1,
smartrecruiters,Jobnath,Jobnath,auto,2026-04-15T14:19:58.900Z,2026-04-15T14:19:58.900Z,100,0,0,0,0,0,100,false,0.000,0,0,,2,0,false,low,2,old_only,,smartrecruiters,Jobnath,
smartrecruiters,LevelOneRoboticsAndControlsInc,LevelOneRoboticsAndControlsInc,auto,2026-04-15T14:20:09.616Z,2026-04-15T14:20:09.616Z,14,0,0,0,0,0,14,false,0.000,0,0,,2,0,false,low,2,old_only,,smartrecruiters,LevelOneRoboticsAndControlsInc,
smartrecruiters,MaverickDroneSystems,Maverick Drone Systems,auto,2026-04-15T14:20:10.604Z,2026-04-15T14:20:10.604Z,1,1,0,1,0,0,0,false,1.000,0,0,2026-04-15T14:20:10.604Z,0,0,false,high,1,productive,,smartrecruiters,Maverick Drone Systems,
smartrecruiters,MyHRLLC,MyHRLLC,auto,2026-04-15T14:20:20.554Z,2026-04-15T14:20:20.554Z,10,0,0,0,6,0,4,false,0.000,0,0,,2,0,false,low,2,irrelevant_only,,smartrecruiters,MyHRLLC,
smartrecruiters,NauticusRobotics,NauticusRobotics,auto,2026-04-15T14:20:24.463Z,2026-04-15T14:20:24.463Z,3,0,0,0,0,0,3,false,0.000,0,0,,2,0,false,low,2,old_only,,smartrecruiters,NauticusRobotics,
smartrecruiters,NetApp2,NetApp2,auto,2026-04-15T14:20:32.549Z,2026-04-15T14:20:32.549Z,9,0,0,0,0,0,9,false,0.000,0,0,,2,0,false,low,2,old_only,,smartrecruiters,NetApp2,
smartrecruiters,PilmicoFoodsCorporation,PilmicoFoodsCorporation,auto,2026-04-15T14:21:36.547Z,2026-04-15T14:21:36.547Z,80,0,0,0,59,0,21,false,0.000,0,0,,2,0,false,low,2,irrelevant_only,,smartrecruiters,PilmicoFoodsCorporation,
smartrecruiters,SeniorPlc1,SeniorPlc1,auto,2026-04-15T14:22:23.496Z,2026-04-15T14:22:23.496Z,100,0,0,0,100,0,0,false,0.000,0,0,,2,0,false,low,2,irrelevant_only,,smartrecruiters,SeniorPlc1,
smartrecruiters,serpapackagingsolutions,Serpapackagingsolutions,auto,2026-04-15T14:22:23.576Z,2026-04-15T14:22:23.576Z,0,0,0,0,0,0,0,false,0.000,6,0,,2,0,false,dead,999,empty,,smartrecruiters,Serpapackagingsolutions,
smartrecruiters,SopraSteria1,SopraSteria1,auto,2026-04-15T14:22:55.773Z,2026-04-15T14:22:55.773Z,100,1,0,1,99,0,0,false,0.010,0,0,2026-04-15T14:22:55.773Z,0,0,false,low,2,productive,,smartrecruiters,SopraSteria1,[object Map]
smartrecruiters,staubli,Staubli,auto,2026-04-15T14:22:55.912Z,2026-04-15T14:22:55.912Z,0,0,0,0,0,0,0,false,0.000,6,0,,2,0,false,dead,999,empty,,smartrecruiters,Staubli,
smartrecruiters,staubligroup,Staubligroup,auto,2026-04-15T14:23:38.426Z,2026-04-15T14:23:38.426Z,100,0,0,0,100,0,0,false,0.000,0,0,,2,0,false,low,2,irrelevant_only,,smartrecruiters,Staubligroup,
smartrecruiters,StemXpert1,StemXpert1,auto,2026-04-15T14:24:29.177Z,2026-04-15T14:24:29.177Z,100,0,0,0,0,0,100,false,0.000,0,0,,2,0,false,low,2,old_only,,smartrecruiters,StemXpert1,
smartrecruiters,stowgroup,Stowgroup,auto,2026-04-15T14:24:58.955Z,2026-04-15T14:24:58.955Z,100,0,0,0,84,0,16,false,0.000,0,0,,2,0,false,low,2,irrelevant_only,,smartrecruiters,Stowgroup,
smartrecruiters,UASLabsLLC,UAS Labs LLC,auto,2026-04-15T14:24:59.067Z,2026-04-15T14:24:59.067Z,0,0,0,0,0,0,0,false,0.000,6,0,,2,0,false,dead,999,empty,,smartrecruiters,UAS Labs LLC,
smartrecruiters,UKAtomicEnergyAuthority,UKAtomicEnergyAuthority,auto,2026-04-15T14:25:20.010Z,2026-04-15T14:25:20.010Z,43,0,0,0,43,0,0,false,0.000,0,0,,2,0,false,low,2,irrelevant_only,,smartrecruiters,UKAtomicEnergyAuthority,
smartrecruiters,UncommonSchools,UncommonSchools,auto,2026-04-15T14:25:56.021Z,2026-04-15T14:25:56.021Z,100,0,0,0,100,0,0,false,0.000,0,0,,2,0,false,low,2,irrelevant_only,,smartrecruiters,UncommonSchools,
smartrecruiters,Vention,Vention,auto,2026-04-15T14:26:32.720Z,2026-04-15T14:26:32.720Z,55,0,0,0,50,0,5,false,0.000,0,0,,2,0,false,low,2,irrelevant_only,,smartrecruiters,Vention,
teamtailor,delair,Delair,auto,2026-04-15T14:26:51.052Z,2026-04-15T14:26:51.052Z,20,14,8,6,0,0,6,false,0.700,0,0,2026-04-15T14:26:51.052Z,0,0,false,high,1,productive,,teamtailor,Delair,[object Map]
rippling,droneup,DroneUp,auto,2026-04-15T14:26:55.660Z,2026-04-15T14:26:55.660Z,4,4,1,3,0,0,0,false,1.000,0,0,2026-04-15T14:26:55.660Z,0,0,false,high,1,productive,,rippling,DroneUp,[object Map]
bamboohr,skycatch,Skycatch,auto,2026-04-15T14:26:58.537Z,2026-04-15T14:26:58.537Z,4,1,0,1,0,0,3,false,0.250,0,0,2026-04-15T14:26:58.537Z,0,0,false,medium,1,productive,,bamboohr,Skycatch,
rippling,droneshield,DroneShield,auto,2026-04-15T14:29:23.165Z,2026-04-15T14:29:23.165Z,100,53,50,3,2,0,45,false,0.530,0,0,2026-04-15T14:29:23.165Z,0,0,false,high,1,productive,,rippling,DroneShield,[object Map]
ashby,Astro-Mechanica,GNC Engineer @ Astro Mechanica,auto,2026-04-15T14:29:24.556Z,2026-04-15T14:29:24.556Z,23,0,0,0,13,0,10,false,0.000,0,0,,2,0,false,low,2,irrelevant_only,,ashby,GNC Engineer @ Astro Mechanica,
ashby,zeromark,Computer Vision Engineer (Object Detection & Tracking),auto,2026-04-15T14:29:38.960Z,2026-04-15T14:29:38.960Z,10,8,6,2,1,0,1,false,0.800,0,0,2026-04-15T14:29:38.960Z,0,0,false,high,1,productive,,ashby,Computer Vision Engineer (Object Detection & Tracking),[object Map]
rippling,advanced-navigation,EMEA Bid Manager,auto,2026-04-15T14:29:43.668Z,2026-04-15T14:29:43.668Z,12,1,0,1,8,0,3,false,0.083,0,0,2026-04-15T14:29:43.668Z,0,0,false,low,2,productive,,rippling,EMEA Bid Manager,
rippling,syos-aerospace-uk,"Head of Vehicle Design, Maritime",auto,2026-04-15T14:29:50.702Z,2026-04-15T14:29:50.702Z,8,4,1,3,1,0,3,false,0.500,0,0,2026-04-15T14:29:50.702Z,0,0,false,high,1,productive,,rippling,"Head of Vehicle Design, Maritime",[object Map]
rippling,swift-engineering,UAV Test Engineer,auto,2026-04-15T14:30:04.525Z,2026-04-15T14:30:04.525Z,12,7,4,3,4,0,1,false,0.583,0,0,2026-04-15T14:30:04.525Z,0,0,false,high,1,productive,,rippling,UAV Test Engineer,[object Map]
rippling,panthera-careers,Conservation Technology Director,auto,2026-04-15T14:30:10.278Z,2026-04-15T14:30:10.278Z,16,0,0,0,8,0,8,false,0.000,0,0,,2,0,false,low,2,irrelevant_only,,rippling,Conservation Technology Director,
rippling,tive-careers,Senior Product Designer,auto,2026-04-15T14:30:17.787Z,2026-04-15T14:30:17.787Z,22,0,0,0,13,0,9,false,0.000,0,0,,2,0,false,low,2,irrelevant_only,,rippling,Senior Product Designer,
rippling,fresh-baguette,Multi-Unit General Manager,auto,2026-04-15T14:30:26.182Z,2026-04-15T14:30:26.182Z,25,0,0,0,25,0,0,false,0.000,0,0,,2,0,false,low,2,irrelevant_only,,rippling,Multi-Unit General Manager,
ashby,moonvalley-ai,Robotics Researcher @ Moonvalley AI,auto,2026-04-15T14:30:27.163Z,2026-04-15T14:30:27.163Z,7,0,0,0,5,0,2,false,0.000,0,0,,2,0,false,low,2,irrelevant_only,,ashby,Robotics Researcher @ Moonvalley AI,
ashby,hyperexponential,Senior AI Engineer,auto,2026-04-15T14:30:28.792Z,2026-04-15T14:30:28.792Z,32,0,0,0,24,0,8,false,0.000,0,0,,2,0,false,low,2,irrelevant_only,,ashby,Senior AI Engineer,
ashby,arthur,Robotics Software Engineer @ Arthur Robotics,auto,2026-04-15T14:30:29.625Z,2026-04-15T14:30:29.625Z,1,0,0,0,1,0,0,false,0.000,0,0,,2,0,false,low,2,irrelevant_only,,ashby,Robotics Software Engineer @ Arthur Robotics,
lever,ghsmartjobs,Leadership Advisor,auto,2026-04-15T14:30:31.219Z,2026-04-15T14:30:31.219Z,10,0,0,0,3,0,7,false,0.000,0,0,,2,0,false,low,2,irrelevant_only,,lever,Leadership Advisor,
rippling,singularity-defense,Drone Pilot / UAS Test Operator,auto,2026-04-15T14:30:37.953Z,2026-04-15T14:30:37.953Z,20,2,0,2,14,0,4,false,0.100,0,0,2026-04-15T14:30:37.953Z,0,0,false,medium,1,productive,,rippling,Drone Pilot / UAS Test Operator,[object Map]
rippling,es-419/skyportsdeliveries-limited,Drone Hub Operator,auto,2026-04-15T14:30:38.262Z,,0,0,0,0,0,0,0,true,0.000,0,3,,2,2,false,low,2,fetch_failed,Rippling list page 0 failed: Rippling Drone Hub Operator page=0 failed: 404,rippling,Drone Hub Operator,
rippling,critical-response-group,Field Mapping Associate,auto,2026-04-15T14:30:41.021Z,2026-04-15T14:30:41.021Z,8,0,0,0,7,0,1,false,0.000,0,0,,2,0,false,low,2,irrelevant_only,,rippling,Field Mapping Associate,
rippling,menadier,Survey Coordinator & Draftsman,auto,2026-04-15T14:30:42.179Z,2026-04-15T14:30:42.179Z,3,0,0,0,0,0,3,false,0.000,0,0,,2,0,false,low,2,old_only,,rippling,Survey Coordinator & Draftsman,
rippling,pdwcareers,Embedded Systems Technician,auto,2026-04-15T14:32:02.816Z,2026-04-15T14:32:02.816Z,36,33,31,2,3,0,0,false,0.917,0,0,2026-04-15T14:32:02.816Z,0,0,false,high,1,productive,,rippling,Embedded Systems Technician,[object Map]
greenhouse,anellophotonics,Defense/Government Programs (Autonomy & Navigation ...,auto,2026-04-15T14:32:14.294Z,2026-04-15T14:32:14.294Z,9,7,5,2,2,0,0,false,0.778,0,0,2026-04-15T14:32:14.294Z,0,0,false,high,1,productive,,greenhouse,Defense/Government Programs (Autonomy & Navigation ...,[object Map]
greenhouse,nerostechnologies,Autonomy,auto,2026-04-15T14:34:03.421Z,2026-04-15T14:34:03.421Z,53,49,47,2,4,0,0,false,0.925,0,0,2026-04-15T14:34:03.421Z,0,0,false,high,1,productive,,greenhouse,Autonomy,[object Map]
greenhouse,doordashusa,Robotics Software Engineer,auto,2026-04-15T14:34:30.622Z,2026-04-15T14:34:30.622Z,452,12,10,2,440,0,0,false,0.027,0,0,2026-04-15T14:34:30.622Z,0,0,false,low,2,productive,,greenhouse,Robotics Software Engineer,[object Map]
teamtailor,lendurai,Systems Engineer,auto,2026-04-15T14:34:31.161Z,2026-04-15T14:34:31.161Z,4,2,0,2,0,0,2,false,0.500,0,0,2026-04-15T14:34:31.161Z,0,0,false,high,1,productive,,teamtailor,Systems Engineer,[object Map]
teamtailor,callenlenz,Principal Technologist,auto,2026-04-15T14:35:15.232Z,2026-04-15T14:35:15.232Z,24,20,18,2,1,0,3,false,0.833,0,0,2026-04-15T14:35:15.232Z,0,0,false,high,1,productive,,teamtailor,Principal Technologist,[object Map]
greenhouse,knightdivisiontactical,Job Application for Drone Operator at Knight Division Tactical,auto,2026-04-15T14:35:15.549Z,2026-04-15T14:35:15.549Z,17,0,0,0,2,0,15,false,0.000,0,0,,2,0,false,low,2,irrelevant_only,,greenhouse,Job Application for Drone Operator at Knight Division Tactical,
rippling,syos-aerospace,IT Support Engineer,auto,2026-04-15T14:35:17.762Z,2026-04-15T14:35:17.762Z,4,2,0,2,1,0,1,false,0.500,0,0,2026-04-15T14:35:17.762Z,0,0,false,high,1,productive,,rippling,IT Support Engineer,[object Map]
provider,slug,company_name,status,last_checked_at,last_successful_fetch_at,jobs_last_run,jobs_relevant_last_run,jobs_inserted_last_run,jobs_updated_last_run,jobs_irrelevant_last_run,jobs_partial_last_run,jobs_old_last_run,fetch_failed_last_run,yield_last_run,times_seen_empty,times_failed,,,,,scrape_tier,scrape_every_runs,bucket_last_run,last_error,provider,company_name,
greenhouse,weedmaps77,Weedmaps77,auto,2026-04-15T14:35:18.464Z,2026-04-15T14:35:18.464Z,26,2,0,2,22,0,2,false,0.077,0,0,2026-04-15T14:35:18.464Z,0,0,false,low,2,productive,,greenhouse,Weedmaps77,
smartrecruiters,DroneShield,DroneShield,auto,2026-04-15T14:35:21.103Z,2026-04-15T14:35:21.103Z,9,0,0,0,0,0,9,false,0.000,0,0,,2,0,false,low,2,old_only,,smartrecruiters,DroneShield,
workable,adforge-corporation,Adforge Corporation,auto,2026-04-08T17:40:54.772Z,2026-04-08T17:40:54.772Z,0,0,0,0,0,0,0,FALSE,0,1,0,,,,,low,2,empty,,workable,Adforge Corporation,
workable,aerones,Aerones,auto,2026-04-08T17:49:57.339Z,2026-04-08T17:49:57.339Z,57,0,0,0,17,0,40,FALSE,0,0,0,,,,,low,2,irrelevant_only,,workable,Aerones,
workable,ageo,Ageo,auto,2026-04-08T17:50:30.162Z,2026-04-08T17:50:30.162Z,3,0,0,0,3,0,0,FALSE,0,0,0,,,,,low,2,irrelevant_only,,workable,Ageo,
workable,ai-robot-association,Ai Robot Association,auto,2026-04-08T17:50:36.606Z,,0,0,0,0,0,0,0,TRUE,0,0,1,,,,,low,2,fetch_failed,Workable Ai Robot Association failed: 403,workable,Ai Robot Association,
workable,airbus-aerial,Airbus Aerial,auto,2026-04-08T17:50:39.982Z,2026-04-08T17:50:39.982Z,0,0,0,0,0,0,0,FALSE,0,1,0,,,,,low,2,empty,,workable,Airbus Aerial,
workable,alaro-city,Alaro City,auto,2026-04-08T17:58:10.660Z,2026-04-08T17:58:10.660Z,46,0,0,0,11,0,35,FALSE,0,0,0,,,,,low,2,irrelevant_only,,workable,Alaro City,
workable,alta-ares,Alta Ares,auto,2026-04-08T17:58:17.113Z,,0,0,0,0,0,0,0,TRUE,0,0,1,,,,,low,2,fetch_failed,Workable Alta Ares failed: 403,workable,Alta Ares,
workable,andromeda-robotics,Andromeda Robotics,auto,2026-04-08T17:59:48.149Z,2026-04-08T17:59:48.149Z,9,0,0,0,7,0,2,FALSE,0,0,0,,,,,low,2,irrelevant_only,,workable,Andromeda Robotics,
workable,aoc-global-services,Aoc Global Services,auto,2026-04-08T17:59:54.601Z,,0,0,0,0,0,0,0,TRUE,0,0,1,,,,,low,2,fetch_failed,Workable Aoc Global Services failed: 403,workable,Aoc Global Services,
workable,araic,Araic,auto,2026-04-08T18:00:01.103Z,,0,0,0,0,0,0,0,TRUE,0,0,1,,,,,low,2,fetch_failed,"Unexpected token '<', ""<!doctype ""... is not valid JSON",workable,Araic,
workable,arch-aerial-llc,Arch Aerial Llc,auto,2026-04-08T18:01:00.802Z,2026-04-08T18:01:00.802Z,6,2,0,0,1,2,3,FALSE,0,0,0,,,,,low,2,partial_only,"upsert_error: new row violates row-level security policy for table ""jobs""",workable,Arch Aerial Llc,
workable,asylon,Asylon,auto,2026-04-08T18:01:00.938Z,2026-04-08T18:01:00.938Z,0,0,0,0,0,0,0,FALSE,0,1,0,,,,,low,2,empty,,workable,Asylon,
workable,ati-inc,Ati Inc,auto,2026-04-08T18:02:19.676Z,2026-04-08T18:02:19.676Z,8,0,0,0,5,0,3,FALSE,0,0,0,,,,,low,2,irrelevant_only,,workable,Ati Inc,
workable,avomind,Avomind,auto,2026-04-08T19:02:41.385Z,2026-04-08T19:02:41.385Z,374,0,0,0,146,0,228,FALSE,0,0,0,,,,,low,2,irrelevant_only,,workable,Avomind,
workable,bos-innovations,Bos Innovations,auto,2026-04-08T19:02:47.816Z,,0,0,0,0,0,0,0,TRUE,0,0,1,,,,,low,2,fetch_failed,Workable Bos Innovations failed: 429,workable,Bos Innovations,
workable,bots-unlimited,Bots Unlimited,auto,2026-04-08T19:02:54.176Z,,0,0,0,0,0,0,0,TRUE,0,0,1,,,,,low,2,fetch_failed,Workable Bots Unlimited failed: 429,workable,Bots Unlimited,
workable,clear-labs,Clear Labs,auto,2026-04-08T19:03:00.596Z,,0,0,0,0,0,0,0,TRUE,0,0,1,,,,,low,2,fetch_failed,Workable Clear Labs failed: 429,workable,Clear Labs,
workable,cloudfactory,Cloudfactory,auto,2026-04-08T19:03:07.065Z,,0,0,0,0,0,0,0,TRUE,0,0,1,,,,,low,2,fetch_failed,Workable Cloudfactory failed: 429,workable,Cloudfactory,
workable,complete-home-care-holdings,Complete Home Care Holdings,auto,2026-04-08T19:03:13.519Z,,0,0,0,0,0,0,0,TRUE,0,0,1,,,,,low,2,fetch_failed,Workable Complete Home Care Holdings failed: 429,workable,Complete Home Care Holdings,
workable,continuum-resource-network,Continuum Resource Network,auto,2026-04-08T19:03:19.929Z,,0,0,0,0,0,0,0,TRUE,0,0,1,,,,,low,2,fetch_failed,Workable Continuum Resource Network failed: 429,workable,Continuum Resource Network,
workable,cornerstone-research-group-inc,Cornerstone Research Group Inc,auto,2026-04-08T19:03:26.373Z,,0,0,0,0,0,0,0,TRUE,0,0,1,,,,,low,2,fetch_failed,Workable Cornerstone Research Group Inc failed: 429,workable,Cornerstone Research Group Inc,
workable,cti-jobs,Cti Jobs,auto,2026-04-08T19:03:32.821Z,,0,0,0,0,0,0,0,TRUE,0,0,1,,,,,low,2,fetch_failed,Workable Cti Jobs failed: 429,workable,Cti Jobs,
workable,destinusgroup,Destinus,auto,2026-04-08T19:03:39.218Z,,0,0,0,0,0,0,0,TRUE,0,0,1,,,,,low,2,fetch_failed,Workable Destinus failed: 429,workable,Destinus,
workable,droneup,Droneup,auto,2026-04-08T19:03:45.787Z,,0,0,0,0,0,0,0,TRUE,0,0,1,,,,,low,2,fetch_failed,Workable Droneup failed: 429,workable,Droneup,
workable,exotec,Exotec,auto,2026-04-08T19:03:52.206Z,,0,0,0,0,0,0,0,TRUE,0,0,1,,,,,low,2,fetch_failed,Workable Exotec failed: 429,workable,Exotec,
workable,flexion-robotics,Flexion Robotics,auto,2026-04-08T19:03:58.653Z,,0,0,0,0,0,0,0,TRUE,0,0,1,,,,,low,2,fetch_failed,Workable Flexion Robotics failed: 429,workable,Flexion Robotics,
workable,flowith,Flowith,auto,2026-04-08T19:04:05.090Z,,0,0,0,0,0,0,0,TRUE,0,0,1,,,,,low,2,fetch_failed,Workable Flowith failed: 429,workable,Flowith,
workable,flyability,Flyability,auto,2026-04-08T19:04:11.494Z,,0,0,0,0,0,0,0,TRUE,0,0,1,,,,,low,2,fetch_failed,Workable Flyability failed: 429,workable,Flyability,
workable,fuku,Fuku,auto,2026-04-08T19:04:17.948Z,,0,0,0,0,0,0,0,TRUE,0,0,1,,,,,low,2,fetch_failed,Workable Fuku failed: 429,workable,Fuku,
workable,genm,Genm,auto,2026-04-08T19:04:24.374Z,,0,0,0,0,0,0,0,TRUE,0,0,1,,,,,low,2,fetch_failed,Workable Genm failed: 429,workable,Genm,
workable,getfpv,Getfpv,auto,2026-04-08T19:04:30.831Z,,0,0,0,0,0,0,0,TRUE,0,0,1,,,,,low,2,fetch_failed,Workable Getfpv failed: 429,workable,Getfpv,
workable,heli-video-pros,Heli Video Pros,auto,2026-04-08T19:04:37.220Z,,0,0,0,0,0,0,0,TRUE,0,0,1,,,,,low,2,fetch_failed,Workable Heli Video Pros failed: 429,workable,Heli Video Pros,
workable,hummingbird-technologies-ltd,Hummingbird Technologies Ltd,auto,2026-04-08T19:04:43.626Z,,0,0,0,0,0,0,0,TRUE,0,0,1,,,,,low,2,fetch_failed,Workable Hummingbird Technologies Ltd failed: 429,workable,Hummingbird Technologies Ltd,
workable,hummingbird-technologies-ltd-1,Hummingbird Technologies Ltd 1,auto,2026-04-08T19:04:50.037Z,,0,0,0,0,0,0,0,TRUE,0,0,1,,,,,low,2,fetch_failed,Workable Hummingbird Technologies Ltd 1 failed: 429,workable,Hummingbird Technologies Ltd 1,
workable,iceye,Iceye,auto,2026-04-08T19:04:56.507Z,,0,0,0,0,0,0,0,TRUE,0,0,1,,,,,low,2,fetch_failed,Workable Iceye failed: 429,workable,Iceye,
workable,ikh,Ikh,auto,2026-04-08T19:05:02.970Z,,0,0,0,0,0,0,0,TRUE,0,0,1,,,,,low,2,fetch_failed,Workable Ikh failed: 429,workable,Ikh,
workable,indra-uk,Indra Uk,auto,2026-04-08T19:05:09.366Z,,0,0,0,0,0,0,0,TRUE,0,0,1,,,,,low,2,fetch_failed,Workable Indra Uk failed: 429,workable,Indra Uk,
workable,intertek,Intertek,auto,2026-04-08T19:05:15.792Z,,0,0,0,0,0,0,0,TRUE,0,0,1,,,,,low,2,fetch_failed,Workable Intertek failed: 429,workable,Intertek,
workable,intetics-2,Intetics 2,auto,2026-04-08T19:05:22.249Z,,0,0,0,0,0,0,0,TRUE,0,0,1,,,,,low,2,fetch_failed,Workable Intetics 2 failed: 429,workable,Intetics 2,
workable,intracom-defense,Intracom Defense,auto,2026-04-08T19:05:28.871Z,,0,0,0,0,0,0,0,TRUE,0,0,1,,,,,low,2,fetch_failed,Workable Intracom Defense failed: 429,workable,Intracom Defense,
workable,j,J,auto,2026-04-08T19:05:35.323Z,,0,0,0,0,0,0,0,TRUE,0,0,1,,,,,low,2,fetch_failed,Workable J failed: 429,workable,J,
workable,knowhirematch-1,Knowhirematch 1,auto,2026-04-08T19:05:41.762Z,,0,0,0,0,0,0,0,TRUE,0,0,1,,,,,low,2,fetch_failed,Workable Knowhirematch 1 failed: 429,workable,Knowhirematch 1,
workable,krushlabs,Krushlabs,auto,2026-04-08T19:05:48.229Z,,0,0,0,0,0,0,0,TRUE,0,0,1,,,,,low,2,fetch_failed,Workable Krushlabs failed: 429,workable,Krushlabs,
workable,krypton-mining,Krypton Mining,auto,2026-04-08T19:05:54.658Z,,0,0,0,0,0,0,0,TRUE,0,0,1,,,,,low,2,fetch_failed,Workable Krypton Mining failed: 429,workable,Krypton Mining,
workable,labella-associates,Labella Associates,auto,2026-04-08T19:06:01.111Z,,0,0,0,0,0,0,0,TRUE,0,0,1,,,,,low,2,fetch_failed,Workable Labella Associates failed: 429,workable,Labella Associates,
workable,laborup,Laborup,auto,2026-04-08T19:06:07.545Z,,0,0,0,0,0,0,0,TRUE,0,0,1,,,,,low,2,fetch_failed,Workable Laborup failed: 429,workable,Laborup,
workable,manna-1,Manna 1,auto,2026-04-08T19:06:13.995Z,,0,0,0,0,0,0,0,TRUE,0,0,1,,,,,low,2,fetch_failed,Workable Manna 1 failed: 429,workable,Manna 1,
workable,marble,Marble,auto,2026-04-08T19:06:20.299Z,,0,0,0,0,0,0,0,TRUE,0,0,1,,,,,low,2,fetch_failed,Workable Marble failed: 429,workable,Marble,
workable,matrix-camps-and-logistics,Matrix Camps And Logistics,auto,2026-04-08T19:06:26.736Z,,0,0,0,0,0,0,0,TRUE,0,0,1,,,,,low,2,fetch_failed,Workable Matrix Camps And Logistics failed: 429,workable,Matrix Camps And Logistics,
workable,matternet,Matternet,auto,2026-04-08T19:06:33.197Z,,0,0,0,0,0,0,0,TRUE,0,0,1,,,,,low,2,fetch_failed,Workable Matternet failed: 429,workable,Matternet,
workable,monarch-quantum,Monarch Quantum,auto,2026-04-08T19:06:39.605Z,,0,0,0,0,0,0,0,TRUE,0,0,1,,,,,low,2,fetch_failed,Workable Monarch Quantum failed: 429,workable,Monarch Quantum,
workable,msr-fsr,Msr Fsr,auto,2026-04-08T19:06:46.103Z,,0,0,0,0,0,0,0,TRUE,0,0,1,,,,,low,2,fetch_failed,Workable Msr Fsr failed: 429,workable,Msr Fsr,
workable,neo-tax,Neo Tax,auto,2026-04-08T19:06:52.569Z,,0,0,0,0,0,0,0,TRUE,0,0,1,,,,,low,2,fetch_failed,Workable Neo Tax failed: 429,workable,Neo Tax,
workable,nodein,Nodein,auto,2026-04-08T19:06:59.056Z,,0,0,0,0,0,0,0,TRUE,0,0,1,,,,,low,2,fetch_failed,Workable Nodein failed: 429,workable,Nodein,
workable,nortek,Nortek,auto,2026-04-08T19:07:05.529Z,,0,0,0,0,0,0,0,TRUE,0,0,1,,,,,low,2,fetch_failed,Workable Nortek failed: 429,workable,Nortek,
workable,oceancomm,Oceancomm,auto,2026-04-08T19:07:12.011Z,,0,0,0,0,0,0,0,TRUE,0,0,1,,,,,low,2,fetch_failed,Workable Oceancomm failed: 429,workable,Oceancomm,
workable,open-ocean-robotics,Open Ocean Robotics,auto,2026-04-08T19:07:18.474Z,,0,0,0,0,0,0,0,TRUE,0,0,1,,,,,low,2,fetch_failed,Workable Open Ocean Robotics failed: 429,workable,Open Ocean Robotics,
workable,origin-10x,Origin 10x,auto,2026-04-08T19:07:24.917Z,,0,0,0,0,0,0,0,TRUE,0,0,1,,,,,low,2,fetch_failed,Workable Origin 10x failed: 429,workable,Origin 10x,
workable,oxforddynamics,Oxforddynamics,auto,2026-04-08T19:07:31.349Z,,0,0,0,0,0,0,0,TRUE,0,0,1,,,,,low,2,fetch_failed,Workable Oxforddynamics failed: 429,workable,Oxforddynamics,
workable,pacific-defense,Pacific Defense,auto,2026-04-08T19:07:37.843Z,,0,0,0,0,0,0,0,TRUE,0,0,1,,,,,low,2,fetch_failed,Workable Pacific Defense failed: 429,workable,Pacific Defense,
workable,phantom-auto,Phantom Auto,auto,2026-04-08T19:07:44.287Z,,0,0,0,0,0,0,0,TRUE,0,0,1,,,,,low,2,fetch_failed,Workable Phantom Auto failed: 429,workable,Phantom Auto,
workable,phasorengineering,Phasorengineering,auto,2026-04-08T19:07:50.688Z,,0,0,0,0,0,0,0,TRUE,0,0,1,,,,,low,2,fetch_failed,Workable Phasorengineering failed: 429,workable,Phasorengineering,
workable,prime-robotics-1,Prime Robotics 1,auto,2026-04-08T19:07:57.110Z,,0,0,0,0,0,0,0,TRUE,0,0,1,,,,,low,2,fetch_failed,Workable Prime Robotics 1 failed: 429,workable,Prime Robotics 1,
workable,propelleraero,Propelleraero,auto,2026-04-08T19:08:03.486Z,,0,0,0,0,0,0,0,TRUE,0,0,1,,,,,low,2,fetch_failed,Workable Propelleraero failed: 429,workable,Propelleraero,
workable,rapyuta-robotics,Rapyuta Robotics,auto,2026-04-08T19:08:09.898Z,,0,0,0,0,0,0,0,TRUE,0,0,1,,,,,low,2,fetch_failed,Workable Rapyuta Robotics failed: 429,workable,Rapyuta Robotics,
workable,rec-2,Rec 2,auto,2026-04-08T19:08:16.329Z,,0,0,0,0,0,0,0,TRUE,0,0,1,,,,,low,2,fetch_failed,Workable Rec 2 failed: 429,workable,Rec 2,
workable,red-rabbit-robotics,Red Rabbit Robotics,auto,2026-04-08T19:08:22.788Z,,0,0,0,0,0,0,0,TRUE,0,0,1,,,,,low,2,fetch_failed,Workable Red Rabbit Robotics failed: 429,workable,Red Rabbit Robotics,
workable,rise-robotics,Rise Robotics,auto,2026-04-08T19:08:29.228Z,,0,0,0,0,0,0,0,TRUE,0,0,1,,,,,low,2,fetch_failed,Workable Rise Robotics failed: 429,workable,Rise Robotics,
workable,robeaute,Robeaute,auto,2026-04-08T19:08:35.700Z,,0,0,0,0,0,0,0,TRUE,0,0,1,,,,,low,2,fetch_failed,Workable Robeaute failed: 429,workable,Robeaute,
workable,ryhr,Ryhr,auto,2026-04-08T19:08:42.191Z,,0,0,0,0,0,0,0,TRUE,0,0,1,,,,,low,2,fetch_failed,Workable Ryhr failed: 429,workable,Ryhr,
workable,safcsp,Safcsp,auto,2026-04-08T19:08:48.560Z,,0,0,0,0,0,0,0,TRUE,0,0,1,,,,,low,2,fetch_failed,Workable Safcsp failed: 429,workable,Safcsp,
workable,shift-robotics,Shift Robotics,auto,2026-04-08T19:08:54.905Z,,0,0,0,0,0,0,0,TRUE,0,0,1,,,,,low,2,fetch_failed,Workable Shift Robotics failed: 429,workable,Shift Robotics,
workable,skylarkdrones,Skylarkdrones,auto,2026-04-08T19:09:01.357Z,,0,0,0,0,0,0,0,TRUE,0,0,1,,,,,low,2,fetch_failed,Workable Skylarkdrones failed: 429,workable,Skylarkdrones,
workable,slip-robotics,Slip Robotics,auto,2026-04-08T19:09:07.803Z,,0,0,0,0,0,0,0,TRUE,0,0,1,,,,,low,2,fetch_failed,Workable Slip Robotics failed: 429,workable,Slip Robotics,
workable,sorting-robotics,Sorting Robotics,auto,2026-04-08T19:09:14.240Z,,0,0,0,0,0,0,0,TRUE,0,0,1,,,,,low,2,fetch_failed,Workable Sorting Robotics failed: 429,workable,Sorting Robotics,
workable,ssci,Ssci,auto,2026-04-08T19:09:20.686Z,,0,0,0,0,0,0,0,TRUE,0,0,1,,,,,low,2,fetch_failed,Workable Ssci failed: 429,workable,Ssci,
workable,swiftengineering,Swiftengineering,auto,2026-04-08T19:09:27.148Z,,0,0,0,0,0,0,0,TRUE,0,0,1,,,,,low,2,fetch_failed,Workable Swiftengineering failed: 429,workable,Swiftengineering,
workable,talentsis,Talentsis,auto,2026-04-08T19:09:33.597Z,,0,0,0,0,0,0,0,TRUE,0,0,1,,,,,low,2,fetch_failed,Workable Talentsis failed: 429,workable,Talentsis,
workable,terabase-energy,Terabase Energy,auto,2026-04-08T19:09:39.929Z,,0,0,0,0,0,0,0,TRUE,0,0,1,,,,,low,2,fetch_failed,Workable Terabase Energy failed: 429,workable,Terabase Energy,
workable,unusual-machines,Unusual Machines,auto,2026-04-08T19:09:46.276Z,,0,0,0,0,0,0,0,TRUE,0,0,1,,,,,low,2,fetch_failed,Workable Unusual Machines failed: 429,workable,Unusual Machines,
workable,veterans-launch-inc,Veterans Launch Inc,auto,2026-04-08T19:09:52.717Z,,0,0,0,0,0,0,0,TRUE,0,0,1,,,,,low,2,fetch_failed,Workable Veterans Launch Inc failed: 429,workable,Veterans Launch Inc,
workable,virtual-surveyor,Virtual Surveyor,auto,2026-04-08T19:09:59.163Z,,0,0,0,0,0,0,0,TRUE,0,0,1,,,,,low,2,fetch_failed,Workable Virtual Surveyor failed: 429,workable,Virtual Surveyor,
workable,voom-insurance,Voom Insurance,auto,2026-04-08T19:10:05.586Z,,0,0,0,0,0,0,0,TRUE,0,0,1,,,,,low,2,fetch_failed,Workable Voom Insurance failed: 429,workable,Voom Insurance,
workable,warfel-construction,Warfel Construction,auto,2026-04-08T19:10:12.050Z,,0,0,0,0,0,0,0,TRUE,0,0,1,,,,,low,2,fetch_failed,Workable Warfel Construction failed: 429,workable,Warfel Construction,
workable,xtia,Xtia,auto,2026-04-08T19:10:18.498Z,,0,0,0,0,0,0,0,TRUE,0,0,1,,,,,low,2,fetch_failed,Workable Xtia failed: 429,workable,Xtia,
workable,zerozero,Zerozero,auto,2026-04-08T19:10:24.982Z,,0,0,0,0,0,0,0,TRUE,0,0,1,,,,,low,2,fetch_failed,Workable Zerozero failed: 429,workable,Zerozero,