provider,slug,company,jobs_listed,jobs_relevant,jobs_inserted,jobs_updated,jobs_skipped_old,jobs_skipped_irrelevant,jobs_flagged_partial,jobs_marked_inactive,detail_fetch_success,detail_fetch_failed,fetch_failed,is_empty,bucket_last_run,yield_last_run,scrape_tier,times_seen_empty,times_failed,last_checked_at,last_successful_fetch_at,last_error
ashby,airbound,Airbound,2,2,0,2,0,0,0,0,0,0,false,false,productive,1,high,0,0,2026-04-15T13:55:42.763Z,2026-04-15T13:55:42.763Z,
greenhouse,alpineeagle,Alpineeagle,17,17,0,17,0,0,0,0,0,0,false,false,productive,1,high,0,0,2026-04-15T13:59:28.425Z,2026-04-15T13:59:28.425Z,
ashby,aureliussystems,Aureliussystems,7,7,0,7,0,0,0,0,0,0,false,false,productive,1,high,0,0,2026-04-15T13:55:50.118Z,2026-04-15T13:55:50.118Z,
ashby,breaker,Breaker,3,3,0,3,0,0,0,0,0,0,false,false,productive,1,high,0,0,2026-04-15T13:55:53.362Z,2026-04-15T13:55:53.362Z,
rippling,droneup,DroneUp,4,4,1,3,0,0,0,0,4,0,false,false,productive,1,high,0,0,2026-04-15T14:26:55.660Z,2026-04-15T14:26:55.660Z,
smartrecruiters,MaverickDroneSystems,Maverick Drone Systems,1,1,0,1,0,0,0,0,1,0,false,false,productive,1,high,0,0,2026-04-15T14:20:10.604Z,2026-04-15T14:20:10.604Z,
ashby,poseidonaero,Poseidonaero,15,15,9,6,0,0,0,0,0,0,false,false,productive,1,high,0,0,2026-04-15T13:57:48.528Z,2026-04-15T13:57:48.528Z,
lever,skysafe,Skysafe,4,4,0,4,0,0,0,0,0,0,false,false,productive,1,high,0,0,2026-04-15T14:13:10.948Z,2026-04-15T14:13:10.948Z,
lever,Terraformation,Terraformation,1,1,0,1,0,0,0,0,0,0,false,false,productive,1,high,0,0,2026-04-15T14:13:21.056Z,2026-04-15T14:13:21.056Z,
greenhouse,zone5technologies,Zone5technologies,71,70,0,70,0,1,0,0,0,0,false,false,productive,0.9859154929577465,high,0,0,2026-04-15T14:02:14.904Z,2026-04-15T14:02:14.904Z,
greenhouse,flyzipline,Zipline,190,177,3,174,0,13,0,1,0,0,false,false,productive,0.9315789473684211,high,0,0,2026-04-15T14:01:17.785Z,2026-04-15T14:01:17.785Z,
greenhouse,nerostechnologies,Autonomy,53,49,47,2,0,4,0,0,0,0,false,false,productive,0.9245283018867925,high,0,0,2026-04-15T14:34:03.421Z,2026-04-15T14:34:03.421Z,
rippling,pdwcareers,Embedded Systems Technician,36,33,31,2,0,3,0,0,36,0,false,false,productive,0.9166666666666666,high,0,0,2026-04-15T14:32:02.816Z,2026-04-15T14:32:02.816Z,
greenhouse,gatherai,Gatherai,28,25,0,25,0,3,0,1,0,0,false,false,productive,0.8928571428571429,high,0,0,2026-04-15T14:01:20.941Z,2026-04-15T14:01:20.941Z,
teamtailor,callenlenz,Principal Technologist,24,20,18,2,3,1,0,0,0,0,false,false,productive,0.8333333333333334,high,0,0,2026-04-15T14:35:15.232Z,2026-04-15T14:35:15.232Z,
greenhouse,arxroboticsgmbh,Arxroboticsgmbh,29,24,0,24,0,5,0,0,0,0,false,false,productive,0.8275862068965517,high,0,0,2026-04-15T14:00:40.481Z,2026-04-15T14:00:40.481Z,
lever,dronedeploy,DroneDeploy,11,9,0,9,2,0,0,1,0,0,false,false,productive,0.8181818181818182,high,0,0,2026-04-15T14:05:59.652Z,2026-04-15T14:05:59.652Z,
ashby,zeromark,Computer Vision Engineer (Object Detection & Tracking),10,8,6,2,1,1,0,0,0,0,false,false,productive,0.8,high,0,0,2026-04-15T14:29:38.960Z,2026-04-15T14:29:38.960Z,
ashby,odys-aviation,Odys Aviation,14,11,0,11,2,1,0,0,0,0,false,false,productive,0.7857142857142857,high,0,0,2026-04-15T13:57:20.836Z,2026-04-15T13:57:20.836Z,
ashby,Sine Engineering,Sine Engineering,14,11,0,11,1,2,0,0,0,0,false,false,productive,0.7857142857142857,high,0,0,2026-04-15T13:58:34.137Z,2026-04-15T13:58:34.137Z,
ashby,Sine%20Engineering,Sine%20Engineering,14,11,0,11,1,2,0,0,0,0,false,false,productive,0.7857142857142857,high,0,0,2026-04-15T13:58:35.377Z,2026-04-15T13:58:35.377Z,
greenhouse,gatikaiinc,Gatikaiinc,60,47,0,47,0,13,0,8,0,0,false,false,productive,0.7833333333333333,high,0,0,2026-04-15T14:01:26.477Z,2026-04-15T14:01:26.477Z,
greenhouse,anellophotonics,Defense/Government Programs (Autonomy & Navigation ...,9,7,5,2,0,2,0,0,0,0,false,false,productive,0.7777777777777778,high,0,0,2026-04-15T14:32:14.294Z,2026-04-15T14:32:14.294Z,
ashby,mirai-robotics,Mirai Robotics,4,3,0,3,1,0,0,0,0,0,false,false,productive,0.75,high,0,0,2026-04-15T13:57:04.787Z,2026-04-15T13:57:04.787Z,
ashby,sphere-defense,Sphere Defense,8,6,0,6,0,2,0,0,0,0,false,false,productive,0.75,high,0,0,2026-04-15T13:58:48.353Z,2026-04-15T13:58:48.353Z,
ashby,robin-radar,Robin Radar,23,17,0,17,2,4,0,0,0,0,false,false,productive,0.7391304347826086,high,0,0,2026-04-15T13:58:18.591Z,2026-04-15T13:58:18.591Z,
ashby,Fiducial,Fiducial,11,8,0,8,3,0,0,0,0,0,false,false,productive,0.7272727272727273,high,0,0,2026-04-15T13:56:14.332Z,2026-04-15T13:56:14.332Z,
ashby,tycho-ai,Tycho Ai,7,5,0,5,0,2,0,0,0,0,false,false,productive,0.7142857142857143,high,0,0,2026-04-15T13:59:14.480Z,2026-04-15T13:59:14.480Z,
teamtailor,delair,Delair,20,14,8,6,6,0,0,2,0,0,false,false,productive,0.7,high,0,0,2026-04-15T14:26:51.052Z,2026-04-15T14:26:51.052Z,
ashby,stealth startup,Stealth Startup,3,2,0,2,0,1,0,0,0,0,false,false,productive,0.6666666666666666,high,0,0,2026-04-15T13:58:54.514Z,2026-04-15T13:58:54.514Z,
ashby,skydio,Skydio,123,80,0,80,38,5,0,1,0,0,false,false,productive,0.6504065040650406,high,0,0,2026-04-15T13:58:45.625Z,2026-04-15T13:58:45.625Z,
ashby,noda-ai,Noda Ai,11,7,0,7,4,0,0,0,0,0,false,false,productive,0.6363636363636364,high,0,0,2026-04-15T13:57:14.185Z,2026-04-15T13:57:14.185Z,
lever,roadrunner-studios,Roadrunner Studios,8,5,0,5,0,3,0,0,0,0,false,false,productive,0.625,high,0,0,2026-04-15T14:12:30.901Z,2026-04-15T14:12:30.901Z,
rippling,swift-engineering,UAV Test Engineer,12,7,4,3,1,4,0,0,12,0,false,false,productive,0.5833333333333334,high,0,0,2026-04-15T14:30:04.525Z,2026-04-15T14:30:04.525Z,
lever,d-fendsolutions,D-Fend Solutions,35,20,1,19,13,2,0,0,0,0,false,false,productive,0.5714285714285714,high,0,0,2026-04-15T14:05:41.002Z,2026-04-15T14:05:41.002Z,
ashby,realmalliance,Realmalliance,7,4,0,4,2,1,0,0,0,0,false,false,productive,0.5714285714285714,high,0,0,2026-04-15T13:58:02.843Z,2026-04-15T13:58:02.843Z,
rippling,droneshield,DroneShield,100,53,50,3,45,2,0,0,100,0,false,false,productive,0.53,high,0,0,2026-04-15T14:29:23.165Z,2026-04-15T14:29:23.165Z,
lever,audinate,Audinate,2,1,0,1,0,1,0,0,0,0,false,false,productive,0.5,high,0,0,2026-04-15T14:03:46.244Z,2026-04-15T14:03:46.244Z,
rippling,syos-aerospace-uk,"Head of Vehicle Design, Maritime",8,4,1,3,3,1,0,0,8,0,false,false,productive,0.5,high,0,0,2026-04-15T14:29:50.702Z,2026-04-15T14:29:50.702Z,
rippling,syos-aerospace,IT Support Engineer,4,2,0,2,1,1,0,0,4,0,false,false,productive,0.5,high,0,0,2026-04-15T14:35:17.762Z,2026-04-15T14:35:17.762Z,
ashby,marcohire,Marcohire,8,4,0,4,1,3,0,0,0,0,false,false,productive,0.5,high,0,0,2026-04-15T13:57:00.491Z,2026-04-15T13:57:00.491Z,
teamtailor,lendurai,Systems Engineer,4,2,0,2,2,0,0,0,0,0,false,false,productive,0.5,high,0,0,2026-04-15T14:34:31.161Z,2026-04-15T14:34:31.161Z,
ashby,harmattan-ai,Harmattan Ai,96,45,0,45,8,43,0,1,0,0,false,false,productive,0.46875,high,0,0,2026-04-15T13:56:43.061Z,2026-04-15T13:56:43.061Z,
ashby,se3,Se3,12,5,0,5,6,1,0,0,0,0,false,false,productive,0.4166666666666667,medium,0,0,2026-04-15T13:58:23.468Z,2026-04-15T13:58:23.468Z,
ashby,brinc,Brinc,22,9,0,9,12,1,0,0,0,0,false,false,productive,0.4090909090909091,high,0,0,2026-04-15T13:55:54.471Z,2026-04-15T13:55:54.471Z,
ashby,havocai,Havocai,27,11,0,11,1,15,0,0,0,0,false,false,productive,0.4074074074074074,medium,0,0,2026-04-15T13:56:45.058Z,2026-04-15T13:56:45.058Z,
lever,cx2,Cx2,10,4,0,4,0,6,0,0,0,0,false,false,productive,0.4,medium,0,0,2026-04-15T14:05:25.472Z,2026-04-15T14:05:25.472Z,
ashby,arxlight-ai,Arxlight Ai,9,3,0,3,0,6,0,0,0,0,false,false,productive,0.3333333333333333,medium,0,0,2026-04-15T13:55:48.286Z,2026-04-15T13:55:48.286Z,
ashby,compound-eye,Compound Eye,3,1,0,1,0,2,0,0,0,0,false,false,productive,0.3333333333333333,medium,0,0,2026-04-15T13:56:01.508Z,2026-04-15T13:56:01.508Z,
ashby,delian,Delian,6,2,0,2,0,4,0,0,0,0,false,false,productive,0.3333333333333333,medium,0,0,2026-04-15T13:56:04.471Z,2026-04-15T13:56:04.471Z,
ashby,sentinel-eagle,Sentinel Eagle,3,1,0,1,0,2,0,1,0,0,false,false,productive,0.3333333333333333,medium,0,0,2026-04-15T13:58:26.044Z,2026-04-15T13:58:26.044Z,
greenhouse,sesai,Sesai,53,16,0,16,0,37,0,2,0,0,false,false,productive,0.3018867924528302,medium,0,0,2026-04-15T14:01:54.748Z,2026-04-15T14:01:54.748Z,
greenhouse,brightai,Brightai,10,3,0,3,3,4,0,0,0,0,false,false,productive,0.3,medium,0,0,2026-04-15T14:00:50.673Z,2026-04-15T14:00:50.673Z,
lever,skyways,Skyways,20,6,0,6,6,8,0,0,0,0,false,false,productive,0.3,medium,0,0,2026-04-15T14:13:13.996Z,2026-04-15T14:13:13.996Z,
lever,orbaerospace,Orbaerospace,17,5,0,5,12,0,0,0,0,0,false,false,productive,0.29411764705882354,medium,0,0,2026-04-15T14:10:22.898Z,2026-04-15T14:10:22.898Z,
greenhouse,aevexaerospace,Aevexaerospace,114,32,0,32,0,82,0,0,0,0,false,false,productive,0.2807017543859649,medium,0,0,2026-04-15T13:59:26.436Z,2026-04-15T13:59:26.436Z,
ashby,swarmer,Swarmer,23,6,2,4,9,8,0,7,0,0,false,false,productive,0.2608695652173913,medium,0,0,2026-04-15T13:59:03.270Z,2026-04-15T13:59:03.270Z,
ashby,distributed-spectrum,Distributed Spectrum,4,1,0,1,0,3,0,0,0,0,false,false,productive,0.25,medium,0,0,2026-04-15T13:56:05.084Z,2026-04-15T13:56:05.084Z,
ashby,lat,Lat,8,2,0,2,6,0,0,0,0,0,false,false,productive,0.25,medium,0,0,2026-04-15T13:56:51.254Z,2026-04-15T13:56:51.254Z,
bamboohr,skycatch,Skycatch,4,1,0,1,3,0,0,0,4,0,false,false,productive,0.25,medium,0,0,2026-04-15T14:26:58.537Z,2026-04-15T14:26:58.537Z,
ashby,swan,Swan,8,2,0,2,6,0,0,0,0,0,false,false,productive,0.25,medium,0,0,2026-04-15T13:58:56.720Z,2026-04-15T13:58:56.720Z,
ashby,Flock Safety,Flock Safety,65,16,0,16,8,41,0,0,0,0,false,false,productive,0.24615384615384617,medium,0,0,2026-04-15T13:56:20.877Z,2026-04-15T13:56:20.877Z,
ashby,Flock%20Safety,Flock%20Safety,65,16,0,16,8,41,0,0,0,0,false,false,productive,0.24615384615384617,medium,0,0,2026-04-15T13:56:22.829Z,2026-04-15T13:56:22.829Z,
ashby,mach,Mach,66,15,0,15,28,23,0,2,0,0,false,false,productive,0.22727272727272727,medium,0,0,2026-04-15T13:56:58.561Z,2026-04-15T13:56:58.561Z,
ashby,voyant-photonics,Voyant Photonics,22,5,0,5,15,2,0,1,0,0,false,false,productive,0.22727272727272727,medium,0,0,2026-04-15T13:59:20.249Z,2026-04-15T13:59:20.249Z,
ashby,matter-intelligence,Matter Intelligence,14,3,0,3,0,11,0,0,0,0,false,false,productive,0.21428571428571427,medium,0,0,2026-04-15T13:57:01.831Z,2026-04-15T13:57:01.831Z,
greenhouse,andurilindustries,Anduril,1829,389,4,385,0,1440,0,12,0,0,false,false,productive,0.21268452706396937,medium,0,0,2026-04-15T14:00:32.132Z,2026-04-15T14:00:32.132Z,
lever,shieldai,Shield AI,262,55,2,53,109,98,0,5,0,0,false,false,productive,0.2099236641221374,medium,0,0,2026-04-15T14:12:54.768Z,2026-04-15T14:12:54.768Z,
lever,merlinlabs,Merlinlabs,24,5,0,5,18,1,0,0,0,0,false,false,productive,0.20833333333333334,medium,0,0,2026-04-15T14:10:11.954Z,2026-04-15T14:10:11.954Z,
ashby,niantic-spatial,Niantic Spatial,5,1,0,1,0,4,0,0,0,0,false,false,productive,0.2,medium,0,0,2026-04-15T13:57:12.410Z,2026-04-15T13:57:12.410Z,
ashby,generalrobotics,Generalrobotics,6,1,0,1,0,5,0,0,0,0,false,false,productive,0.16666666666666666,medium,0,0,2026-04-15T13:56:28.620Z,2026-04-15T13:56:28.620Z,
lever,ltaresearch,Ltaresearch,12,2,0,2,3,7,0,0,0,0,false,false,productive,0.16666666666666666,medium,0,0,2026-04-15T14:09:44.985Z,2026-04-15T14:09:44.985Z,
ashby,northvectordynamics,Northvectordynamics,6,1,0,1,0,5,0,0,0,0,false,false,productive,0.16666666666666666,medium,0,0,2026-04-15T13:57:14.910Z,2026-04-15T13:57:14.910Z,
lever,wingtra-2,Wingtra,6,1,0,1,3,2,0,2,0,0,false,false,productive,0.16666666666666666,medium,0,0,2026-04-15T14:15:31.981Z,2026-04-15T14:15:31.981Z,
ashby,aerovect,Aerovect,19,3,0,3,2,14,0,0,0,0,false,false,productive,0.15789473684210525,medium,0,0,2026-04-15T13:55:40.091Z,2026-04-15T13:55:40.091Z,
greenhouse,morsecorp,Morsecorp,33,5,0,5,16,12,0,0,0,0,false,false,productive,0.15151515151515152,medium,0,0,2026-04-15T14:01:42.086Z,2026-04-15T14:01:42.086Z,
ashby,reliable-robotics,Reliable Robotics,62,9,0,9,8,45,0,0,0,0,false,false,productive,0.14516129032258066,medium,0,0,2026-04-15T13:58:11.035Z,2026-04-15T13:58:11.035Z,
lever,pivotal,Pivotal,24,3,0,3,9,12,0,0,0,0,false,false,productive,0.125,medium,0,0,2026-04-15T14:11:02.068Z,2026-04-15T14:11:02.068Z,
ashby,point-one-navigation,Point One Navigation,9,1,0,1,5,3,0,0,0,0,false,false,productive,0.1111111111111111,medium,0,0,2026-04-15T13:57:27.341Z,2026-04-15T13:57:27.341Z,
ashby,unitxlabs,Unitxlabs,9,1,0,1,1,7,0,0,0,0,false,false,productive,0.1111111111111111,medium,0,0,2026-04-15T13:59:14.993Z,2026-04-15T13:59:14.993Z,
lever,freedomsolarpower,Freedomsolarpower,19,2,0,2,7,10,0,0,0,0,false,false,productive,0.10526315789473684,medium,0,0,2026-04-15T14:06:53.456Z,2026-04-15T14:06:53.456Z,
rippling,singularity-defense,Drone Pilot / UAS Test Operator,20,2,0,2,4,14,0,0,20,0,false,false,productive,0.1,medium,0,0,2026-04-15T14:30:37.953Z,2026-04-15T14:30:37.953Z,
lever,Emesent,Emesent,10,1,0,1,3,6,0,1,0,0,false,false,productive,0.1,medium,0,0,2026-04-15T14:06:44.656Z,2026-04-15T14:06:44.656Z,
lever,make-rain,Make Rain,10,1,0,1,3,6,0,2,0,0,false,false,productive,0.1,medium,0,0,2026-04-15T14:09:58.430Z,2026-04-15T14:09:58.430Z,
greenhouse,axon,Axon,520,50,0,50,0,470,0,1,0,0,false,false,productive,0.09615384615384616,low,0,0,2026-04-15T14:00:49.934Z,2026-04-15T14:00:49.934Z,
lever,revealtech,Revealtech,11,1,0,1,1,9,0,1,0,0,false,false,productive,0.09090909090909091,low,0,0,2026-04-15T14:12:04.025Z,2026-04-15T14:12:04.025Z,
ashby,treeswift,Treeswift,11,1,0,1,1,9,0,0,0,0,false,false,productive,0.09090909090909091,low,0,0,2026-04-15T13:59:13.234Z,2026-04-15T13:59:13.234Z,
rippling,advanced-navigation,EMEA Bid Manager,12,1,0,1,3,8,0,0,12,0,false,false,productive,0.08333333333333333,low,0,0,2026-04-15T14:29:43.668Z,2026-04-15T14:29:43.668Z,
lever,pyka,Pyka,12,1,0,1,9,2,0,0,0,0,false,false,productive,0.08333333333333333,low,0,0,2026-04-15T14:11:49.339Z,2026-04-15T14:11:49.339Z,
greenhouse,rvi,Rvi,12,1,0,1,0,11,0,0,0,0,false,false,productive,0.08333333333333333,low,0,0,2026-04-15T14:01:48.867Z,2026-04-15T14:01:48.867Z,
ashby,persona.ai,Persona.Ai,13,1,0,1,7,5,0,0,0,0,false,false,productive,0.07692307692307693,low,0,0,2026-04-15T13:57:25.071Z,2026-04-15T13:57:25.071Z,
greenhouse,weedmaps77,Weedmaps77,26,2,0,2,2,22,0,0,0,0,false,false,productive,0.07692307692307693,low,0,0,2026-04-15T14:35:18.464Z,2026-04-15T14:35:18.464Z,
lever,venusaero,Venusaero,14,1,0,1,4,9,0,0,0,0,false,false,productive,0.07142857142857142,low,0,0,2026-04-15T14:14:32.852Z,2026-04-15T14:14:32.852Z,
lever,mythic-ai.com,Mythic Ai.Com,16,1,0,1,12,3,0,0,0,0,false,false,productive,0.0625,low,0,0,2026-04-15T14:10:18.973Z,2026-04-15T14:10:18.973Z,
ashby,spear-ai,Spear Ai,17,1,0,1,0,16,0,1,0,0,false,false,productive,0.058823529411764705,low,0,0,2026-04-15T13:58:46.999Z,2026-04-15T13:58:46.999Z,
greenhouse,vatnsystems,Vatnsystems,17,1,0,1,0,16,0,0,0,0,false,false,productive,0.058823529411764705,low,0,0,2026-04-15T14:02:06.260Z,2026-04-15T14:02:06.260Z,
lever,achievers,Achievers,18,1,0,1,4,13,0,0,0,0,false,false,productive,0.05555555555555555,low,0,0,2026-04-15T14:02:32.434Z,2026-04-15T14:02:32.434Z,
greenhouse,aurorainnovation,Aurorainnovation,173,8,0,8,0,165,0,0,0,0,false,false,productive,0.046242774566473986,low,0,0,2026-04-15T14:00:42.235Z,2026-04-15T14:00:42.235Z,
lever,anybotics,Anybotics,22,1,0,1,10,11,0,0,0,0,false,false,productive,0.045454545454545456,low,0,0,2026-04-15T14:03:25.062Z,2026-04-15T14:03:25.062Z,
lever,capstan-medical,Capstan Medical,23,1,0,1,0,22,0,0,0,0,false,false,productive,0.043478260869565216,low,0,0,2026-04-15T14:04:41.975Z,2026-04-15T14:04:41.975Z,
greenhouse,appliedintuition,Appliedintuition,195,8,2,6,0,187,0,0,0,0,false,false,productive,0.041025641025641026,low,0,0,2026-04-15T14:00:37.798Z,2026-04-15T14:00:37.798Z,
ashby,OnHires,OnHires,49,2,0,2,0,47,0,0,0,0,false,false,productive,0.04081632653061224,low,0,0,2026-04-15T13:57:24.060Z,2026-04-15T13:57:24.060Z,
lever,saronic,Saronic,270,11,0,11,145,114,0,1,0,0,false,false,productive,0.040740740740740744,low,0,0,2026-04-15T14:12:38.700Z,2026-04-15T14:12:38.700Z,
lever,threattec,Threattec,53,2,0,2,38,13,0,0,0,0,false,false,productive,0.03773584905660377,low,0,0,2026-04-15T14:13:35.804Z,2026-04-15T14:13:35.804Z,
lever,Nomagic,Nomagic,27,1,0,1,9,17,0,0,0,0,false,false,productive,0.037037037037037035,low,0,0,2026-04-15T14:10:20.515Z,2026-04-15T14:10:20.515Z,
lever,hermeus,Hermeus,114,4,0,4,54,56,0,0,0,0,false,false,productive,0.03508771929824561,low,0,0,2026-04-15T14:06:57.151Z,2026-04-15T14:06:57.151Z,
lever,cabonorte,Cabonorte,69,2,0,2,35,32,0,0,0,0,false,false,productive,0.028985507246376812,low,0,0,2026-04-15T14:04:31.671Z,2026-04-15T14:04:31.671Z,
greenhouse,doordashusa,Robotics Software Engineer,452,12,10,2,0,440,0,0,0,0,false,false,productive,0.02654867256637168,low,0,0,2026-04-15T14:34:30.622Z,2026-04-15T14:34:30.622Z,
greenhouse,altentechnologyusa,Altentechnologyusa,139,3,0,3,0,136,0,0,0,0,false,false,productive,0.02158273381294964,low,0,0,2026-04-15T13:59:29.240Z,2026-04-15T13:59:29.240Z,
lever,verkor,Verkor,52,1,0,1,8,43,0,0,0,0,false,false,productive,0.019230769230769232,low,0,0,2026-04-15T14:14:47.460Z,2026-04-15T14:14:47.460Z,
lever,CordTechnologies,CordTechnologies,68,1,0,1,35,32,0,0,0,0,false,false,productive,0.014705882352941176,low,0,0,2026-04-15T14:05:12.666Z,2026-04-15T14:05:12.666Z,
lever,field-ai,Field AI,69,1,0,1,28,40,0,0,0,0,false,false,productive,0.014492753623188406,low,0,0,2026-04-15T14:06:50.363Z,2026-04-15T14:06:50.363Z,
smartrecruiters,AbbVie,AbbVie,100,1,0,1,0,99,0,0,100,0,false,false,productive,0.01,low,0,0,2026-04-15T14:16:27.014Z,2026-04-15T14:16:27.014Z,
smartrecruiters,SopraSteria1,SopraSteria1,100,1,0,1,0,99,0,0,100,0,false,false,productive,0.01,low,0,0,2026-04-15T14:22:55.773Z,2026-04-15T14:22:55.773Z,
greenhouse,woolpert,Woolpert,111,1,0,1,0,110,0,1,0,0,false,false,productive,0.009009009009009009,low,0,0,2026-04-15T14:02:08.292Z,2026-04-15T14:02:08.292Z,
lever,palantir,Palantir,235,2,0,2,193,40,0,0,0,0,false,false,productive,0.00851063829787234,low,0,0,2026-04-15T14:10:42.001Z,2026-04-15T14:10:42.001Z,
lever,wadetrim,Wadetrim,125,1,0,1,79,45,0,0,0,0,false,false,productive,0.008,low,0,0,2026-04-15T14:15:00.344Z,2026-04-15T14:15:00.344Z,
ashby,hadrian-automation,Hadrian Automation,147,1,0,1,46,100,0,0,0,0,false,false,productive,0.006802721088435374,low,0,0,2026-04-15T13:56:33.258Z,2026-04-15T13:56:33.258Z,
greenhouse,trueanomalyinc,Trueanomalyinc,165,1,0,1,0,164,0,0,0,0,false,false,productive,0.006060606060606061,low,0,0,2026-04-15T14:02:05.682Z,2026-04-15T14:02:05.682Z,
greenhouse,indiecampers,Indiecampers,828,5,0,5,0,823,0,0,0,0,false,false,productive,0.006038647342995169,low,0,0,2026-04-15T14:01:37.601Z,2026-04-15T14:01:37.601Z,
greenhouse,mongodb,Mongodb,415,2,0,2,0,413,0,0,0,0,false,false,productive,0.004819277108433735,low,0,0,2026-04-15T14:01:41.397Z,2026-04-15T14:01:41.397Z,
greenhouse,spacex,Spacex,1553,3,0,3,0,1550,0,0,0,0,false,false,productive,0.0019317450096587251,low,0,0,2026-04-15T14:02:03.839Z,2026-04-15T14:02:03.839Z,
lever,tsmg,Tsmg,3092,1,0,1,2383,708,0,0,0,0,false,false,productive,0.0003234152652005175,low,0,0,2026-04-15T14:14:25.595Z,2026-04-15T14:14:25.595Z,
greenhouse,24hourhomecare,24hourhomecare,33,0,0,0,0,33,0,0,0,0,false,false,irrelevant_only,0,low,0,0,2026-04-15T13:59:22.947Z,2026-04-15T13:59:22.947Z,
lever,360learning,360learning,39,0,0,0,24,15,0,0,0,0,false,false,irrelevant_only,0,low,0,0,2026-04-15T14:02:18.493Z,2026-04-15T14:02:18.493Z,
lever,90seconds,90seconds,5,0,0,0,4,1,0,0,0,0,false,false,irrelevant_only,0,low,0,0,2026-04-15T14:02:20.532Z,2026-04-15T14:02:20.532Z,
ashby,abridge,Abridge,61,0,0,0,22,39,0,0,0,0,false,false,irrelevant_only,0,low,0,0,2026-04-15T13:55:38.412Z,2026-04-15T13:55:38.412Z,
smartrecruiters,aerovect,Aerovect,6,0,0,0,6,0,0,0,6,0,false,false,old_only,0,low,0,0,2026-04-15T14:16:29.894Z,2026-04-15T14:16:29.894Z,
ashby,aetherflux,Aetherflux,26,0,0,0,7,19,0,0,0,0,false,false,irrelevant_only,0,low,0,0,2026-04-15T13:55:41.189Z,2026-04-15T13:55:41.189Z,
lever,aeva,Aeva,38,0,0,0,24,14,0,0,0,0,false,false,irrelevant_only,0,low,0,0,2026-04-15T14:02:45.501Z,2026-04-15T14:02:45.501Z,
lever,Agerpoint,Agerpoint,1,0,0,0,1,0,0,0,0,0,false,false,old_only,0,low,0,0,2026-04-15T14:02:49.450Z,2026-04-15T14:02:49.450Z,
greenhouse,agilityrobotics,Agilityrobotics,47,0,0,0,0,47,0,0,0,0,false,false,irrelevant_only,0,low,0,0,2026-04-15T13:59:26.724Z,2026-04-15T13:59:26.724Z,
smartrecruiters,AI-Adam,AI Adam,0,0,0,0,0,0,0,0,0,0,false,true,empty,0,dead,8,0,2026-04-15T14:16:30.020Z,2026-04-15T14:16:30.020Z,
ashby,aim,Aim,17,0,0,0,0,17,0,0,0,0,false,false,irrelevant_only,0,low,0,0,2026-04-15T13:55:41.975Z,2026-04-15T13:55:41.975Z,
ashby,airops,Airops,29,0,0,0,12,17,0,0,0,0,false,false,irrelevant_only,0,low,0,0,2026-04-15T13:55:44.556Z,2026-04-15T13:55:44.556Z,
lever,ajax,Ajax,233,0,0,0,87,146,0,0,0,0,false,false,irrelevant_only,0,low,0,0,2026-04-15T14:02:53.510Z,2026-04-15T14:02:53.510Z,
lever,aleph,Aleph,99,0,0,0,30,69,0,0,0,0,false,false,irrelevant_only,0,low,0,0,2026-04-15T14:02:56.546Z,2026-04-15T14:02:56.546Z,
ashby,alta-ares,Alta Ares,0,0,0,0,0,0,0,0,0,0,true,true,fetch_failed,0,low,0,8,2026-04-15T13:55:44.728Z,,Ashby Alta Ares failed: 404
ashby,altura,Altura,2,0,0,0,0,2,0,0,0,0,false,false,irrelevant_only,0,low,0,0,2026-04-15T13:55:45.425Z,2026-04-15T13:55:45.425Z,
lever,anavationllc,Anavationllc,44,0,0,0,13,31,0,0,0,0,false,false,irrelevant_only,0,low,0,0,2026-04-15T14:03:20.644Z,2026-04-15T14:03:20.644Z,
smartrecruiters,AngellEchoMagikid,AngellEchoMagikid,7,0,0,0,7,0,0,0,7,0,false,false,old_only,0,low,0,0,2026-04-15T14:16:33.153Z,2026-04-15T14:16:33.153Z,
ashby,Antares,Antares,25,0,0,0,14,11,0,0,0,0,false,false,irrelevant_only,0,low,0,0,2026-04-15T13:55:47.382Z,2026-04-15T13:55:47.382Z,
lever,applydigital,Applydigital,39,0,0,0,13,26,0,0,0,0,false,false,irrelevant_only,0,low,0,0,2026-04-15T14:03:27.828Z,2026-04-15T14:03:27.828Z,
greenhouse,apptronik,Apptronik,52,0,0,0,0,52,0,0,0,0,false,false,irrelevant_only,0,low,0,0,2026-04-15T14:00:38.198Z,2026-04-15T14:00:38.198Z,
lever,aquabyte,Aquabyte,14,0,0,0,6,8,0,0,0,0,false,false,irrelevant_only,0,low,0,0,2026-04-15T14:03:38.884Z,2026-04-15T14:03:38.884Z,
lever,arraylabs.io,Arraylabs.Io,27,0,0,0,12,15,0,0,0,0,false,false,irrelevant_only,0,low,0,0,2026-04-15T14:03:45.866Z,2026-04-15T14:03:45.866Z,
ashby,atlan,Atlan,13,0,0,0,5,8,0,0,0,0,false,false,irrelevant_only,0,low,0,0,2026-04-15T13:55:48.899Z,2026-04-15T13:55:48.899Z,
greenhouse,attorneysfriedfrankharrisshriverjacobsonllp,Attorneysfriedfrankharrisshriverjacobsonllp,13,0,0,0,0,13,0,0,0,0,false,false,irrelevant_only,0,low,0,0,2026-04-15T14:00:40.684Z,2026-04-15T14:00:40.684Z,
lever,autoroboto,Autoroboto,11,0,0,0,11,0,0,0,0,0,false,false,old_only,0,low,0,0,2026-04-15T14:03:56.852Z,2026-04-15T14:03:56.852Z,
greenhouse,axogen,Axogen,23,0,0,0,0,23,0,0,0,0,false,false,irrelevant_only,0,low,0,0,2026-04-15T14:00:42.542Z,2026-04-15T14:00:42.542Z,
ashby,backflip.ai,Backflip.Ai,0,0,0,0,0,0,0,0,0,0,false,true,empty,0,dead,7,0,2026-04-15T13:55:50.584Z,2026-04-15T13:55:50.584Z,
ashby,bedrock-robotics,Bedrock Robotics,21,0,0,0,2,19,0,0,0,0,false,false,irrelevant_only,0,low,0,0,2026-04-15T13:55:51.484Z,2026-04-15T13:55:51.484Z,
smartrecruiters,BestgateEngineering,BestgateEngineering,3,0,0,0,3,0,0,0,3,0,false,false,old_only,0,low,0,0,2026-04-15T14:16:34.906Z,2026-04-15T14:16:34.906Z,
lever,beta,Beta,0,0,0,0,0,0,0,0,0,0,false,true,empty,0,dead,3,0,2026-04-15T14:04:07.345Z,2026-04-15T14:04:07.345Z,
ashby,Blacksmith,Blacksmith,12,0,0,0,8,4,0,0,0,0,false,false,irrelevant_only,0,low,0,0,2026-04-15T13:55:52.135Z,2026-04-15T13:55:52.135Z,
ashby,bliro,Bliro,8,0,0,0,1,7,0,0,0,0,false,false,irrelevant_only,0,low,0,0,2026-04-15T13:55:52.390Z,2026-04-15T13:55:52.390Z,
greenhouse,botauto,Botauto,17,0,0,0,4,13,0,0,0,0,false,false,irrelevant_only,0,low,0,0,2026-04-15T14:00:50.214Z,2026-04-15T14:00:50.214Z,
lever,boxbot,Boxbot,6,0,0,0,6,0,0,0,0,0,false,false,old_only,0,low,0,0,2026-04-15T14:04:10.087Z,2026-04-15T14:04:10.087Z,
lever,brightmachines,Brightmachines,26,0,0,0,0,26,0,0,0,0,false,false,irrelevant_only,0,low,0,0,2026-04-15T14:04:18.439Z,2026-04-15T14:04:18.439Z,
ashby,built-robotics,Built Robotics,2,0,0,0,2,0,0,0,0,0,false,false,old_only,0,low,0,0,2026-04-15T13:55:54.681Z,2026-04-15T13:55:54.681Z,
smartrecruiters,BuiltRobotics,BuiltRobotics,0,0,0,0,0,0,0,0,0,0,false,true,empty,0,dead,8,0,2026-04-15T14:16:34.979Z,2026-04-15T14:16:34.979Z,
lever,c12qe,C12qe,8,0,0,0,1,7,0,0,0,0,false,false,irrelevant_only,0,low,0,0,2026-04-15T14:04:26.194Z,2026-04-15T14:04:26.194Z,
ashby,callosum,Callosum,2,0,0,0,0,2,0,0,0,0,false,false,irrelevant_only,0,low,0,0,2026-04-15T13:55:55.652Z,2026-04-15T13:55:55.652Z,
ashby,campfire,Campfire,21,0,0,0,16,5,0,0,0,0,false,false,irrelevant_only,0,low,0,0,2026-04-15T13:55:55.925Z,2026-04-15T13:55:55.925Z,
lever,cdcfoundation,Cdcfoundation,28,0,0,0,3,25,0,0,0,0,false,false,irrelevant_only,0,low,0,0,2026-04-15T14:04:50.561Z,2026-04-15T14:04:50.561Z,
lever,CesiumAstro,CesiumAstro,189,0,0,0,63,126,0,0,0,0,false,false,irrelevant_only,0,low,0,0,2026-04-15T14:05:01.591Z,2026-04-15T14:05:01.591Z,
ashby,character,Character,16,0,0,0,12,4,0,0,0,0,false,false,irrelevant_only,0,low,0,0,2026-04-15T13:55:56.214Z,2026-04-15T13:55:56.214Z,
ashby,charge-robotics,Charge Robotics,14,0,0,0,7,7,0,0,0,0,false,false,irrelevant_only,0,low,0,0,2026-04-15T13:55:56.463Z,2026-04-15T13:55:56.463Z,
lever,ChefRobotics,ChefRobotics,14,0,0,0,9,5,0,0,0,0,false,false,irrelevant_only,0,low,0,0,2026-04-15T14:05:02.512Z,2026-04-15T14:05:02.512Z,
ashby,clasp-group,Clasp Group,16,0,0,0,0,16,0,0,0,0,false,false,irrelevant_only,0,low,0,0,2026-04-15T13:55:57.401Z,2026-04-15T13:55:57.401Z,
ashby,close,Close,9,0,0,0,1,8,0,0,0,0,false,false,irrelevant_only,0,low,0,0,2026-04-15T13:55:58.031Z,2026-04-15T13:55:58.031Z,
greenhouse,coalition,Coalition,25,0,0,0,0,25,0,0,0,0,false,false,irrelevant_only,0,low,0,0,2026-04-15T14:00:51.003Z,2026-04-15T14:00:51.003Z,
ashby,cobot,Cobot,14,0,0,0,2,12,0,1,0,0,false,false,irrelevant_only,0,low,0,0,2026-04-15T13:55:58.926Z,2026-04-15T13:55:58.926Z,
ashby,cocodelivery,Cocodelivery,14,0,0,0,3,11,0,0,0,0,false,false,irrelevant_only,0,low,0,0,2026-04-15T13:55:59.556Z,2026-04-15T13:55:59.556Z,
greenhouse,codalinc,Codalinc,23,0,0,0,0,23,0,0,0,0,false,false,irrelevant_only,0,low,0,0,2026-04-15T14:00:51.542Z,2026-04-15T14:00:51.542Z,
ashby,coderabbit,Coderabbit,29,0,0,0,10,19,0,0,0,0,false,false,irrelevant_only,0,low,0,0,2026-04-15T13:56:00.788Z,2026-04-15T13:56:00.788Z,
lever,CollectlyInc,CollectlyInc,11,0,0,0,3,8,0,0,0,0,false,false,irrelevant_only,0,low,0,0,2026-04-15T14:05:03.696Z,2026-04-15T14:05:03.696Z,
rippling,panthera-careers,Conservation Technology Director,16,0,0,0,8,8,0,0,16,0,false,false,irrelevant_only,0,low,0,0,2026-04-15T14:30:10.278Z,2026-04-15T14:30:10.278Z,
ashby,continua,Continua,2,0,0,0,2,0,0,0,0,0,false,false,old_only,0,low,0,0,2026-04-15T13:56:01.706Z,2026-04-15T13:56:01.706Z,
greenhouse,corelight,Corelight,33,0,0,0,0,33,0,0,0,0,false,false,irrelevant_only,0,low,0,0,2026-04-15T14:00:51.810Z,2026-04-15T14:00:51.810Z,
greenhouse,coreweaveu,Coreweaveu,38,0,0,0,0,38,0,0,0,0,false,false,irrelevant_only,0,low,0,0,2026-04-15T14:00:52.212Z,2026-04-15T14:00:52.212Z,
ashby,corvus-robotics,Corvus Robotics,6,0,0,0,6,0,0,0,0,0,false,false,old_only,0,low,0,0,2026-04-15T13:56:02.506Z,2026-04-15T13:56:02.506Z,
ashby,cosmic-robotics,Cosmic Robotics,4,0,0,0,3,1,0,0,0,0,false,false,irrelevant_only,0,low,0,0,2026-04-15T13:56:02.708Z,2026-04-15T13:56:02.708Z,
ashby,critical-energy,Critical Energy,1,0,0,0,1,0,0,0,0,0,false,false,old_only,0,low,0,0,2026-04-15T13:56:02.928Z,2026-04-15T13:56:02.928Z,
greenhouse,cti,Cti,0,0,0,0,0,0,0,0,0,0,false,true,empty,0,dead,8,0,2026-04-15T14:00:52.348Z,2026-04-15T14:00:52.348Z,
smartrecruiters,CycloTech,CycloTech,2,0,0,0,1,1,0,0,2,0,false,false,irrelevant_only,0,low,0,0,2026-04-15T14:16:36.216Z,2026-04-15T14:16:36.216Z,
lever,cyngn,Cyngn,12,0,0,0,6,6,0,0,0,0,false,false,irrelevant_only,0,low,0,0,2026-04-15T14:05:34.294Z,2026-04-15T14:05:34.294Z,
greenhouse,cyware,Cyware,0,0,0,0,0,0,0,0,0,0,false,true,empty,0,dead,3,0,2026-04-15T14:00:52.560Z,2026-04-15T14:00:52.560Z,
lever,daedalean,Daedalean,8,0,0,0,8,0,0,0,0,0,false,false,old_only,0,low,0,0,2026-04-15T14:05:41.645Z,2026-04-15T14:05:41.645Z,
lever,daniels-sharpsmart,Daniels Sharpsmart,217,0,0,0,41,176,0,0,0,0,false,false,irrelevant_only,0,low,0,0,2026-04-15T14:05:54.092Z,2026-04-15T14:05:54.092Z,
lever,danti.ai,Danti.Ai,1,0,0,0,1,0,0,0,0,0,false,false,old_only,0,low,0,0,2026-04-15T14:05:54.409Z,2026-04-15T14:05:54.409Z,
ashby,deel,Deel,263,0,0,0,29,234,0,0,0,0,false,false,irrelevant_only,0,low,0,0,2026-04-15T13:56:03.893Z,2026-04-15T13:56:03.893Z,
ashby,deeptune,Deeptune,4,0,0,0,2,2,0,0,0,0,false,false,irrelevant_only,0,low,0,0,2026-04-15T13:56:04.004Z,2026-04-15T13:56:04.004Z,
greenhouse,density,Density,0,0,0,0,0,0,0,0,0,0,true,true,fetch_failed,0,low,0,8,2026-04-15T14:00:52.692Z,,Greenhouse Density failed: 404
ashby,dexmate,Dexmate,23,0,0,0,10,13,0,0,0,0,false,false,irrelevant_only,0,low,0,0,2026-04-15T13:56:04.738Z,2026-04-15T13:56:04.738Z,
lever,dexterity,Dexterity,26,0,0,0,22,4,0,0,0,0,false,false,irrelevant_only,0,low,0,0,2026-04-15T14:05:56.501Z,2026-04-15T14:05:56.501Z,
rippling,es-419/skyportsdeliveries-limited,Drone Hub Operator,0,0,0,0,0,0,0,0,0,0,true,true,fetch_failed,0,low,0,3,2026-04-15T14:30:38.262Z,,Rippling list page 0 failed: Rippling Drone Hub Operator page=0 failed: 404
lever,dronesense,Dronesense,0,0,0,0,0,0,0,0,0,0,false,true,empty,0,dead,8,0,2026-04-15T14:06:32.626Z,2026-04-15T14:06:32.626Z,
smartrecruiters,DroneShield,DroneShield,9,0,0,0,9,0,0,0,9,0,false,false,old_only,0,low,0,0,2026-04-15T14:35:21.103Z,2026-04-15T14:35:21.103Z,
greenhouse,dropbox,Dropbox,106,0,0,0,0,106,0,0,0,0,false,false,irrelevant_only,0,low,0,0,2026-04-15T14:00:53.213Z,2026-04-15T14:00:53.213Z,
ashby,duna,Duna,10,0,0,0,5,5,0,0,0,0,false,false,irrelevant_only,0,low,0,0,2026-04-15T13:56:05.740Z,2026-04-15T13:56:05.740Z,
ashby,dust,Dust,23,0,0,0,6,17,0,0,0,0,false,false,irrelevant_only,0,low,0,0,2026-04-15T13:56:05.987Z,2026-04-15T13:56:05.987Z,
ashby,dyna-robotics,Dyna Robotics,15,0,0,0,5,10,0,0,0,0,false,false,irrelevant_only,0,low,0,0,2026-04-15T13:56:06.276Z,2026-04-15T13:56:06.276Z,
lever,easypost-2,Easypost 2,7,0,0,0,2,5,0,0,0,0,false,false,irrelevant_only,0,low,0,0,2026-04-15T14:06:34.164Z,2026-04-15T14:06:34.164Z,
greenhouse,ebury,Ebury,248,0,0,0,0,248,0,0,0,0,false,false,irrelevant_only,0,low,0,0,2026-04-15T14:00:53.983Z,2026-04-15T14:00:53.983Z,
ashby,echotwin,Echotwin,11,0,0,0,11,0,0,0,0,0,false,false,old_only,0,low,0,0,2026-04-15T13:56:06.500Z,2026-04-15T13:56:06.500Z,
lever,education-services,Education Services,0,0,0,0,0,0,0,0,0,0,false,true,empty,0,dead,8,0,2026-04-15T14:06:34.381Z,2026-04-15T14:06:34.381Z,
ashby,eigen-labs,Eigen Labs,5,0,0,0,1,4,0,0,0,0,false,false,irrelevant_only,0,low,0,0,2026-04-15T13:56:06.614Z,2026-04-15T13:56:06.614Z,
lever,ekohealth,Ekohealth,13,0,0,0,3,10,0,0,0,0,false,false,irrelevant_only,0,low,0,0,2026-04-15T14:06:35.187Z,2026-04-15T14:06:35.187Z,
ashby,elevenlabs,Elevenlabs,101,0,0,0,27,74,0,0,0,0,false,false,irrelevant_only,0,low,0,0,2026-04-15T13:56:07.086Z,2026-04-15T13:56:07.086Z,
lever,elroyair,Elroyair,3,0,0,0,3,0,0,0,0,0,false,false,old_only,0,low,0,0,2026-04-15T14:06:42.440Z,2026-04-15T14:06:42.440Z,
ashby,embedding-vc,Embedding Vc,36,0,0,0,12,24,0,0,0,0,false,false,irrelevant_only,0,low,0,0,2026-04-15T13:56:08.422Z,2026-04-15T13:56:08.422Z,
ashby,enpal,Enpal,227,0,0,0,0,227,0,0,0,0,false,false,irrelevant_only,0,low,0,0,2026-04-15T13:56:09.014Z,2026-04-15T13:56:09.014Z,
greenhouse,eositsolutions,Eositsolutions,136,0,0,0,0,136,0,0,0,0,false,false,irrelevant_only,0,low,0,0,2026-04-15T14:00:54.485Z,2026-04-15T14:00:54.485Z,
lever,espace,Espace,94,0,0,0,58,36,0,0,0,0,false,false,irrelevant_only,0,low,0,0,2026-04-15T14:06:48.135Z,2026-04-15T14:06:48.135Z,
ashby,ether.fi,Ether.Fi,16,0,0,0,11,5,0,0,0,0,false,false,irrelevant_only,0,low,0,0,2026-04-15T13:56:09.890Z,2026-04-15T13:56:09.890Z,
ashby,exa,Exa,34,0,0,0,23,11,0,0,0,0,false,false,irrelevant_only,0,low,0,0,2026-04-15T13:56:11.010Z,2026-04-15T13:56:11.010Z,
ashby,fauna-robotics,Fauna Robotics,0,0,0,0,0,0,0,0,0,0,false,true,empty,0,dead,7,0,2026-04-15T13:56:11.679Z,2026-04-15T13:56:11.679Z,
ashby,featherlessai,Featherlessai,19,0,0,0,6,13,0,0,0,0,false,false,irrelevant_only,0,low,0,0,2026-04-15T13:56:12.696Z,2026-04-15T13:56:12.696Z,
rippling,critical-response-group,Field Mapping Associate,8,0,0,0,1,7,0,0,8,0,false,false,irrelevant_only,0,low,0,0,2026-04-15T14:30:41.021Z,2026-04-15T14:30:41.021Z,
ashby,finary,Finary,15,0,0,0,5,10,0,0,0,0,false,false,irrelevant_only,0,low,0,0,2026-04-15T13:56:14.490Z,2026-04-15T13:56:14.490Z,
ashby,finmid.com,Finmid.Com,3,0,0,0,1,2,0,0,0,0,false,false,irrelevant_only,0,low,0,0,2026-04-15T13:56:15.056Z,2026-04-15T13:56:15.056Z,
ashby,flagright.com,Flagright.Com,59,0,0,0,3,56,0,0,0,0,false,false,irrelevant_only,0,low,0,0,2026-04-15T13:56:16.740Z,2026-04-15T13:56:16.740Z,
ashby,flink,Flink,2,0,0,0,1,1,0,0,0,0,false,false,irrelevant_only,0,low,0,0,2026-04-15T13:56:16.847Z,2026-04-15T13:56:16.847Z,
ashby,Foundational Industries,Foundational Industries,8,0,0,0,0,8,0,0,0,0,false,false,irrelevant_only,0,low,0,0,2026-04-15T13:56:23.393Z,2026-04-15T13:56:23.393Z,
ashby,foundry-robotics,Foundry Robotics,5,0,0,0,0,5,0,0,0,0,false,false,irrelevant_only,0,low,0,0,2026-04-15T13:56:24.548Z,2026-04-15T13:56:24.548Z,
greenhouse,freedomofthepressfoundation,Freedomofthepressfoundation,0,0,0,0,0,0,0,0,0,0,true,true,fetch_failed,0,low,0,8,2026-04-15T14:01:18.051Z,,Greenhouse Freedomofthepressfoundation failed: 404
lever,fuellabs,Fuellabs,2,0,0,0,2,0,0,0,0,0,false,false,old_only,0,low,0,0,2026-04-15T14:06:53.783Z,2026-04-15T14:06:53.783Z,
ashby,fyxer,Fyxer,14,0,0,0,2,12,0,0,0,0,false,false,irrelevant_only,0,low,0,0,2026-04-15T13:56:25.448Z,2026-04-15T13:56:25.448Z,
smartrecruiters,GalenRobotics,GalenRobotics,1,0,0,0,1,0,0,0,1,0,false,false,old_only,0,low,0,0,2026-04-15T14:16:36.998Z,2026-04-15T14:16:36.998Z,
ashby,gecko-robotics,Gecko Robotics,24,0,0,0,5,19,0,0,0,0,false,false,irrelevant_only,0,low,0,0,2026-04-15T13:56:26.843Z,2026-04-15T13:56:26.843Z,
ashby,generalist,Generalist,16,0,0,0,0,16,0,0,0,0,false,false,irrelevant_only,0,low,0,0,2026-04-15T13:56:27.785Z,2026-04-15T13:56:27.785Z,
smartrecruiters,Geo-Totaal,Geo Totaal,4,0,0,0,4,0,0,0,4,0,false,false,old_only,0,low,0,0,2026-04-15T14:16:39.872Z,2026-04-15T14:16:39.872Z,
greenhouse,glydways,Glydways,23,0,0,0,0,23,0,0,0,0,false,false,irrelevant_only,0,low,0,0,2026-04-15T14:01:33.318Z,2026-04-15T14:01:33.318Z,
ashby,Astro-Mechanica,GNC Engineer @ Astro Mechanica,23,0,0,0,10,13,0,0,0,0,false,false,irrelevant_only,0,low,0,0,2026-04-15T14:29:24.556Z,2026-04-15T14:29:24.556Z,
greenhouse,goodman,Goodman,28,0,0,0,8,20,0,0,0,0,false,false,irrelevant_only,0,low,0,0,2026-04-15T14:01:33.667Z,2026-04-15T14:01:33.667Z,
ashby,govdash,Govdash,10,0,0,0,2,8,0,0,0,0,false,false,irrelevant_only,0,low,0,0,2026-04-15T13:56:29.090Z,2026-04-15T13:56:29.090Z,
ashby,GoVenti,GoVenti,31,0,0,0,19,12,0,0,0,0,false,false,irrelevant_only,0,low,0,0,2026-04-15T13:56:30.224Z,2026-04-15T13:56:30.224Z,
lever,gravisrobotics,Gravisrobotics,6,0,0,0,3,3,0,0,0,0,false,false,irrelevant_only,0,low,0,0,2026-04-15T14:06:54.218Z,2026-04-15T14:06:54.218Z,
ashby,GravityClimate,GravityClimate,8,0,0,0,5,3,0,0,0,0,false,false,irrelevant_only,0,low,0,0,2026-04-15T13:56:30.801Z,2026-04-15T13:56:30.801Z,
ashby,graymatter-robotics,Graymatter Robotics,9,0,0,0,4,5,0,1,0,0,false,false,irrelevant_only,0,low,0,0,2026-04-15T13:56:31.603Z,2026-04-15T13:56:31.603Z,
ashby,gritt,Gritt,5,0,0,0,5,0,0,0,0,0,false,false,old_only,0,low,0,0,2026-04-15T13:56:32.326Z,2026-04-15T13:56:32.326Z,
ashby,happyrobot.ai,Happyrobot.Ai,68,0,0,0,28,40,0,0,0,0,false,false,irrelevant_only,0,low,0,0,2026-04-15T13:56:35.783Z,2026-04-15T13:56:35.783Z,
greenhouse,hatchcareers,Hatchcareers,3,0,0,0,1,2,0,0,0,0,false,false,irrelevant_only,0,low,0,0,2026-04-15T14:01:33.860Z,2026-04-15T14:01:33.860Z,
ashby,hcompany,Hcompany,21,0,0,0,5,16,0,0,0,0,false,false,irrelevant_only,0,low,0,0,2026-04-15T13:56:45.203Z,2026-04-15T13:56:45.203Z,
ashby,heyjobs,Heyjobs,21,0,0,0,3,18,0,0,0,0,false,false,irrelevant_only,0,low,0,0,2026-04-15T13:56:45.486Z,2026-04-15T13:56:45.486Z,
smartrecruiters,HstarTechnologies,HstarTechnologies,15,0,0,0,15,0,0,0,15,0,false,false,old_only,0,low,0,0,2026-04-15T14:16:45.647Z,2026-04-15T14:16:45.647Z,
lever,humble-robotics,Humble Robotics,12,0,0,0,1,11,0,0,0,0,false,false,irrelevant_only,0,low,0,0,2026-04-15T14:06:57.596Z,2026-04-15T14:06:57.596Z,
lever,hypersonica-prod,Hypersonica Prod,32,0,0,0,21,11,0,0,0,0,false,false,irrelevant_only,0,low,0,0,2026-04-15T14:07:05.863Z,2026-04-15T14:07:05.863Z,
smartrecruiters,ImageAssociatesInc,ImageAssociatesInc,9,0,0,0,0,9,0,0,9,0,false,false,irrelevant_only,0,low,0,0,2026-04-15T14:16:49.436Z,2026-04-15T14:16:49.436Z,
ashby,impulse,Impulse,2,0,0,0,1,1,0,0,0,0,false,false,irrelevant_only,0,low,0,0,2026-04-15T13:56:45.699Z,2026-04-15T13:56:45.699Z,
lever,influ2,Influ2,0,0,0,0,0,0,0,0,0,0,false,true,empty,0,dead,8,0,2026-04-15T14:07:06.074Z,2026-04-15T14:07:06.074Z,
smartrecruiters,InformaGroupPlc,InformaGroupPlc,89,0,0,0,5,84,0,0,89,0,false,false,irrelevant_only,0,low,0,0,2026-04-15T14:17:25.492Z,2026-04-15T14:17:25.492Z,
lever,InteriorMarketingGroup,InteriorMarketingGroup,18,0,0,0,17,1,0,0,0,0,false,false,irrelevant_only,0,low,0,0,2026-04-15T14:07:15.543Z,2026-04-15T14:07:15.543Z,
greenhouse,intrinsicrobotics,Intrinsicrobotics,31,0,0,0,0,31,0,0,0,0,false,false,irrelevant_only,0,low,0,0,2026-04-15T14:01:37.874Z,2026-04-15T14:01:37.874Z,
greenhouse,isaraerospace,Isaraerospace,88,0,0,0,0,88,0,0,0,0,false,false,irrelevant_only,0,low,0,0,2026-04-15T14:01:38.297Z,2026-04-15T14:01:38.297Z,
lever,ispace-inc,Ispace Inc,33,0,0,0,17,16,0,0,0,0,false,false,irrelevant_only,0,low,0,0,2026-04-15T14:07:17.194Z,2026-04-15T14:07:17.194Z,
smartrecruiters,JBHi-FiTheGoodGuys1,JBHi FiTheGoodGuys1,100,0,0,0,0,100,0,0,100,0,false,false,irrelevant_only,0,low,0,0,2026-04-15T14:18:55.440Z,2026-04-15T14:18:55.440Z,
greenhouse,knightdivisiontactical,Job Application for Drone Operator at Knight Division Tactical,17,0,0,0,15,2,0,0,0,0,false,false,irrelevant_only,0,low,0,0,2026-04-15T14:35:15.549Z,2026-04-15T14:35:15.549Z,
lever,jobgether,Jobgether,0,0,0,0,0,0,0,0,0,0,true,true,fetch_failed,0,low,0,2,2026-04-15T14:09:32.374Z,,This operation was aborted
smartrecruiters,Jobnath,Jobnath,100,0,0,0,100,0,0,0,100,0,false,false,old_only,0,low,0,0,2026-04-15T14:19:58.900Z,2026-04-15T14:19:58.900Z,
greenhouse,k2spacecorporation,K2spacecorporation,136,0,0,0,36,100,0,0,0,0,false,false,irrelevant_only,0,low,0,0,2026-04-15T14:01:38.840Z,2026-04-15T14:01:38.840Z,
greenhouse,kao,Kao,52,0,0,0,8,44,0,0,0,0,false,false,irrelevant_only,0,low,0,0,2026-04-15T14:01:39.205Z,2026-04-15T14:01:39.205Z,
lever,kestrel-intelligence,Kestrel Intelligence,4,0,0,0,2,2,0,2,0,0,false,false,irrelevant_only,0,low,0,0,2026-04-15T14:09:33.804Z,2026-04-15T14:09:33.804Z,
ashby,kiefer,Kiefer,9,0,0,0,0,9,0,0,0,0,false,false,irrelevant_only,0,low,0,0,2026-04-15T13:56:46.168Z,2026-04-15T13:56:46.168Z,
ashby,knowlix,Knowlix,9,0,0,0,8,1,0,0,0,0,false,false,irrelevant_only,0,low,0,0,2026-04-15T13:56:46.939Z,2026-04-15T13:56:46.939Z,
ashby,kodifly,Kodifly,12,0,0,0,3,9,0,0,0,0,false,false,irrelevant_only,0,low,0,0,2026-04-15T13:56:47.463Z,2026-04-15T13:56:47.463Z,
ashby,kraken.com,Kraken.Com,141,0,0,0,22,119,0,0,0,0,false,false,irrelevant_only,0,low,0,0,2026-04-15T13:56:49.507Z,2026-04-15T13:56:49.507Z,
ashby,langdock,Langdock,5,0,0,0,0,5,0,0,0,0,false,false,irrelevant_only,0,low,0,0,2026-04-15T13:56:50.211Z,2026-04-15T13:56:50.211Z,
ashby,langfuse,Langfuse,9,0,0,0,2,7,0,0,0,0,false,false,irrelevant_only,0,low,0,0,2026-04-15T13:56:50.471Z,2026-04-15T13:56:50.471Z,
lever,latitudeinc,Latitudeinc,313,0,0,0,119,194,0,0,0,0,false,false,irrelevant_only,0,low,0,0,2026-04-15T14:09:43.206Z,2026-04-15T14:09:43.206Z,
lever,ghsmartjobs,Leadership Advisor,10,0,0,0,7,3,0,0,0,0,false,false,irrelevant_only,0,low,0,0,2026-04-15T14:30:31.219Z,2026-04-15T14:30:31.219Z,
greenhouse,leolabsinc,Leolabsinc,18,0,0,0,0,18,0,0,0,0,false,false,irrelevant_only,0,low,0,0,2026-04-15T14:01:39.467Z,2026-04-15T14:01:39.467Z,
ashby,letta,Letta,5,0,0,0,5,0,0,0,0,0,false,false,old_only,0,low,0,0,2026-04-15T13:56:51.922Z,2026-04-15T13:56:51.922Z,
smartrecruiters,LevelOneRoboticsAndControlsInc,LevelOneRoboticsAndControlsInc,14,0,0,0,14,0,0,0,14,0,false,false,old_only,0,low,0,0,2026-04-15T14:20:09.616Z,2026-04-15T14:20:09.616Z,
ashby,lightdash,Lightdash,6,0,0,0,1,5,0,0,0,0,false,false,irrelevant_only,0,low,0,0,2026-04-15T13:56:52.410Z,2026-04-15T13:56:52.410Z,
ashby,linqapp,Linqapp,11,0,0,0,0,11,0,0,0,0,false,false,irrelevant_only,0,low,0,0,2026-04-15T13:56:53.298Z,2026-04-15T13:56:53.298Z,
ashby,liquid-ai,Liquid Ai,18,0,0,0,8,10,0,0,0,0,false,false,irrelevant_only,0,low,0,0,2026-04-15T13:56:54.295Z,2026-04-15T13:56:54.295Z,
greenhouse,locusrobotics,Locusrobotics,21,0,0,0,1,20,0,0,0,0,false,false,irrelevant_only,0,low,0,0,2026-04-15T14:01:39.700Z,2026-04-15T14:01:39.700Z,
lever,longwall,Longwall,13,0,0,0,10,3,0,0,0,0,false,false,irrelevant_only,0,low,0,0,2026-04-15T14:09:43.670Z,2026-04-15T14:09:43.670Z,
lever,MachinaLabs,MachinaLabs,20,0,0,0,8,12,0,0,0,0,false,false,irrelevant_only,0,low,0,0,2026-04-15T14:09:57.255Z,2026-04-15T14:09:57.255Z,
lever,magnet-defense,Magnet Defense,3,0,0,0,3,0,0,0,0,0,false,false,old_only,0,low,0,0,2026-04-15T14:09:57.569Z,2026-04-15T14:09:57.569Z,
ashby,maihem,Maihem,0,0,0,0,0,0,0,0,0,0,false,true,empty,0,dead,5,0,2026-04-15T13:56:59.013Z,2026-04-15T13:56:59.013Z,
greenhouse,make,Make,10,0,0,0,0,10,0,0,0,0,false,false,irrelevant_only,0,low,0,0,2026-04-15T14:01:39.931Z,2026-04-15T14:01:39.931Z,
greenhouse,manticoregames,Manticoregames,0,0,0,0,0,0,0,0,0,0,false,true,empty,0,dead,8,0,2026-04-15T14:01:40.061Z,2026-04-15T14:01:40.061Z,
lever,MBRDNA,MBRDNA,4,0,0,0,0,4,0,0,0,0,false,false,irrelevant_only,0,low,0,0,2026-04-15T14:09:58.769Z,2026-04-15T14:09:58.769Z,
lever,mechanicalorchard,Mechanicalorchard,16,0,0,0,3,13,0,0,0,0,false,false,irrelevant_only,0,low,0,0,2026-04-15T14:10:10.818Z,2026-04-15T14:10:10.818Z,
ashby,mecka.ai,Mecka.Ai,15,0,0,0,0,15,0,0,0,0,false,false,irrelevant_only,0,low,0,0,2026-04-15T13:57:03.070Z,2026-04-15T13:57:03.070Z,
ashby,mindrobotics,Mindrobotics,6,0,0,0,0,6,0,0,0,0,false,false,irrelevant_only,0,low,0,0,2026-04-15T13:57:04.017Z,2026-04-15T13:57:04.017Z,
ashby,mirelo,Mirelo,8,0,0,0,7,1,0,0,0,0,false,false,irrelevant_only,0,low,0,0,2026-04-15T13:57:05.285Z,2026-04-15T13:57:05.285Z,
lever,mistral,Mistral,148,0,0,0,96,52,0,0,0,0,false,false,irrelevant_only,0,low,0,0,2026-04-15T14:10:15.489Z,2026-04-15T14:10:15.489Z,
ashby,Molg,Molg,11,0,0,0,0,11,0,0,0,0,false,false,irrelevant_only,0,low,0,0,2026-04-15T13:57:06.019Z,2026-04-15T13:57:06.019Z,
ashby,monumental,Monumental,26,0,0,0,10,16,0,0,0,0,false,false,irrelevant_only,0,low,0,0,2026-04-15T13:57:07.440Z,2026-04-15T13:57:07.440Z,
ashby,mosey,Mosey,2,0,0,0,2,0,0,0,0,0,false,false,old_only,0,low,0,0,2026-04-15T13:57:08.122Z,2026-04-15T13:57:08.122Z,
greenhouse,msgentertainmentholdingsllc,Msgentertainmentholdingsllc,56,0,0,0,0,56,0,0,0,0,false,false,irrelevant_only,0,low,0,0,2026-04-15T14:01:42.575Z,2026-04-15T14:01:42.575Z,
lever,mujininc,Mujininc,79,0,0,0,39,40,0,0,0,0,false,false,irrelevant_only,0,low,0,0,2026-04-15T14:10:17.418Z,2026-04-15T14:10:17.418Z,
rippling,fresh-baguette,Multi-Unit General Manager,25,0,0,0,0,25,0,0,25,0,false,false,irrelevant_only,0,low,0,0,2026-04-15T14:30:26.182Z,2026-04-15T14:30:26.182Z,
lever,multiplylabs,Multiplylabs,15,0,0,0,7,8,0,0,0,0,false,false,irrelevant_only,0,low,0,0,2026-04-15T14:10:18.367Z,2026-04-15T14:10:18.367Z,
ashby,munich-electrification,Munich Electrification,34,0,0,0,2,32,0,0,0,0,false,false,irrelevant_only,0,low,0,0,2026-04-15T13:57:09.342Z,2026-04-15T13:57:09.342Z,
smartrecruiters,MyHRLLC,MyHRLLC,10,0,0,0,4,6,0,0,10,0,false,false,irrelevant_only,0,low,0,0,2026-04-15T14:20:20.554Z,2026-04-15T14:20:20.554Z,
smartrecruiters,NauticusRobotics,NauticusRobotics,3,0,0,0,3,0,0,0,3,0,false,false,old_only,0,low,0,0,2026-04-15T14:20:24.463Z,2026-04-15T14:20:24.463Z,
ashby,neara,Neara,34,0,0,0,4,30,0,0,0,0,false,false,irrelevant_only,0,low,0,0,2026-04-15T13:57:10.324Z,2026-04-15T13:57:10.324Z,
smartrecruiters,NetApp2,NetApp2,9,0,0,0,9,0,0,0,9,0,false,false,old_only,0,low,0,0,2026-04-15T14:20:32.549Z,2026-04-15T14:20:32.549Z,
ashby,neworbit,Neworbit,10,0,0,0,7,3,0,0,0,0,false,false,irrelevant_only,0,low,0,0,2026-04-15T13:57:11.110Z,2026-04-15T13:57:11.110Z,
greenhouse,nooks,Nooks,16,0,0,0,0,16,0,0,0,0,false,false,irrelevant_only,0,low,0,0,2026-04-15T14:01:42.817Z,2026-04-15T14:01:42.817Z,
ashby,northwoodspace,Northwoodspace,57,0,0,0,18,39,0,0,0,0,false,false,irrelevant_only,0,low,0,0,2026-04-15T13:57:17.034Z,2026-04-15T13:57:17.034Z,
ashby,observable-space,Observable Space,17,0,0,0,3,14,0,0,0,0,false,false,irrelevant_only,0,low,0,0,2026-04-15T13:57:18.259Z,2026-04-15T13:57:18.259Z,
ashby,obvio,Obvio,11,0,0,0,3,8,0,0,0,0,false,false,irrelevant_only,0,low,0,0,2026-04-15T13:57:19.009Z,2026-04-15T13:57:19.009Z,
greenhouse,ocadogroup,Ocadogroup,68,0,0,0,0,68,0,0,0,0,false,false,irrelevant_only,0,low,0,0,2026-04-15T14:01:43.275Z,2026-04-15T14:01:43.275Z,
ashby,oligo,Oligo,13,0,0,0,9,4,0,0,0,0,false,false,irrelevant_only,0,low,0,0,2026-04-15T13:57:21.371Z,2026-04-15T13:57:21.371Z,
ashby,onebrief,Onebrief,25,0,0,0,3,22,0,0,0,0,false,false,irrelevant_only,0,low,0,0,2026-04-15T13:57:22.331Z,2026-04-15T13:57:22.331Z,
greenhouse,opensesame,Opensesame,14,0,0,0,0,14,0,0,0,0,false,false,irrelevant_only,0,low,0,0,2026-04-15T14:01:43.516Z,2026-04-15T14:01:43.516Z,
greenhouse,openzeppelin,Openzeppelin,2,0,0,0,0,2,0,0,0,0,false,false,irrelevant_only,0,low,0,0,2026-04-15T14:01:43.714Z,2026-04-15T14:01:43.714Z,
ashby,orchard,Orchard,15,0,0,0,3,12,0,0,0,0,false,false,irrelevant_only,0,low,0,0,2026-04-15T13:57:24.292Z,2026-04-15T13:57:24.292Z,
lever,osaro,Osaro,9,0,0,0,9,0,0,0,0,0,false,false,old_only,0,low,0,0,2026-04-15T14:10:35.898Z,2026-04-15T14:10:35.898Z,
greenhouse,outpostspace,Outpostspace,19,0,0,0,0,19,0,0,0,0,false,false,irrelevant_only,0,low,0,0,2026-04-15T14:01:43.972Z,2026-04-15T14:01:43.972Z,
greenhouse,owkin,Owkin,0,0,0,0,0,0,0,0,0,0,false,true,empty,0,dead,8,0,2026-04-15T14:01:44.533Z,2026-04-15T14:01:44.533Z,
lever,paralleldomain,Paralleldomain,4,0,0,0,2,2,0,0,0,0,false,false,irrelevant_only,0,low,0,0,2026-04-15T14:10:42.294Z,2026-04-15T14:10:42.294Z,
greenhouse,pathai,Pathai,11,0,0,0,1,10,0,0,0,0,false,false,irrelevant_only,0,low,0,0,2026-04-15T14:01:44.780Z,2026-04-15T14:01:44.780Z,
greenhouse,peakenergy,Peakenergy,36,0,0,0,1,35,0,0,0,0,false,false,irrelevant_only,0,low,0,0,2026-04-15T14:01:45.081Z,2026-04-15T14:01:45.081Z,
lever,peerspace,Peerspace,1,0,0,0,0,1,0,0,0,0,false,false,irrelevant_only,0,low,0,0,2026-04-15T14:10:49.915Z,2026-04-15T14:10:49.915Z,
lever,perrone-robotics,Perrone Robotics,2,0,0,0,2,0,0,0,0,0,false,false,old_only,0,low,0,0,2026-04-15T14:10:54.971Z,2026-04-15T14:10:54.971Z,
greenhouse,phdata,Phdata,42,0,0,0,0,42,0,0,0,0,false,false,irrelevant_only,0,low,0,0,2026-04-15T14:01:45.392Z,2026-04-15T14:01:45.392Z,
ashby,physicalintelligence,Physicalintelligence,22,0,0,0,10,12,0,0,0,0,false,false,irrelevant_only,0,low,0,0,2026-04-15T13:57:25.345Z,2026-04-15T13:57:25.345Z,
lever,picklerobot,Picklerobot,14,0,0,0,8,6,0,0,0,0,false,false,irrelevant_only,0,low,0,0,2026-04-15T14:11:00.806Z,2026-04-15T14:11:00.806Z,
smartrecruiters,PilmicoFoodsCorporation,PilmicoFoodsCorporation,80,0,0,0,21,59,0,0,80,0,false,false,irrelevant_only,0,low,0,0,2026-04-15T14:21:36.547Z,2026-04-15T14:21:36.547Z,
ashby,pirros,Pirros,3,0,0,0,0,3,0,0,0,0,false,false,irrelevant_only,0,low,0,0,2026-04-15T13:57:25.843Z,2026-04-15T13:57:25.843Z,
ashby,pivotrobotics,Pivotrobotics,3,0,0,0,2,1,0,0,0,0,false,false,irrelevant_only,0,low,0,0,2026-04-15T13:57:26.487Z,2026-04-15T13:57:26.487Z,
ashby,praxipal,Praxipal,11,0,0,0,1,10,0,0,0,0,false,false,irrelevant_only,0,low,0,0,2026-04-15T13:57:49.288Z,2026-04-15T13:57:49.288Z,
greenhouse,prenuvo,Prenuvo,47,0,0,0,0,47,0,0,0,0,false,false,irrelevant_only,0,low,0,0,2026-04-15T14:01:47.002Z,2026-04-15T14:01:47.002Z,
ashby,PrimeIntellect,PrimeIntellect,22,0,0,0,15,7,0,0,0,0,false,false,irrelevant_only,0,low,0,0,2026-04-15T13:57:54.458Z,2026-04-15T13:57:54.458Z,
ashby,prior-labs,Prior Labs,17,0,0,0,7,10,0,0,0,0,false,false,irrelevant_only,0,low,0,0,2026-04-15T13:57:55.285Z,2026-04-15T13:57:55.285Z,
lever,promiserobotics,Promiserobotics,4,0,0,0,2,2,0,0,0,0,false,false,irrelevant_only,0,low,0,0,2026-04-15T14:11:46.515Z,2026-04-15T14:11:46.515Z,
greenhouse,purposemed,Purposemed,13,0,0,0,0,13,0,0,0,0,false,false,irrelevant_only,0,low,0,0,2026-04-15T14:01:47.242Z,2026-04-15T14:01:47.242Z,
ashby,pylon-labs,Pylon Labs,31,0,0,0,16,15,0,0,0,0,false,false,irrelevant_only,0,low,0,0,2026-04-15T13:57:55.424Z,2026-04-15T13:57:55.424Z,
lever,q-ctrl,Q Ctrl,17,0,0,0,12,5,0,0,0,0,false,false,irrelevant_only,0,low,0,0,2026-04-15T14:11:49.999Z,2026-04-15T14:11:49.999Z,
lever,quantumcircuits,Quantumcircuits,7,0,0,0,7,0,0,0,0,0,false,false,old_only,0,low,0,0,2026-04-15T14:11:50.315Z,2026-04-15T14:11:50.315Z,
ashby,quartermaster,Quartermaster,24,0,0,0,5,19,0,0,0,0,false,false,irrelevant_only,0,low,0,0,2026-04-15T13:57:56.339Z,2026-04-15T13:57:56.339Z,
ashby,quilter,Quilter,5,0,0,0,3,2,0,0,0,0,false,false,irrelevant_only,0,low,0,0,2026-04-15T13:57:57.163Z,2026-04-15T13:57:57.163Z,
ashby,rabot,Rabot,6,0,0,0,0,6,0,0,0,0,false,false,irrelevant_only,0,low,0,0,2026-04-15T13:57:58.054Z,2026-04-15T13:57:58.054Z,
ashby,radiant-industries,Radiant Industries,87,0,0,0,27,60,0,0,0,0,false,false,irrelevant_only,0,low,0,0,2026-04-15T13:58:00.803Z,2026-04-15T13:58:00.803Z,
lever,RadicalAI,RadicalAI,13,0,0,0,9,4,0,0,0,0,false,false,irrelevant_only,0,low,0,0,2026-04-15T14:11:52.831Z,2026-04-15T14:11:52.831Z,
lever,rangeenergy,Rangeenergy,13,0,0,0,1,12,0,0,0,0,false,false,irrelevant_only,0,low,0,0,2026-04-15T14:11:58.395Z,2026-04-15T14:11:58.395Z,
ashby,red6,Red6,18,0,0,0,3,15,0,0,0,0,false,false,irrelevant_only,0,low,0,0,2026-04-15T13:58:04.322Z,2026-04-15T13:58:04.322Z,
ashby,reflect-orbital,Reflect Orbital,19,0,0,0,17,2,0,0,0,0,false,false,irrelevant_only,0,low,0,0,2026-04-15T13:58:06.349Z,2026-04-15T13:58:06.349Z,
ashby,ReflexRobotics,ReflexRobotics,6,0,0,0,5,1,0,0,0,0,false,false,irrelevant_only,0,low,0,0,2026-04-15T13:58:07.179Z,2026-04-15T13:58:07.179Z,
greenhouse,relativity,Relativity,294,0,0,0,0,294,0,0,0,0,false,false,irrelevant_only,0,low,0,0,2026-04-15T14:01:48.143Z,2026-04-15T14:01:48.143Z,
lever,relayrobotics.com,Relayrobotics.Com,10,0,0,0,7,3,0,0,0,0,false,false,irrelevant_only,0,low,0,0,2026-04-15T14:11:58.791Z,2026-04-15T14:11:58.791Z,
lever,reliable,Reliable,0,0,0,0,0,0,0,0,0,0,false,true,empty,0,dead,8,0,2026-04-15T14:12:01.604Z,2026-04-15T14:12:01.604Z,
lever,rgi,Rgi,14,0,0,0,9,5,0,0,0,0,false,false,irrelevant_only,0,low,0,0,2026-04-15T14:12:05.230Z,2026-04-15T14:12:05.230Z,
ashby,rhoda-ai,Rhoda Ai,21,0,0,0,0,21,0,0,0,0,false,false,irrelevant_only,0,low,0,0,2026-04-15T13:58:12.093Z,2026-04-15T13:58:12.093Z,
ashby,Ridealso,Ridealso,74,0,0,0,12,62,0,0,0,0,false,false,irrelevant_only,0,low,0,0,2026-04-15T13:58:14.654Z,2026-04-15T13:58:14.654Z,
greenhouse,ridgeline,Ridgeline,60,0,0,0,0,60,0,0,0,0,false,false,irrelevant_only,0,low,0,0,2026-04-15T14:01:48.520Z,2026-04-15T14:01:48.520Z,
lever,RiptideTech,RiptideTech,4,0,0,0,3,1,0,0,0,0,false,false,irrelevant_only,0,low,0,0,2026-04-15T14:12:05.712Z,2026-04-15T14:12:05.712Z,
lever,rivr,Rivr,24,0,0,0,18,6,0,0,0,0,false,false,irrelevant_only,0,low,0,0,2026-04-15T14:12:28.398Z,2026-04-15T14:12:28.398Z,
ashby,robco,Robco,37,0,0,0,0,37,0,0,0,0,false,false,irrelevant_only,0,low,0,0,2026-04-15T13:58:15.816Z,2026-04-15T13:58:15.816Z,
ashby,robot-learning-co,Robot Learning Co,0,0,0,0,0,0,0,0,0,0,false,true,empty,0,dead,8,0,2026-04-15T13:58:18.958Z,2026-04-15T13:58:18.958Z,
ashby,moonvalley-ai,Robotics Researcher @ Moonvalley AI,7,0,0,0,2,5,0,0,0,0,false,false,irrelevant_only,0,low,0,0,2026-04-15T14:30:27.163Z,2026-04-15T14:30:27.163Z,
ashby,arthur,Robotics Software Engineer @ Arthur Robotics,1,0,0,0,0,1,0,0,0,0,false,false,irrelevant_only,0,low,0,0,2026-04-15T14:30:29.625Z,2026-04-15T14:30:29.625Z,
lever,robust-ai,Robust Ai,13,0,0,0,7,6,0,0,0,0,false,false,irrelevant_only,0,low,0,0,2026-04-15T14:12:32.155Z,2026-04-15T14:12:32.155Z,
greenhouse,salsify,Salsify,16,0,0,0,0,16,0,0,0,0,false,false,irrelevant_only,0,low,0,0,2026-04-15T14:01:49.190Z,2026-04-15T14:01:49.190Z,
greenhouse,saltsecurity,Saltsecurity,5,0,0,0,2,3,0,0,0,0,false,false,irrelevant_only,0,low,0,0,2026-04-15T14:01:49.399Z,2026-04-15T14:01:49.399Z,
greenhouse,samsara,Samsara,390,0,0,0,0,390,0,0,0,0,false,false,irrelevant_only,0,low,0,0,2026-04-15T14:01:52.800Z,2026-04-15T14:01:52.800Z,
ashby,Scale Army Careers,Scale Army Careers,102,0,0,0,8,94,0,0,0,0,false,false,irrelevant_only,0,low,0,0,2026-04-15T13:58:22.291Z,2026-04-15T13:58:22.291Z,
lever,schmidt-entities,Schmidt Entities,15,0,0,0,5,10,0,0,0,0,false,false,irrelevant_only,0,low,0,0,2026-04-15T14:12:40.843Z,2026-04-15T14:12:40.843Z,
ashby,seneca,Seneca,11,0,0,0,11,0,0,0,0,0,false,false,old_only,0,low,0,0,2026-04-15T13:58:24.294Z,2026-04-15T13:58:24.294Z,
ashby,hyperexponential,Senior AI Engineer,32,0,0,0,8,24,0,0,0,0,false,false,irrelevant_only,0,low,0,0,2026-04-15T14:30:28.792Z,2026-04-15T14:30:28.792Z,
rippling,tive-careers,Senior Product Designer,22,0,0,0,9,13,0,0,22,0,false,false,irrelevant_only,0,low,0,0,2026-04-15T14:30:17.787Z,2026-04-15T14:30:17.787Z,
smartrecruiters,SeniorPlc1,SeniorPlc1,100,0,0,0,0,100,0,0,100,0,false,false,irrelevant_only,0,low,0,0,2026-04-15T14:22:23.496Z,2026-04-15T14:22:23.496Z,
ashby,sensmore,Sensmore,8,0,0,0,2,6,0,0,0,0,false,false,irrelevant_only,0,low,0,0,2026-04-15T13:58:24.859Z,2026-04-15T13:58:24.859Z,
ashby,sereact,Sereact,27,0,0,0,1,26,0,0,0,0,false,false,irrelevant_only,0,low,0,0,2026-04-15T13:58:27.207Z,2026-04-15T13:58:27.207Z,
smartrecruiters,serpapackagingsolutions,Serpapackagingsolutions,0,0,0,0,0,0,0,0,0,0,false,true,empty,0,dead,6,0,2026-04-15T14:22:23.576Z,2026-04-15T14:22:23.576Z,
ashby,serverobotics,Serverobotics,63,0,0,0,9,54,0,0,0,0,false,false,irrelevant_only,0,low,0,0,2026-04-15T13:58:29.552Z,2026-04-15T13:58:29.552Z,
ashby,sesame,Sesame,32,0,0,0,16,16,0,0,0,0,false,false,irrelevant_only,0,low,0,0,2026-04-15T13:58:30.848Z,2026-04-15T13:58:30.848Z,
ashby,sfcompute,Sfcompute,14,0,0,0,3,11,0,0,0,0,false,false,irrelevant_only,0,low,0,0,2026-04-15T13:58:31.919Z,2026-04-15T13:58:31.919Z,
lever,SimbeRobotics,SimbeRobotics,10,0,0,0,2,8,0,0,0,0,false,false,irrelevant_only,0,low,0,0,2026-04-15T14:13:09.316Z,2026-04-15T14:13:09.316Z,
greenhouse,skylotechnologies,Skylotechnologies,30,0,0,0,0,30,0,0,0,0,false,false,irrelevant_only,0,low,0,0,2026-04-15T14:01:55.087Z,2026-04-15T14:01:55.087Z,
greenhouse,slice,Slice,51,0,0,0,0,51,0,0,0,0,false,false,irrelevant_only,0,low,0,0,2026-04-15T14:01:55.359Z,2026-04-15T14:01:55.359Z,
greenhouse,smartwarehousing,Smartwarehousing,11,0,0,0,0,11,0,0,0,0,false,false,irrelevant_only,0,low,0,0,2026-04-15T14:01:55.608Z,2026-04-15T14:01:55.608Z,
lever,SpaceSystemsIntegration,SpaceSystemsIntegration,23,0,0,0,6,17,0,0,0,0,false,false,irrelevant_only,0,low,0,0,2026-04-15T14:13:14.728Z,2026-04-15T14:13:14.728Z,
ashby,stainlessapi,Stainlessapi,16,0,0,0,12,4,0,0,0,0,false,false,irrelevant_only,0,low,0,0,2026-04-15T13:58:50.120Z,2026-04-15T13:58:50.120Z,
ashby,StandardBots,StandardBots,36,0,0,0,1,35,0,0,0,0,false,false,irrelevant_only,0,low,0,0,2026-04-15T13:58:51.893Z,2026-04-15T13:58:51.893Z,
ashby,StandInsurance,StandInsurance,11,0,0,0,3,8,0,1,0,0,false,false,irrelevant_only,0,low,0,0,2026-04-15T13:58:52.804Z,2026-04-15T13:58:52.804Z,
ashby,starpath.space,Starpath.Space,10,0,0,0,9,1,0,0,0,0,false,false,irrelevant_only,0,low,0,0,2026-04-15T13:58:53.755Z,2026-04-15T13:58:53.755Z,
smartrecruiters,staubli,Staubli,0,0,0,0,0,0,0,0,0,0,false,true,empty,0,dead,6,0,2026-04-15T14:22:55.912Z,2026-04-15T14:22:55.912Z,
smartrecruiters,staubligroup,Staubligroup,100,0,0,0,0,100,0,0,100,0,false,false,irrelevant_only,0,low,0,0,2026-04-15T14:23:38.426Z,2026-04-15T14:23:38.426Z,
lever,steerbridge,Steerbridge,84,0,0,0,12,72,0,0,0,0,false,false,irrelevant_only,0,low,0,0,2026-04-15T14:13:16.237Z,2026-04-15T14:13:16.237Z,
smartrecruiters,StemXpert1,StemXpert1,100,0,0,0,100,0,0,0,100,0,false,false,old_only,0,low,0,0,2026-04-15T14:24:29.177Z,2026-04-15T14:24:29.177Z,
smartrecruiters,stowgroup,Stowgroup,100,0,0,0,16,84,0,0,100,0,false,false,irrelevant_only,0,low,0,0,2026-04-15T14:24:58.955Z,2026-04-15T14:24:58.955Z,
ashby,sunday,Sunday,30,0,0,0,13,17,0,0,0,0,false,false,irrelevant_only,0,low,0,0,2026-04-15T13:58:55.376Z,2026-04-15T13:58:55.376Z,
lever,sundrivesolar,Sundrivesolar,0,0,0,0,0,0,0,0,0,0,false,true,empty,0,dead,8,0,2026-04-15T14:13:16.738Z,2026-04-15T14:13:16.738Z,
ashby,sunrise,Sunrise,11,0,0,0,3,8,0,0,0,0,false,false,irrelevant_only,0,low,0,0,2026-04-15T13:58:55.974Z,2026-04-15T13:58:55.974Z,
rippling,menadier,Survey Coordinator & Draftsman,3,0,0,0,3,0,0,0,3,0,false,false,old_only,0,low,0,0,2026-04-15T14:30:42.179Z,2026-04-15T14:30:42.179Z,
ashby,T-Robotics,T Robotics,0,0,0,0,0,0,0,0,0,0,true,true,fetch_failed,0,low,0,6,2026-04-15T13:59:03.514Z,,Ashby T Robotics failed: 404
ashby,taekus,Taekus,7,0,0,0,3,4,0,0,0,0,false,false,irrelevant_only,0,low,0,0,2026-04-15T13:59:04.091Z,2026-04-15T13:59:04.091Z,
lever,talentwerx.io,Talentwerx.Io,27,0,0,0,5,22,0,0,0,0,false,false,irrelevant_only,0,low,0,0,2026-04-15T14:13:19.759Z,2026-04-15T14:13:19.759Z,
ashby,tandem,Tandem,25,0,0,0,21,4,0,0,0,0,false,false,irrelevant_only,0,low,0,0,2026-04-15T13:59:05.247Z,2026-04-15T13:59:05.247Z,
lever,teleo,Teleo,9,0,0,0,4,5,0,0,0,0,false,false,irrelevant_only,0,low,0,0,2026-04-15T14:13:20.645Z,2026-04-15T14:13:20.645Z,
ashby,tempo-xyz,Tempo Xyz,17,0,0,0,6,11,0,0,0,0,false,false,irrelevant_only,0,low,0,0,2026-04-15T13:59:05.468Z,2026-04-15T13:59:05.468Z,
ashby,tensorwave,Tensorwave,30,0,0,0,14,16,0,0,0,0,false,false,irrelevant_only,0,low,0,0,2026-04-15T13:59:06.521Z,2026-04-15T13:59:06.521Z,
ashby,TerraFirma,TerraFirma,22,0,0,0,19,3,0,0,0,0,false,false,irrelevant_only,0,low,0,0,2026-04-15T13:59:07.398Z,2026-04-15T13:59:07.398Z,
ashby,terranova,Terranova,13,0,0,0,3,10,0,0,0,0,false,false,irrelevant_only,0,low,0,0,2026-04-15T13:59:08.349Z,2026-04-15T13:59:08.349Z,
greenhouse,tetra,Tetra,3,0,0,0,3,0,0,0,0,0,false,false,old_only,0,low,0,0,2026-04-15T14:02:04.087Z,2026-04-15T14:02:04.087Z,
ashby,teza-technologies,Teza Technologies,13,0,0,0,9,4,0,0,0,0,false,false,irrelevant_only,0,low,0,0,2026-04-15T13:59:09.641Z,2026-04-15T13:59:09.641Z,
ashby,the-exploration-company,The Exploration Company,105,0,0,0,34,71,0,0,0,0,false,false,irrelevant_only,0,low,0,0,2026-04-15T13:59:12.545Z,2026-04-15T13:59:12.545Z,
lever,thea.energy,Thea.Energy,33,0,0,0,9,24,0,0,0,0,false,false,irrelevant_only,0,low,0,0,2026-04-15T14:13:22.822Z,2026-04-15T14:13:22.822Z,
lever,thehousemajoritypac,Thehousemajoritypac,2,0,0,0,1,1,0,0,0,0,false,false,irrelevant_only,0,low,0,0,2026-04-15T14:13:33.262Z,2026-04-15T14:13:33.262Z,
greenhouse,thenuclearcompany,Thenuclearcompany,34,0,0,0,0,34,0,0,0,0,false,false,irrelevant_only,0,low,0,0,2026-04-15T14:02:04.453Z,2026-04-15T14:02:04.453Z,
greenhouse,togetherwork,Togetherwork,49,0,0,0,0,49,0,0,0,0,false,false,irrelevant_only,0,low,0,0,2026-04-15T14:02:04.929Z,2026-04-15T14:02:04.929Z,
lever,transmutex,Transmutex,2,0,0,0,2,0,0,0,0,0,false,false,old_only,0,low,0,0,2026-04-15T14:13:58.363Z,2026-04-15T14:13:58.363Z,
lever,tri,Tri,16,0,0,0,8,8,0,0,0,0,false,false,irrelevant_only,0,low,0,0,2026-04-15T14:13:59.751Z,2026-04-15T14:13:59.751Z,
lever,tutorintelligence,Tutorintelligence,30,0,0,0,22,8,0,0,0,0,false,false,irrelevant_only,0,low,0,0,2026-04-15T14:14:26.707Z,2026-04-15T14:14:26.707Z,
lever,tx-inc.com,Tx Inc.Com,28,0,0,0,22,6,0,0,0,0,false,false,irrelevant_only,0,low,0,0,2026-04-15T14:14:29.071Z,2026-04-15T14:14:29.071Z,
smartrecruiters,UASLabsLLC,UAS Labs LLC,0,0,0,0,0,0,0,0,0,0,false,true,empty,0,dead,6,0,2026-04-15T14:24:59.067Z,2026-04-15T14:24:59.067Z,
smartrecruiters,UKAtomicEnergyAuthority,UKAtomicEnergyAuthority,43,0,0,0,0,43,0,0,43,0,false,false,irrelevant_only,0,low,0,0,2026-04-15T14:25:20.010Z,2026-04-15T14:25:20.010Z,
greenhouse,umojabiopharma,Umojabiopharma,18,0,0,0,0,18,0,0,0,0,false,false,irrelevant_only,0,low,0,0,2026-04-15T14:02:05.924Z,2026-04-15T14:02:05.924Z,
smartrecruiters,UncommonSchools,UncommonSchools,100,0,0,0,0,100,0,0,100,0,false,false,irrelevant_only,0,low,0,0,2026-04-15T14:25:56.021Z,2026-04-15T14:25:56.021Z,
ashby,upvest,Upvest,30,0,0,0,6,24,0,0,0,0,false,false,irrelevant_only,0,low,0,0,2026-04-15T13:59:16.075Z,2026-04-15T13:59:16.075Z,
lever,valdeseng,Valdeseng,32,0,0,0,26,6,0,0,0,0,false,false,irrelevant_only,0,low,0,0,2026-04-15T14:14:29.681Z,2026-04-15T14:14:29.681Z,
ashby,vanta,Vanta,163,0,0,0,63,100,0,0,0,0,false,false,irrelevant_only,0,low,0,0,2026-04-15T13:59:16.446Z,2026-04-15T13:59:16.446Z,
ashby,venn,Venn,12,0,0,0,0,12,0,0,0,0,false,false,irrelevant_only,0,low,0,0,2026-04-15T13:59:17.192Z,2026-04-15T13:59:17.192Z,
smartrecruiters,Vention,Vention,55,0,0,0,5,50,0,0,55,0,false,false,irrelevant_only,0,low,0,0,2026-04-15T14:26:32.720Z,2026-04-15T14:26:32.720Z,
greenhouse,veracode,Veracode,28,0,0,0,1,27,0,0,0,0,false,false,irrelevant_only,0,low,0,0,2026-04-15T14:02:06.528Z,2026-04-15T14:02:06.528Z,
greenhouse,veriff,Veriff,26,0,0,0,0,26,0,0,0,0,false,false,irrelevant_only,0,low,0,0,2026-04-15T14:02:06.787Z,2026-04-15T14:02:06.787Z,
ashby,Verne Robotics,Verne Robotics,4,0,0,0,0,4,0,0,0,0,false,false,irrelevant_only,0,low,0,0,2026-04-15T13:59:17.692Z,2026-04-15T13:59:17.692Z,
ashby,voxel,Voxel,9,0,0,0,0,9,0,0,0,0,false,false,irrelevant_only,0,low,0,0,2026-04-15T13:59:18.521Z,2026-04-15T13:59:18.521Z,
greenhouse,vrmnjretina,Vrmnjretina,4,0,0,0,0,4,0,0,0,0,false,false,irrelevant_only,0,low,0,0,2026-04-15T14:02:06.986Z,2026-04-15T14:02:06.986Z,
lever,waabi,Waabi,65,0,0,0,30,35,0,0,0,0,false,false,irrelevant_only,0,low,0,0,2026-04-15T14:14:54.261Z,2026-04-15T14:14:54.261Z,
lever,waremalcomb,Waremalcomb,92,0,0,0,60,32,0,0,0,0,false,false,irrelevant_only,0,low,0,0,2026-04-15T14:15:02.074Z,2026-04-15T14:15:02.074Z,
ashby,watneyrobotics,Watneyrobotics,8,0,0,0,8,0,0,0,0,0,false,false,old_only,0,low,0,0,2026-04-15T13:59:20.487Z,2026-04-15T13:59:20.487Z,
greenhouse,wavexr,Wavexr,0,0,0,0,0,0,0,0,0,0,true,true,fetch_failed,0,low,0,8,2026-04-15T14:02:07.116Z,,Greenhouse Wavexr failed: 404
lever,weride,Weride,32,0,0,0,31,1,0,0,0,0,false,false,irrelevant_only,0,low,0,0,2026-04-15T14:15:02.699Z,2026-04-15T14:15:02.699Z,
lever,whoop,Whoop,150,0,0,0,29,121,0,0,0,0,false,false,irrelevant_only,0,low,0,0,2026-04-15T14:15:31.214Z,2026-04-15T14:15:31.214Z,
ashby,witnessai,Witnessai,4,0,0,0,0,4,0,0,0,0,false,false,irrelevant_only,0,low,0,0,2026-04-15T13:59:21.183Z,2026-04-15T13:59:21.183Z,
greenhouse,wizeline,Wizeline,60,0,0,0,11,49,0,0,0,0,false,false,irrelevant_only,0,low,0,0,2026-04-15T14:02:07.498Z,2026-04-15T14:02:07.498Z,
lever,world-view-enterprises-inc.,World View Enterprises Inc.,13,0,0,0,1,12,0,0,0,0,false,false,irrelevant_only,0,low,0,0,2026-04-15T14:15:32.585Z,2026-04-15T14:15:32.585Z,
lever,woven-by-toyota,Woven By Toyota,195,0,0,0,97,98,0,0,0,0,false,false,irrelevant_only,0,low,0,0,2026-04-15T14:15:36.848Z,2026-04-15T14:15:36.848Z,
ashby,xbowcareers,Xbowcareers,36,0,0,0,0,36,0,0,0,0,false,false,irrelevant_only,0,low,0,0,2026-04-15T13:59:21.380Z,2026-04-15T13:59:21.380Z,
ashby,yumaai,Yumaai,4,0,0,0,4,0,0,0,0,0,false,false,old_only,0,low,0,0,2026-04-15T13:59:21.501Z,2026-04-15T13:59:21.501Z,
ashby,zauber,Zauber,7,0,0,0,4,3,0,0,0,0,false,false,irrelevant_only,0,low,0,0,2026-04-15T13:59:21.713Z,2026-04-15T13:59:21.713Z,
ashby,zefir,Zefir,19,0,0,0,9,10,0,0,0,0,false,false,irrelevant_only,0,low,0,0,2026-04-15T13:59:21.938Z,2026-04-15T13:59:21.938Z,
lever,zoox,Zoox,213,0,0,0,97,116,0,0,0,0,false,false,irrelevant_only,0,low,0,0,2026-04-15T14:15:39.253Z,2026-04-15T14:15:39.253Z,
ashby,zydro,Zydro,1,0,0,0,1,0,0,0,0,0,false,false,old_only,0,low,0,0,2026-04-15T13:59:22.267Z,2026-04-15T13:59:22.267Z,
ashby,zyphra,Zyphra,14,0,0,0,0,14,0,0,0,0,false,false,irrelevant_only,0,low,0,0,2026-04-15T13:59:22.493Z,2026-04-15T13:59:22.493Z,