"company_key","sources_status","last_checked_at","last_successful_fetch_at","last_fetch_error","consecutive_failures","jobs_last_run","jobs_relevant_last_run","jobs_inserted_last_run","jobs_updated_last_run","jobs_irrelevant_last_run","jobs_partial_last_run","jobs_old_last_run","fetch_failed_last_run","yield_last_run","times_seen_empty","times_failed","scrape_tier","scrape_every_runs","bucket_last_run"
"legacy__ashby__abridge","auto","2026-04-10T14:59:08.636Z","2026-04-10T14:59:08.636Z","","","58","0","0","0","37","0","21","false","0.000","0","0","low","2","irrelevant_only"
"legacy__ashby__aerovect","auto","2026-04-10T14:59:09.974Z","2026-04-10T14:59:09.974Z","","","19","3","0","3","11","0","5","false","0.158","0","0","medium","1","productive"
"legacy__ashby__aetherflux","auto","2026-04-10T14:59:11.389Z","2026-04-10T14:59:11.389Z","","","26","0","0","0","19","0","7","false","0.000","0","0","low","2","irrelevant_only"
"legacy__ashby__aim","auto","2026-04-10T14:59:12.164Z","2026-04-10T14:59:12.164Z","","","17","0","0","0","17","0","0","false","0.000","0","0","low","2","irrelevant_only"
"legacy__ashby__airbound","auto","2026-04-10T14:59:12.861Z","2026-04-10T14:59:12.861Z","","","2","2","0","2","0","0","0","false","1.000","0","0","high","1","productive"
"legacy__ashby__airops","auto","2026-04-10T14:59:14.421Z","2026-04-10T14:59:14.421Z","","","28","0","0","0","14","0","14","false","0.000","0","0","low","2","irrelevant_only"
"legacy__ashby__alta-ares","auto","2026-04-10T14:59:17.545Z","","Ashby Alta Ares failed: 404","","0","0","0","0","0","0","0","true","0.000","0","2","low","2","fetch_failed"
"legacy__ashby__altura","auto","2026-04-10T14:59:18.019Z","2026-04-10T14:59:18.019Z","","","2","0","0","0","2","0","0","false","0.000","0","0","low","2","irrelevant_only"
"legacy__ashby__Antares","auto","2026-04-10T14:59:19.220Z","2026-04-10T14:59:19.220Z","","","24","0","0","0","10","0","14","false","0.000","0","0","low","2","irrelevant_only"
"legacy__ashby__arxlight-ai","auto","2026-04-10T14:59:20.744Z","2026-04-10T14:59:20.744Z","","","8","3","0","3","5","0","0","false","0.375","0","0","medium","1","productive"
"legacy__ashby__atlan","auto","2026-04-10T14:59:21.319Z","2026-04-10T14:59:21.319Z","","","15","0","0","0","9","0","6","false","0.000","0","0","low","2","irrelevant_only"
"legacy__ashby__aureliussystems","auto","2026-04-10T14:59:23.365Z","2026-04-10T14:59:23.365Z","","","7","7","0","7","0","0","0","false","1.000","0","0","high","1","productive"
"legacy__ashby__backflip.ai","auto","2026-04-10T14:59:24.188Z","2026-04-10T14:59:24.188Z","","","0","0","0","0","0","0","0","false","0.000","1","0","low","2","empty"
"legacy__ashby__bedrock-robotics","auto","2026-04-10T14:59:25.515Z","2026-04-10T14:59:25.515Z","","","23","0","0","0","21","0","2","false","0.000","0","0","low","2","irrelevant_only"
"legacy__ashby__Blacksmith","auto","2026-04-10T14:59:26.071Z","2026-04-10T14:59:26.071Z","","","12","0","0","0","4","0","8","false","0.000","0","0","low","2","irrelevant_only"
"legacy__ashby__bliro","auto","2026-04-10T14:59:26.616Z","2026-04-10T14:59:26.616Z","","","8","0","0","0","6","0","2","false","0.000","0","0","low","2","irrelevant_only"
"legacy__ashby__breaker","auto","2026-04-10T14:59:27.426Z","2026-04-10T14:59:27.426Z","","","3","3","0","3","0","0","0","false","1.000","0","0","high","1","productive"
"legacy__ashby__brinc","auto","2026-04-10T14:59:30.193Z","2026-04-10T14:59:30.193Z","","","22","9","0","9","1","0","12","false","0.409","0","0","high","1","productive"
"legacy__ashby__built-robotics","auto","2026-04-10T14:59:30.552Z","2026-04-10T14:59:30.552Z","","","2","0","0","0","0","0","2","false","0.000","0","0","low","2","old_only"
"legacy__ashby__callosum","auto","2026-04-10T14:59:30.867Z","2026-04-10T14:59:30.867Z","","","1","0","0","0","1","0","0","false","0.000","0","0","low","2","irrelevant_only"
"legacy__ashby__campfire","auto","2026-04-10T14:59:31.883Z","2026-04-10T14:59:31.883Z","","","23","0","0","0","9","0","14","false","0.000","0","0","low","2","irrelevant_only"
"legacy__ashby__character","auto","2026-04-10T14:59:32.057Z","2026-04-10T14:59:32.057Z","","","17","0","0","0","5","0","12","false","0.000","0","0","low","2","irrelevant_only"
"legacy__ashby__charge-robotics","auto","2026-04-10T14:59:32.772Z","2026-04-10T14:59:32.772Z","","","14","0","0","0","7","0","7","false","0.000","0","0","low","2","irrelevant_only"
"legacy__ashby__clasp-group","auto","2026-04-10T14:59:32.971Z","2026-04-10T14:59:32.971Z","","","15","0","0","0","15","0","0","false","0.000","0","0","low","2","irrelevant_only"
"legacy__ashby__close","auto","2026-04-10T14:59:33.528Z","2026-04-10T14:59:33.528Z","","","9","0","0","0","8","0","1","false","0.000","0","0","low","2","irrelevant_only"
"legacy__ashby__cobot","auto","2026-04-10T14:59:34.493Z","2026-04-10T14:59:34.493Z","","","15","0","0","0","13","0","2","false","0.000","0","0","low","2","irrelevant_only"
"legacy__ashby__cocodelivery","auto","2026-04-10T14:59:35.348Z","2026-04-10T14:59:35.348Z","","","14","0","0","0","11","0","3","false","0.000","0","0","low","2","irrelevant_only"
"legacy__ashby__coderabbit","auto","2026-04-10T14:59:36.783Z","2026-04-10T14:59:36.783Z","","","30","0","0","0","21","0","9","false","0.000","0","0","low","2","irrelevant_only"
"legacy__ashby__compound-eye","auto","2026-04-10T14:59:37.345Z","2026-04-10T14:59:37.345Z","","","3","1","0","1","2","0","0","false","0.333","0","0","medium","1","productive"
"legacy__ashby__continua","auto","2026-04-10T14:59:37.829Z","2026-04-10T14:59:37.829Z","","","2","0","0","0","0","0","2","false","0.000","0","0","low","2","old_only"
"legacy__ashby__corvus-robotics","auto","2026-04-10T14:59:38.235Z","2026-04-10T14:59:38.235Z","","","6","0","0","0","0","0","6","false","0.000","0","0","low","2","old_only"
"legacy__ashby__cosmic-robotics","auto","2026-04-10T14:59:38.672Z","2026-04-10T14:59:38.672Z","","","4","0","0","0","1","0","3","false","0.000","0","0","low","2","irrelevant_only"
"legacy__ashby__critical-energy","auto","2026-04-10T14:59:39.158Z","2026-04-10T14:59:39.158Z","","","1","0","0","0","0","0","1","false","0.000","0","0","low","2","old_only"
"legacy__ashby__deel","auto","2026-04-10T14:59:40.078Z","2026-04-10T14:59:40.078Z","","","264","0","0","0","234","0","30","false","0.000","0","0","low","2","irrelevant_only"
"legacy__ashby__deeptune","auto","2026-04-10T14:59:40.586Z","2026-04-10T14:59:40.586Z","","","4","0","0","0","2","0","2","false","0.000","0","0","low","2","irrelevant_only"
"legacy__ashby__delian","auto","2026-04-10T14:59:41.654Z","2026-04-10T14:59:41.654Z","","","6","2","0","2","4","0","0","false","0.333","0","0","medium","1","productive"
"legacy__ashby__dexmate","auto","2026-04-10T14:59:42.919Z","2026-04-10T14:59:42.919Z","","","25","0","0","0","15","0","10","false","0.000","0","0","low","2","irrelevant_only"
"legacy__ashby__distributed-spectrum","auto","2026-04-10T14:59:43.737Z","2026-04-10T14:59:43.737Z","","","4","1","0","1","3","0","0","false","0.250","0","0","medium","1","productive"
"legacy__ashby__duna","auto","2026-04-10T14:59:44.427Z","2026-04-10T14:59:44.427Z","","","10","0","0","0","5","0","5","false","0.000","0","0","low","2","irrelevant_only"
"legacy__ashby__dust","auto","2026-04-10T14:59:45.478Z","2026-04-10T14:59:45.478Z","","","23","0","0","0","17","0","6","false","0.000","0","0","low","2","irrelevant_only"
"legacy__ashby__dyna-robotics","auto","2026-04-10T14:59:46.073Z","2026-04-10T14:59:46.073Z","","","15","0","0","0","10","0","5","false","0.000","0","0","low","2","irrelevant_only"
"legacy__ashby__echotwin","auto","2026-04-10T14:59:46.774Z","2026-04-10T14:59:46.774Z","","","11","0","0","0","0","0","11","false","0.000","0","0","low","2","old_only"
"legacy__ashby__eigen-labs","auto","2026-04-10T14:59:47.253Z","2026-04-10T14:59:47.253Z","","","5","0","0","0","4","0","1","false","0.000","0","0","low","2","irrelevant_only"
"legacy__ashby__elevenlabs","auto","2026-04-10T14:59:47.566Z","2026-04-10T14:59:47.566Z","","","106","0","0","0","79","0","27","false","0.000","0","0","low","2","irrelevant_only"
"legacy__ashby__embedding-vc","auto","2026-04-10T14:59:49.110Z","2026-04-10T14:59:49.110Z","","","36","0","0","0","25","0","11","false","0.000","0","0","low","2","irrelevant_only"
"legacy__ashby__enpal","auto","2026-04-10T14:59:55.104Z","2026-04-10T14:59:55.104Z","","","221","0","0","0","221","0","0","false","0.000","0","0","low","2","irrelevant_only"
"legacy__ashby__ether.fi","auto","2026-04-10T14:59:55.756Z","2026-04-10T14:59:55.756Z","","","16","0","0","0","5","0","11","false","0.000","0","0","low","2","irrelevant_only"
"legacy__ashby__exa","auto","2026-04-10T14:59:56.975Z","2026-04-10T14:59:56.975Z","","","36","0","0","0","14","0","22","false","0.000","0","0","low","2","irrelevant_only"
"legacy__ashby__fauna-robotics","auto","2026-04-10T14:59:57.458Z","2026-04-10T14:59:57.458Z","","","0","0","0","0","0","0","0","false","0.000","1","0","low","2","empty"
"legacy__ashby__featherlessai","auto","2026-04-10T14:59:57.672Z","2026-04-10T14:59:57.672Z","","","19","0","0","0","15","0","4","false","0.000","0","0","low","2","irrelevant_only"
"legacy__ashby__Fiducial","auto","2026-04-10T14:59:59.979Z","2026-04-10T14:59:59.979Z","","","10","7","1","6","0","0","3","false","0.700","0","0","high","1","productive"
"legacy__ashby__finary","auto","2026-04-10T15:00:01.392Z","2026-04-10T15:00:01.392Z","","","14","0","0","0","9","0","5","false","0.000","0","0","low","2","irrelevant_only"
"legacy__ashby__finmid.com","auto","2026-04-10T15:00:01.804Z","2026-04-10T15:00:01.804Z","","","3","0","0","0","2","0","1","false","0.000","0","0","low","2","irrelevant_only"
"legacy__ashby__flagright.com","auto","2026-04-10T15:00:03.731Z","2026-04-10T15:00:03.731Z","","","56","0","0","0","54","0","2","false","0.000","0","0","low","2","irrelevant_only"
"legacy__ashby__flink","auto","2026-04-10T15:00:04.147Z","2026-04-10T15:00:04.147Z","","","2","0","0","0","1","0","1","false","0.000","0","0","low","2","irrelevant_only"
"legacy__ashby__Flock Safety","auto","2026-04-10T15:00:12.023Z","2026-04-10T15:00:12.023Z","","","72","17","0","17","46","0","9","false","0.236","0","0","medium","1","productive"
"legacy__ashby__Flock%20Safety","auto","2026-04-10T15:00:16.042Z","2026-04-10T15:00:16.042Z","","","72","17","0","17","46","0","9","false","0.236","0","0","medium","1","productive"
"legacy__ashby__Foundational Industries","auto","2026-04-10T15:00:16.901Z","2026-04-10T15:00:16.901Z","","","8","0","0","0","8","0","0","false","0.000","0","0","low","2","irrelevant_only"
"legacy__ashby__foundry-robotics","auto","2026-04-10T15:00:17.408Z","2026-04-10T15:00:17.408Z","","","5","0","0","0","5","0","0","false","0.000","0","0","low","2","irrelevant_only"
"legacy__ashby__fyxer","auto","2026-04-10T15:00:17.602Z","2026-04-10T15:00:17.602Z","","","13","0","0","0","12","0","1","false","0.000","0","0","low","2","irrelevant_only"
"legacy__ashby__gecko-robotics","auto","2026-04-10T15:00:17.843Z","2026-04-10T15:00:17.843Z","","","26","0","0","0","20","0","6","false","0.000","0","0","low","2","irrelevant_only"
"legacy__ashby__generalist","auto","2026-04-10T15:00:19.114Z","2026-04-10T15:00:19.114Z","","","17","0","0","0","17","0","0","false","0.000","0","0","low","2","irrelevant_only"
"legacy__ashby__generalrobotics","auto","2026-04-10T15:00:19.966Z","2026-04-10T15:00:19.966Z","","","6","1","0","1","5","0","0","false","0.167","0","0","medium","1","productive"
"legacy__ashby__govdash","auto","2026-04-10T15:00:21.208Z","2026-04-10T15:00:21.208Z","","","11","0","0","0","9","0","2","false","0.000","0","0","low","2","irrelevant_only"
"legacy__ashby__GoVenti","auto","2026-04-10T15:00:22.591Z","2026-04-10T15:00:22.591Z","","","31","0","0","0","12","0","19","false","0.000","0","0","low","2","irrelevant_only"
"legacy__ashby__GravityClimate","auto","2026-04-10T15:00:23.371Z","2026-04-10T15:00:23.371Z","","","8","0","0","0","4","0","4","false","0.000","0","0","low","2","irrelevant_only"
"legacy__ashby__graymatter-robotics","auto","2026-04-10T15:00:24.570Z","2026-04-10T15:00:24.570Z","","","10","1","0","1","7","0","2","false","0.100","0","0","medium","1","productive"
"legacy__ashby__gritt","auto","2026-04-10T15:00:25.300Z","2026-04-10T15:00:25.300Z","","","5","0","0","0","0","0","5","false","0.000","0","0","low","2","old_only"
"legacy__ashby__hadrian-automation","auto","2026-04-10T15:00:25.867Z","2026-04-10T15:00:25.867Z","","","148","0","0","0","102","0","46","false","0.000","0","0","low","2","irrelevant_only"
"legacy__ashby__happyrobot.ai","auto","2026-04-10T15:00:29.082Z","2026-04-10T15:00:29.082Z","","","70","0","0","0","42","0","28","false","0.000","0","0","low","2","irrelevant_only"
"legacy__ashby__harmattan-ai","auto","2026-04-10T15:00:41.336Z","2026-04-10T15:00:41.336Z","","","97","45","0","45","44","0","8","false","0.464","0","0","high","1","productive"
"legacy__ashby__havocai","auto","2026-04-10T15:00:43.468Z","2026-04-10T15:00:43.468Z","","","26","10","10","0","15","0","1","false","0.385","0","0","medium","1","productive"
"legacy__ashby__hcompany","auto","2026-04-10T15:00:43.668Z","2026-04-10T15:00:43.668Z","","","14","0","0","0","9","0","5","false","0.000","0","0","low","2","irrelevant_only"
"legacy__ashby__heyjobs","auto","2026-04-10T15:00:45.230Z","2026-04-10T15:00:45.230Z","","","20","0","0","0","17","0","3","false","0.000","0","0","low","2","irrelevant_only"
"legacy__ashby__impulse","auto","2026-04-10T15:00:45.425Z","2026-04-10T15:00:45.425Z","","","2","0","0","0","1","0","1","false","0.000","0","0","low","2","irrelevant_only"
"legacy__ashby__kiefer","auto","2026-04-10T15:00:45.629Z","2026-04-10T15:00:45.629Z","","","9","0","0","0","9","0","0","false","0.000","0","0","low","2","irrelevant_only"
"legacy__ashby__knowlix","auto","2026-04-10T15:00:45.841Z","2026-04-10T15:00:45.841Z","","","9","0","0","0","1","0","8","false","0.000","0","0","low","2","irrelevant_only"
"legacy__ashby__kodifly","auto","2026-04-10T15:00:46.050Z","2026-04-10T15:00:46.050Z","","","12","0","0","0","9","0","3","false","0.000","0","0","low","2","irrelevant_only"
"legacy__ashby__kraken.com","auto","2026-04-10T15:00:46.550Z","2026-04-10T15:00:46.550Z","","","148","0","0","0","124","0","24","false","0.000","0","0","low","2","irrelevant_only"
"legacy__ashby__langdock","auto","2026-04-10T15:00:46.751Z","2026-04-10T15:00:46.751Z","","","5","0","0","0","5","0","0","false","0.000","0","0","low","2","irrelevant_only"
"legacy__ashby__langfuse","auto","2026-04-10T15:00:46.982Z","2026-04-10T15:00:46.982Z","","","9","0","0","0","7","0","2","false","0.000","0","0","low","2","irrelevant_only"
"legacy__ashby__lat","auto","2026-04-10T15:00:48.313Z","2026-04-10T15:00:48.313Z","","","8","2","0","2","0","0","6","false","0.250","0","0","medium","1","productive"
"legacy__ashby__letta","auto","2026-04-10T15:00:48.533Z","2026-04-10T15:00:48.533Z","","","5","0","0","0","0","0","5","false","0.000","0","0","low","2","old_only"
"legacy__ashby__lightdash","auto","2026-04-10T15:00:48.772Z","2026-04-10T15:00:48.772Z","","","6","0","0","0","5","0","1","false","0.000","0","0","low","2","irrelevant_only"
"legacy__ashby__linqapp","auto","2026-04-10T15:00:48.982Z","2026-04-10T15:00:48.982Z","","","11","0","0","0","11","0","0","false","0.000","0","0","low","2","irrelevant_only"
"legacy__ashby__liquid-ai","auto","2026-04-10T15:00:49.199Z","2026-04-10T15:00:49.199Z","","","17","0","0","0","9","0","8","false","0.000","0","0","low","2","irrelevant_only"
"legacy__ashby__mach","auto","2026-04-10T15:00:52.554Z","2026-04-10T15:00:52.554Z","","","67","15","0","15","25","0","27","false","0.224","0","0","medium","1","productive"
"legacy__ashby__maihem","auto","2026-04-10T15:00:52.755Z","2026-04-10T15:00:52.755Z","","","1","0","0","0","1","0","0","false","0.000","0","0","low","2","irrelevant_only"
"legacy__ashby__marcohire","auto","2026-04-10T15:00:53.591Z","2026-04-10T15:00:53.591Z","","","8","4","0","4","3","0","1","false","0.500","0","0","high","1","productive"
"legacy__ashby__matter-intelligence","auto","2026-04-10T15:00:54.490Z","2026-04-10T15:00:54.490Z","","","14","3","0","3","11","0","0","false","0.214","0","0","medium","1","productive"
"legacy__ashby__mecka.ai","auto","2026-04-10T15:00:54.701Z","2026-04-10T15:00:54.701Z","","","14","0","0","0","14","0","0","false","0.000","0","0","low","2","irrelevant_only"
"legacy__ashby__mindrobotics","auto","2026-04-10T15:00:54.896Z","2026-04-10T15:00:54.896Z","","","7","0","0","0","7","0","0","false","0.000","0","0","low","2","irrelevant_only"
"legacy__ashby__mirai-robotics","auto","2026-04-10T15:00:55.654Z","2026-04-10T15:00:55.654Z","","","4","3","0","3","0","0","1","false","0.750","0","0","high","1","productive"
"legacy__ashby__mirelo","auto","2026-04-10T15:00:55.858Z","2026-04-10T15:00:55.858Z","","","8","0","0","0","1","0","7","false","0.000","0","0","low","2","irrelevant_only"
"legacy__ashby__Molg","auto","2026-04-10T15:00:57.166Z","2026-04-10T15:00:57.166Z","","","11","0","0","0","11","0","0","false","0.000","0","0","low","2","irrelevant_only"
"legacy__ashby__monumental","auto","2026-04-10T15:00:57.413Z","2026-04-10T15:00:57.413Z","","","26","0","0","0","16","0","10","false","0.000","0","0","low","2","irrelevant_only"
"legacy__ashby__mosey","auto","2026-04-10T15:00:57.620Z","2026-04-10T15:00:57.620Z","","","2","0","0","0","0","0","2","false","0.000","0","0","low","2","old_only"
"legacy__ashby__munich-electrification","auto","2026-04-10T15:00:57.879Z","2026-04-10T15:00:57.879Z","","","34","0","0","0","32","0","2","false","0.000","0","0","low","2","irrelevant_only"
"legacy__ashby__neara","auto","2026-04-10T15:00:58.125Z","2026-04-10T15:00:58.125Z","","","36","0","0","0","34","0","2","false","0.000","0","0","low","2","irrelevant_only"
"legacy__ashby__neworbit","auto","2026-04-10T15:00:58.359Z","2026-04-10T15:00:58.359Z","","","10","0","0","0","4","0","6","false","0.000","0","0","low","2","irrelevant_only"
"legacy__ashby__niantic-spatial","auto","2026-04-10T15:00:58.789Z","2026-04-10T15:00:58.789Z","","","5","1","0","1","4","0","0","false","0.200","0","0","medium","1","productive"
"legacy__ashby__noda-ai","auto","2026-04-10T15:01:00.347Z","2026-04-10T15:01:00.347Z","","","12","7","0","7","0","0","5","false","0.583","0","0","high","1","productive"
"legacy__ashby__northvectordynamics","auto","2026-04-10T15:01:00.740Z","2026-04-10T15:01:00.740Z","","","6","1","0","1","5","0","0","false","0.167","0","0","medium","1","productive"
"legacy__ashby__northwoodspace","auto","2026-04-10T15:01:01.011Z","2026-04-10T15:01:01.011Z","","","56","0","0","0","38","0","18","false","0.000","0","0","low","2","irrelevant_only"
"legacy__ashby__observable-space","auto","2026-04-10T15:01:01.235Z","2026-04-10T15:01:01.235Z","","","18","0","0","0","16","0","2","false","0.000","0","0","low","2","irrelevant_only"
"legacy__ashby__obvio","auto","2026-04-10T15:01:01.456Z","2026-04-10T15:01:01.456Z","","","10","0","0","0","7","0","3","false","0.000","0","0","low","2","irrelevant_only"
"legacy__ashby__odys-aviation","auto","2026-04-10T15:01:04.041Z","2026-04-10T15:01:04.041Z","","","15","12","0","12","1","0","2","false","0.800","0","0","high","1","productive"
"legacy__ashby__oligo","auto","2026-04-10T15:01:04.236Z","2026-04-10T15:01:04.236Z","","","14","0","0","0","4","0","10","false","0.000","0","0","low","2","irrelevant_only"
"legacy__ashby__onebrief","auto","2026-04-10T15:01:04.506Z","2026-04-10T15:01:04.506Z","","","25","0","0","0","24","0","1","false","0.000","0","0","low","2","irrelevant_only"
"legacy__ashby__OnHires","auto","2026-04-10T15:01:06.634Z","2026-04-10T15:01:06.634Z","","","49","2","0","2","47","0","0","false","0.041","0","0","low","2","productive"
"legacy__ashby__orchard","auto","2026-04-10T15:01:06.870Z","2026-04-10T15:01:06.870Z","","","15","0","0","0","12","0","3","false","0.000","0","0","low","2","irrelevant_only"
"legacy__ashby__persona.ai","auto","2026-04-10T15:01:07.282Z","2026-04-10T15:01:07.282Z","","","12","1","0","1","3","0","8","false","0.083","0","0","low","2","productive"
"legacy__ashby__physicalintelligence","auto","2026-04-10T15:01:08.468Z","2026-04-10T15:01:08.468Z","","","22","0","0","0","12","0","10","false","0.000","0","0","low","2","irrelevant_only"
"legacy__ashby__pirros","auto","2026-04-10T15:01:08.671Z","2026-04-10T15:01:08.671Z","","","3","0","0","0","3","0","0","false","0.000","0","0","low","2","irrelevant_only"
"legacy__ashby__pivotrobotics","auto","2026-04-10T15:01:08.835Z","2026-04-10T15:01:08.835Z","","","3","0","0","0","2","0","1","false","0.000","0","0","low","2","irrelevant_only"
"legacy__ashby__point-one-navigation","auto","2026-04-10T15:01:09.285Z","2026-04-10T15:01:09.285Z","","","9","1","0","1","3","0","5","false","0.111","0","0","medium","1","productive"
"legacy__ashby__poseidonaero","auto","2026-04-10T15:01:13.860Z","2026-04-10T15:01:13.860Z","","","14","5","5","0","9","0","0","false","0.357","0","0","medium","1","productive"
"legacy__ashby__praxipal","auto","2026-04-10T15:01:14.238Z","2026-04-10T15:01:14.238Z","","","11","0","0","0","10","0","1","false","0.000","0","0","low","2","irrelevant_only"
"legacy__ashby__PrimeIntellect","auto","2026-04-10T15:01:15.291Z","2026-04-10T15:01:15.291Z","","","20","0","0","0","5","0","15","false","0.000","0","0","low","2","irrelevant_only"
"legacy__ashby__prior-labs","auto","2026-04-10T15:01:15.771Z","2026-04-10T15:01:15.771Z","","","15","0","0","0","8","0","7","false","0.000","0","0","low","2","irrelevant_only"
"legacy__ashby__pylon-labs","auto","2026-04-10T15:01:16.131Z","2026-04-10T15:01:16.131Z","","","30","0","0","0","14","0","16","false","0.000","0","0","low","2","irrelevant_only"
"legacy__ashby__quartermaster","auto","2026-04-10T15:01:16.363Z","2026-04-10T15:01:16.363Z","","","23","0","0","0","18","0","5","false","0.000","0","0","low","2","irrelevant_only"
"legacy__ashby__quilter","auto","2026-04-10T15:01:16.567Z","2026-04-10T15:01:16.567Z","","","5","0","0","0","3","0","2","false","0.000","0","0","low","2","irrelevant_only"
"legacy__ashby__rabot","auto","2026-04-10T15:01:16.782Z","2026-04-10T15:01:16.782Z","","","6","0","0","0","6","0","0","false","0.000","0","0","low","2","irrelevant_only"
"legacy__ashby__radiant-industries","auto","2026-04-10T15:01:17.164Z","2026-04-10T15:01:17.164Z","","","86","0","0","0","60","0","26","false","0.000","0","0","low","2","irrelevant_only"
"legacy__ashby__realmalliance","auto","2026-04-10T15:01:18.021Z","2026-04-10T15:01:18.021Z","","","7","4","0","4","1","0","2","false","0.571","0","0","high","1","productive"
"legacy__ashby__red6","auto","2026-04-10T15:01:18.254Z","2026-04-10T15:01:18.254Z","","","17","0","0","0","14","0","3","false","0.000","0","0","low","2","irrelevant_only"
"legacy__ashby__reflect-orbital","auto","2026-04-10T15:01:18.511Z","2026-04-10T15:01:18.511Z","","","19","0","0","0","2","0","17","false","0.000","0","0","low","2","irrelevant_only"
"legacy__ashby__ReflexRobotics","auto","2026-04-10T15:01:19.042Z","2026-04-10T15:01:19.042Z","","","6","0","0","0","1","0","5","false","0.000","0","0","low","2","irrelevant_only"
"legacy__ashby__reliable-robotics","auto","2026-04-10T15:01:20.926Z","2026-04-10T15:01:20.926Z","","","60","9","0","9","43","0","8","false","0.150","0","0","medium","1","productive"
"legacy__ashby__rhoda-ai","auto","2026-04-10T15:01:21.148Z","2026-04-10T15:01:21.148Z","","","16","0","0","0","16","0","0","false","0.000","0","0","low","2","irrelevant_only"
"legacy__ashby__Ridealso","auto","2026-04-10T15:01:25.043Z","2026-04-10T15:01:25.043Z","","","77","0","0","0","65","0","12","false","0.000","0","0","low","2","irrelevant_only"
"legacy__ashby__robco","auto","2026-04-10T15:01:25.309Z","2026-04-10T15:01:25.309Z","","","38","0","0","0","38","0","0","false","0.000","0","0","low","2","irrelevant_only"
"legacy__ashby__robin-radar","auto","2026-04-10T15:01:28.858Z","2026-04-10T15:01:28.858Z","","","24","19","0","19","3","0","2","false","0.792","0","0","high","1","productive"
"legacy__ashby__robot-learning-co","auto","2026-04-10T15:01:28.877Z","2026-04-10T15:01:28.877Z","","","0","0","0","0","0","0","0","false","0.000","2","0","dead","999","empty"
"legacy__ashby__Scale Army Careers","auto","2026-04-10T15:01:34.285Z","2026-04-10T15:01:34.285Z","","","107","0","0","0","99","0","8","false","0.000","0","0","low","2","irrelevant_only"
"legacy__ashby__se3","auto","2026-04-10T15:01:36.705Z","2026-04-10T15:01:36.705Z","","","12","5","0","5","1","0","6","false","0.417","0","0","medium","1","productive"
"legacy__ashby__seneca","auto","2026-04-10T15:01:37.782Z","2026-04-10T15:01:37.782Z","","","11","0","0","0","0","0","11","false","0.000","0","0","low","2","old_only"
"legacy__ashby__sensmore","auto","2026-04-10T15:01:38.366Z","2026-04-10T15:01:38.366Z","","","8","0","0","0","6","0","2","false","0.000","0","0","low","2","irrelevant_only"
"legacy__ashby__sentinel-eagle","auto","2026-04-10T15:01:39.816Z","2026-04-10T15:01:39.816Z","","","3","1","0","1","2","0","0","false","0.333","0","0","medium","1","productive"
"legacy__ashby__sereact","auto","2026-04-10T15:01:40.031Z","2026-04-10T15:01:40.031Z","","","30","0","0","0","29","0","1","false","0.000","0","0","low","2","irrelevant_only"
"legacy__ashby__serverobotics","auto","2026-04-10T15:01:42.859Z","2026-04-10T15:01:42.859Z","","","58","1","0","1","47","0","10","false","0.017","0","0","low","2","productive"
"legacy__ashby__sesame","auto","2026-04-10T15:01:45.348Z","2026-04-10T15:01:45.348Z","","","29","0","0","0","13","0","16","false","0.000","0","0","low","2","irrelevant_only"
"legacy__ashby__sfcompute","auto","2026-04-10T15:01:46.618Z","2026-04-10T15:01:46.618Z","","","14","0","0","0","11","0","3","false","0.000","0","0","low","2","irrelevant_only"
"legacy__ashby__Sine Engineering","auto","2026-04-10T15:01:49.901Z","2026-04-10T15:01:49.901Z","","","15","11","0","11","3","0","1","false","0.733","0","0","high","1","productive"
"legacy__ashby__Sine%20Engineering","auto","2026-04-10T15:01:52.321Z","2026-04-10T15:01:52.321Z","","","15","11","0","11","3","0","1","false","0.733","0","0","high","1","productive"
"legacy__ashby__skydio","auto","2026-04-10T15:02:12.134Z","2026-04-10T15:02:12.134Z","","","125","81","0","81","5","0","39","false","0.648","0","0","high","1","productive"
"legacy__ashby__spear-ai","auto","2026-04-10T15:02:12.621Z","2026-04-10T15:02:12.621Z","","","15","1","0","1","14","0","0","false","0.067","0","0","low","2","productive"
"legacy__ashby__sphere-defense","auto","2026-04-10T15:02:14.244Z","2026-04-10T15:02:14.244Z","","","8","6","0","6","2","0","0","false","0.750","0","0","high","1","productive"
"legacy__ashby__stainlessapi","auto","2026-04-10T15:02:15.157Z","2026-04-10T15:02:15.157Z","","","16","0","0","0","5","0","11","false","0.000","0","0","low","2","irrelevant_only"
"legacy__ashby__StandardBots","auto","2026-04-10T15:02:17.344Z","2026-04-10T15:02:17.344Z","","","37","0","0","0","36","0","1","false","0.000","0","0","low","2","irrelevant_only"
"legacy__ashby__StandInsurance","auto","2026-04-10T15:02:19.007Z","2026-04-10T15:02:19.007Z","","","10","1","0","1","7","0","2","false","0.100","0","0","medium","1","productive"
"legacy__ashby__starpath.space","auto","2026-04-10T15:02:20.058Z","2026-04-10T15:02:20.058Z","","","10","0","0","0","4","0","6","false","0.000","0","0","low","2","irrelevant_only"
"legacy__ashby__stealth startup","auto","2026-04-10T15:02:20.856Z","2026-04-10T15:02:20.856Z","","","3","2","0","2","1","0","0","false","0.667","0","0","high","1","productive"
"legacy__ashby__sunday","auto","2026-04-10T15:02:22.583Z","2026-04-10T15:02:22.583Z","","","30","0","0","0","16","0","14","false","0.000","0","0","low","2","irrelevant_only"
"legacy__ashby__sunrise","auto","2026-04-10T15:02:22.775Z","2026-04-10T15:02:22.775Z","","","12","0","0","0","10","0","2","false","0.000","0","0","low","2","irrelevant_only"
"legacy__ashby__swan","auto","2026-04-10T15:02:23.958Z","2026-04-10T15:02:23.958Z","","","8","2","0","2","0","0","6","false","0.250","0","0","medium","1","productive"
"legacy__ashby__swarmer","auto","2026-04-10T15:02:25.903Z","2026-04-10T15:02:25.903Z","","","16","11","0","11","4","0","1","false","0.688","0","0","high","1","productive"
"legacy__ashby__T-Robotics","auto","2026-04-10T15:02:26.574Z","2026-04-10T15:02:26.574Z","","","6","0","0","0","6","0","0","false","0.000","0","0","low","2","irrelevant_only"
"legacy__ashby__taekus","auto","2026-04-10T15:02:26.723Z","2026-04-10T15:02:26.723Z","","","7","0","0","0","4","0","3","false","0.000","0","0","low","2","irrelevant_only"
"legacy__ashby__tandem","auto","2026-04-10T15:02:28.499Z","2026-04-10T15:02:28.499Z","","","27","0","0","0","5","0","22","false","0.000","0","0","low","2","irrelevant_only"
"legacy__ashby__tempo-xyz","auto","2026-04-10T15:02:29.849Z","2026-04-10T15:02:29.849Z","","","17","0","0","0","12","0","5","false","0.000","0","0","low","2","irrelevant_only"
"legacy__ashby__tensorwave","auto","2026-04-10T15:02:31.194Z","2026-04-10T15:02:31.194Z","","","30","0","0","0","17","0","13","false","0.000","0","0","low","2","irrelevant_only"
"legacy__ashby__TerraFirma","auto","2026-04-10T15:02:32.306Z","2026-04-10T15:02:32.306Z","","","22","0","0","0","3","0","19","false","0.000","0","0","low","2","irrelevant_only"
"legacy__ashby__terranova","auto","2026-04-10T15:02:33.726Z","2026-04-10T15:02:33.726Z","","","13","0","0","0","10","0","3","false","0.000","0","0","low","2","irrelevant_only"
"legacy__ashby__teza-technologies","auto","2026-04-10T15:02:34.731Z","2026-04-10T15:02:34.731Z","","","14","0","0","0","5","0","9","false","0.000","0","0","low","2","irrelevant_only"
"legacy__ashby__the-exploration-company","auto","2026-04-10T15:02:38.441Z","2026-04-10T15:02:38.441Z","","","105","0","0","0","72","0","33","false","0.000","0","0","low","2","irrelevant_only"
"legacy__ashby__treeswift","auto","2026-04-10T15:02:39.667Z","2026-04-10T15:02:39.667Z","","","12","1","0","1","10","0","1","false","0.083","0","0","low","2","productive"
"legacy__ashby__tycho-ai","auto","2026-04-10T15:02:41.323Z","2026-04-10T15:02:41.323Z","","","7","5","5","0","2","0","0","false","0.714","0","0","high","1","productive"
"legacy__ashby__unitxlabs","auto","2026-04-10T15:02:42.182Z","2026-04-10T15:02:42.182Z","","","10","1","0","1","8","0","1","false","0.100","0","0","medium","1","productive"
"legacy__ashby__upvest","auto","2026-04-10T15:02:42.424Z","2026-04-10T15:02:42.424Z","","","32","0","0","0","25","0","7","false","0.000","0","0","low","2","irrelevant_only"
"legacy__ashby__vanta","auto","2026-04-10T15:02:42.869Z","2026-04-10T15:02:42.869Z","","","163","0","0","0","102","0","61","false","0.000","0","0","low","2","irrelevant_only"
"legacy__ashby__venn","auto","2026-04-10T15:02:43.028Z","2026-04-10T15:02:43.028Z","","","12","0","0","0","12","0","0","false","0.000","0","0","low","2","irrelevant_only"
"legacy__ashby__Verne Robotics","auto","2026-04-10T15:02:43.852Z","2026-04-10T15:02:43.852Z","","","4","0","0","0","4","0","0","false","0.000","0","0","low","2","irrelevant_only"
"legacy__ashby__voxel","auto","2026-04-10T15:02:44.652Z","2026-04-10T15:02:44.652Z","","","9","0","0","0","8","0","1","false","0.000","0","0","low","2","irrelevant_only"
"legacy__ashby__voyant-photonics","auto","2026-04-10T15:02:46.487Z","2026-04-10T15:02:46.487Z","","","22","5","0","5","2","0","15","false","0.227","0","0","medium","1","productive"
"legacy__ashby__watneyrobotics","auto","2026-04-10T15:02:47.590Z","2026-04-10T15:02:47.590Z","","","8","0","0","0","0","0","8","false","0.000","0","0","low","2","old_only"
"legacy__ashby__witnessai","auto","2026-04-10T15:02:48.206Z","2026-04-10T15:02:48.206Z","","","5","0","0","0","4","0","1","false","0.000","0","0","low","2","irrelevant_only"
"legacy__ashby__xbowcareers","auto","2026-04-10T15:02:49.820Z","2026-04-10T15:02:49.820Z","","","33","0","0","0","33","0","0","false","0.000","0","0","low","2","irrelevant_only"
"legacy__ashby__yumaai","auto","2026-04-10T15:02:50.280Z","2026-04-10T15:02:50.280Z","","","4","0","0","0","0","0","4","false","0.000","0","0","low","2","old_only"
"legacy__ashby__zauber","auto","2026-04-10T15:02:50.942Z","2026-04-10T15:02:50.942Z","","","7","0","0","0","3","0","4","false","0.000","0","0","low","2","irrelevant_only"
"legacy__ashby__zefir","auto","2026-04-10T15:02:52.433Z","2026-04-10T15:02:52.433Z","","","17","0","0","0","8","0","9","false","0.000","0","0","low","2","irrelevant_only"
"legacy__ashby__zydro","auto","2026-04-10T15:02:52.959Z","2026-04-10T15:02:52.959Z","","","3","0","0","0","0","0","3","false","0.000","0","0","low","2","old_only"
"legacy__ashby__zyphra","auto","2026-04-10T15:02:54.589Z","2026-04-10T15:02:54.589Z","","","14","0","0","0","14","0","0","false","0.000","0","0","low","2","irrelevant_only"
"legacy__greenhouse__24hourhomecare","auto","2026-04-10T15:02:55.058Z","2026-04-10T15:02:55.058Z","","","34","0","0","0","34","0","0","false","0.000","0","0","low","2","irrelevant_only"
"legacy__greenhouse__aevexaerospace","auto","2026-04-10T15:03:00.718Z","2026-04-10T15:03:00.718Z","","","106","32","0","32","74","0","0","false","0.302","0","0","medium","1","productive"
"legacy__greenhouse__agilityrobotics","auto","2026-04-10T15:03:04.372Z","2026-04-10T15:03:04.372Z","","","47","0","0","0","47","0","0","false","0.000","0","0","low","2","irrelevant_only"
"legacy__greenhouse__alpineeagle","auto","2026-04-10T15:03:07.934Z","2026-04-10T15:03:07.934Z","","","20","18","0","18","2","0","0","false","0.900","0","0","high","1","productive"
"legacy__greenhouse__altentechnologyusa","auto","2026-04-10T15:03:08.813Z","2026-04-10T15:03:08.813Z","","","122","3","0","3","119","0","0","false","0.025","0","0","low","2","productive"
"legacy__greenhouse__andurilindustries","auto","2026-04-10T15:04:50.578Z","2026-04-10T15:04:50.578Z","","","1819","395","2","393","1424","0","0","false","0.217","0","0","medium","1","productive"
"legacy__greenhouse__appliedintuition","auto","2026-04-10T15:04:53.258Z","2026-04-10T15:04:53.258Z","","","198","8","0","8","190","0","0","false","0.040","0","0","low","2","productive"
"legacy__greenhouse__apptronik","auto","2026-04-10T15:04:53.533Z","2026-04-10T15:04:53.533Z","","","51","0","0","0","51","0","0","false","0.000","0","0","low","2","irrelevant_only"
"legacy__greenhouse__arxroboticsgmbh","auto","2026-04-10T15:04:58.854Z","2026-04-10T15:04:58.854Z","","","33","27","1","26","6","0","0","false","0.818","0","0","high","1","productive"
"legacy__greenhouse__attorneysfriedfrankharrisshriverjacobsonllp","auto","2026-04-10T15:04:59.099Z","2026-04-10T15:04:59.099Z","","","13","0","0","0","13","0","0","false","0.000","0","0","low","2","irrelevant_only"
"legacy__greenhouse__aurorainnovation","auto","2026-04-10T15:05:01.072Z","2026-04-10T15:05:01.072Z","","","178","8","0","8","170","0","0","false","0.045","0","0","low","2","productive"
"legacy__greenhouse__axogen","auto","2026-04-10T15:05:01.292Z","2026-04-10T15:05:01.292Z","","","19","0","0","0","19","0","0","false","0.000","0","0","low","2","irrelevant_only"
"legacy__greenhouse__axon","auto","2026-04-10T15:05:13.535Z","2026-04-10T15:05:13.535Z","","","538","49","0","49","489","0","0","false","0.091","0","0","low","2","productive"
"legacy__greenhouse__botauto","auto","2026-04-10T15:05:13.850Z","2026-04-10T15:05:13.850Z","","","18","0","0","0","15","0","3","false","0.000","0","0","low","2","irrelevant_only"
"legacy__greenhouse__brightai","auto","2026-04-10T15:05:14.506Z","2026-04-10T15:05:14.506Z","","","10","3","0","3","4","0","3","false","0.300","0","0","medium","1","productive"
"legacy__greenhouse__coalition","auto","2026-04-10T15:05:14.780Z","2026-04-10T15:05:14.780Z","","","28","0","0","0","28","0","0","false","0.000","0","0","low","2","irrelevant_only"
"legacy__greenhouse__codalinc","auto","2026-04-10T15:05:15.032Z","2026-04-10T15:05:15.032Z","","","24","0","0","0","24","0","0","false","0.000","0","0","low","2","irrelevant_only"
"legacy__greenhouse__corelight","auto","2026-04-10T15:05:15.286Z","2026-04-10T15:05:15.286Z","","","30","0","0","0","30","0","0","false","0.000","0","0","low","2","irrelevant_only"
"legacy__greenhouse__coreweaveu","auto","2026-04-10T15:05:15.608Z","2026-04-10T15:05:15.608Z","","","37","0","0","0","37","0","0","false","0.000","0","0","low","2","irrelevant_only"
"legacy__greenhouse__cti","auto","2026-04-10T15:05:15.662Z","2026-04-10T15:05:15.662Z","","","0","0","0","0","0","0","0","false","0.000","2","0","dead","999","empty"
"legacy__greenhouse__cyware","auto","2026-04-10T15:05:15.939Z","2026-04-10T15:05:15.939Z","","","2","0","0","0","2","0","0","false","0.000","0","0","low","2","irrelevant_only"
"legacy__greenhouse__density","auto","2026-04-10T15:05:19.085Z","","Greenhouse Density failed: 404","","0","0","0","0","0","0","0","true","0.000","0","2","low","2","fetch_failed"
"legacy__greenhouse__dropbox","auto","2026-04-10T15:05:19.457Z","2026-04-10T15:05:19.457Z","","","104","0","0","0","104","0","0","false","0.000","0","0","low","2","irrelevant_only"
"legacy__greenhouse__ebury","auto","2026-04-10T15:05:20.058Z","2026-04-10T15:05:20.058Z","","","246","0","0","0","246","0","0","false","0.000","0","0","low","2","irrelevant_only"
"legacy__greenhouse__eositsolutions","auto","2026-04-10T15:05:20.438Z","2026-04-10T15:05:20.438Z","","","145","0","0","0","145","0","0","false","0.000","0","0","low","2","irrelevant_only"
"legacy__greenhouse__flyzipline","auto","2026-04-10T15:05:51.878Z","2026-04-10T15:05:51.878Z","","","193","180","1","179","13","0","0","false","0.933","0","0","high","1","productive"
"legacy__greenhouse__freedomofthepressfoundation","auto","2026-04-10T15:05:55.142Z","","Greenhouse Freedomofthepressfoundation failed: 404","","0","0","0","0","0","0","0","true","0.000","0","2","low","2","fetch_failed"
"legacy__greenhouse__gatherai","auto","2026-04-10T15:06:02.061Z","2026-04-10T15:06:02.061Z","","","28","25","0","25","3","0","0","false","0.893","0","0","high","1","productive"
"legacy__greenhouse__gatikaiinc","auto","2026-04-10T15:06:14.608Z","2026-04-10T15:06:14.608Z","","","59","54","0","54","5","0","0","false","0.915","0","0","high","1","productive"
"legacy__greenhouse__glydways","auto","2026-04-10T15:06:14.863Z","2026-04-10T15:06:14.863Z","","","22","0","0","0","22","0","0","false","0.000","0","0","low","2","irrelevant_only"
"legacy__greenhouse__goodman","auto","2026-04-10T15:06:15.093Z","2026-04-10T15:06:15.093Z","","","26","0","0","0","17","0","9","false","0.000","0","0","low","2","irrelevant_only"
"legacy__greenhouse__hatchcareers","auto","2026-04-10T15:06:15.287Z","2026-04-10T15:06:15.287Z","","","3","0","0","0","2","0","1","false","0.000","0","0","low","2","irrelevant_only"
"legacy__greenhouse__indiecampers","auto","2026-04-10T15:06:19.191Z","2026-04-10T15:06:19.191Z","","","816","5","0","5","811","0","0","false","0.006","0","0","low","2","productive"
"legacy__greenhouse__intrinsicrobotics","auto","2026-04-10T15:06:19.412Z","2026-04-10T15:06:19.412Z","","","33","0","0","0","33","0","0","false","0.000","0","0","low","2","irrelevant_only"
"legacy__greenhouse__isaraerospace","auto","2026-04-10T15:06:19.763Z","2026-04-10T15:06:19.763Z","","","87","0","0","0","87","0","0","false","0.000","0","0","low","2","irrelevant_only"
"legacy__greenhouse__k2spacecorporation","auto","2026-04-10T15:06:20.284Z","2026-04-10T15:06:20.284Z","","","132","0","0","0","101","0","31","false","0.000","0","0","low","2","irrelevant_only"
"legacy__greenhouse__kao","auto","2026-04-10T15:06:20.511Z","2026-04-10T15:06:20.511Z","","","42","0","0","0","36","0","6","false","0.000","0","0","low","2","irrelevant_only"
"legacy__greenhouse__leolabsinc","auto","2026-04-10T15:06:20.714Z","2026-04-10T15:06:20.714Z","","","18","0","0","0","18","0","0","false","0.000","0","0","low","2","irrelevant_only"
"legacy__greenhouse__locusrobotics","auto","2026-04-10T15:06:20.918Z","2026-04-10T15:06:20.918Z","","","22","0","0","0","21","0","1","false","0.000","0","0","low","2","irrelevant_only"
"legacy__greenhouse__make","auto","2026-04-10T15:06:21.114Z","2026-04-10T15:06:21.114Z","","","10","0","0","0","10","0","0","false","0.000","0","0","low","2","irrelevant_only"
"legacy__greenhouse__manticoregames","auto","2026-04-10T15:06:21.158Z","2026-04-10T15:06:21.158Z","","","0","0","0","0","0","0","0","false","0.000","2","0","dead","999","empty"
"legacy__greenhouse__mongodb","auto","2026-04-10T15:06:22.648Z","2026-04-10T15:06:22.648Z","","","435","2","2","0","433","0","0","false","0.005","0","0","low","2","productive"
"legacy__greenhouse__morsecorp","auto","2026-04-10T15:06:23.670Z","2026-04-10T15:06:23.670Z","","","33","5","0","5","17","0","11","false","0.152","0","0","medium","1","productive"
"legacy__greenhouse__msgentertainmentholdingsllc","auto","2026-04-10T15:06:23.980Z","2026-04-10T15:06:23.980Z","","","57","0","0","0","57","0","0","false","0.000","0","0","low","2","irrelevant_only"
"legacy__greenhouse__nooks","auto","2026-04-10T15:06:24.172Z","2026-04-10T15:06:24.172Z","","","13","0","0","0","13","0","0","false","0.000","0","0","low","2","irrelevant_only"
"legacy__greenhouse__ocadogroup","auto","2026-04-10T15:06:25.834Z","2026-04-10T15:06:25.834Z","","","56","0","0","0","56","0","0","false","0.000","0","0","low","2","irrelevant_only"
"legacy__greenhouse__opensesame","auto","2026-04-10T15:06:26.043Z","2026-04-10T15:06:26.043Z","","","15","0","0","0","15","0","0","false","0.000","0","0","low","2","irrelevant_only"
"legacy__greenhouse__openzeppelin","auto","2026-04-10T15:06:26.235Z","2026-04-10T15:06:26.235Z","","","2","0","0","0","2","0","0","false","0.000","0","0","low","2","irrelevant_only"
"legacy__greenhouse__outpostspace","auto","2026-04-10T15:06:26.470Z","2026-04-10T15:06:26.470Z","","","19","0","0","0","19","0","0","false","0.000","0","0","low","2","irrelevant_only"
"legacy__greenhouse__owkin","auto","2026-04-10T15:06:26.513Z","2026-04-10T15:06:26.513Z","","","0","0","0","0","0","0","0","false","0.000","2","0","dead","999","empty"
"legacy__greenhouse__pathai","auto","2026-04-10T15:06:26.758Z","2026-04-10T15:06:26.758Z","","","11","0","0","0","10","0","1","false","0.000","0","0","low","2","irrelevant_only"
"legacy__greenhouse__peakenergy","auto","2026-04-10T15:06:27.034Z","2026-04-10T15:06:27.034Z","","","35","0","0","0","35","0","0","false","0.000","0","0","low","2","irrelevant_only"
"legacy__greenhouse__phdata","auto","2026-04-10T15:06:27.308Z","2026-04-10T15:06:27.308Z","","","43","0","0","0","43","0","0","false","0.000","0","0","low","2","irrelevant_only"
"legacy__greenhouse__prenuvo","auto","2026-04-10T15:06:27.573Z","2026-04-10T15:06:27.573Z","","","46","0","0","0","46","0","0","false","0.000","0","0","low","2","irrelevant_only"
"legacy__greenhouse__purposemed","auto","2026-04-10T15:06:27.781Z","2026-04-10T15:06:27.781Z","","","11","0","0","0","11","0","0","false","0.000","0","0","low","2","irrelevant_only"
"legacy__greenhouse__relativity","auto","2026-04-10T15:06:28.767Z","2026-04-10T15:06:28.767Z","","","299","0","0","0","299","0","0","false","0.000","0","0","low","2","irrelevant_only"
"legacy__greenhouse__ridgeline","auto","2026-04-10T15:06:29.051Z","2026-04-10T15:06:29.051Z","","","60","0","0","0","60","0","0","false","0.000","0","0","low","2","irrelevant_only"
"legacy__greenhouse__rvi","auto","2026-04-10T15:06:29.415Z","2026-04-10T15:06:29.415Z","","","12","1","0","1","11","0","0","false","0.083","0","0","low","2","productive"
"legacy__greenhouse__salsify","auto","2026-04-10T15:06:29.634Z","2026-04-10T15:06:29.634Z","","","16","0","0","0","16","0","0","false","0.000","0","0","low","2","irrelevant_only"
"legacy__greenhouse__saltsecurity","auto","2026-04-10T15:06:29.820Z","2026-04-10T15:06:29.820Z","","","5","0","0","0","3","0","2","false","0.000","0","0","low","2","irrelevant_only"
"legacy__greenhouse__samsara","auto","2026-04-10T15:06:31.067Z","2026-04-10T15:06:31.067Z","","","391","0","0","0","391","0","0","false","0.000","0","0","low","2","irrelevant_only"
"legacy__greenhouse__sesai","auto","2026-04-10T15:06:35.008Z","2026-04-10T15:06:35.008Z","","","53","16","0","16","37","0","0","false","0.302","0","0","medium","1","productive"
"legacy__greenhouse__skylotechnologies","auto","2026-04-10T15:06:35.495Z","2026-04-10T15:06:35.495Z","","","27","0","0","0","27","0","0","false","0.000","0","0","low","2","irrelevant_only"
"legacy__greenhouse__slice","auto","2026-04-10T15:06:35.731Z","2026-04-10T15:06:35.731Z","","","48","0","0","0","48","0","0","false","0.000","0","0","low","2","irrelevant_only"
"legacy__greenhouse__smartwarehousing","auto","2026-04-10T15:06:35.944Z","2026-04-10T15:06:35.944Z","","","11","0","0","0","11","0","0","false","0.000","0","0","low","2","irrelevant_only"
"legacy__greenhouse__spacex","auto","2026-04-10T15:06:44.122Z","2026-04-10T15:06:44.122Z","","","1555","3","0","3","1552","0","0","false","0.002","0","0","low","2","productive"
"legacy__greenhouse__tetra","auto","2026-04-10T15:06:44.313Z","2026-04-10T15:06:44.313Z","","","3","0","0","0","0","0","3","false","0.000","0","0","low","2","old_only"
"legacy__greenhouse__thenuclearcompany","auto","2026-04-10T15:06:44.557Z","2026-04-10T15:06:44.557Z","","","36","0","0","0","36","0","0","false","0.000","0","0","low","2","irrelevant_only"
"legacy__greenhouse__togetherwork","auto","2026-04-10T15:06:44.846Z","2026-04-10T15:06:44.846Z","","","54","0","0","0","54","0","0","false","0.000","0","0","low","2","irrelevant_only"
"legacy__greenhouse__trueanomalyinc","auto","2026-04-10T15:06:45.922Z","2026-04-10T15:06:45.922Z","","","156","1","0","1","155","0","0","false","0.006","0","0","low","2","productive"
"legacy__greenhouse__umojabiopharma","auto","2026-04-10T15:06:46.133Z","2026-04-10T15:06:46.133Z","","","19","0","0","0","19","0","0","false","0.000","0","0","low","2","irrelevant_only"
"legacy__greenhouse__vatnsystems","auto","2026-04-10T15:06:46.346Z","2026-04-10T15:06:46.346Z","","","16","0","0","0","16","0","0","false","0.000","0","0","low","2","irrelevant_only"
"legacy__greenhouse__veracode","auto","2026-04-10T15:06:46.582Z","2026-04-10T15:06:46.582Z","","","30","0","0","0","29","0","1","false","0.000","0","0","low","2","irrelevant_only"
"legacy__greenhouse__veriff","auto","2026-04-10T15:06:46.800Z","2026-04-10T15:06:46.800Z","","","29","0","0","0","29","0","0","false","0.000","0","0","low","2","irrelevant_only"
"legacy__greenhouse__vrmnjretina","auto","2026-04-10T15:06:46.982Z","2026-04-10T15:06:46.982Z","","","1","0","0","0","1","0","0","false","0.000","0","0","low","2","irrelevant_only"
"legacy__greenhouse__wavexr","auto","2026-04-10T15:06:50.114Z","","Greenhouse Wavexr failed: 404","","0","0","0","0","0","0","0","true","0.000","0","2","low","2","fetch_failed"
"legacy__greenhouse__wizeline","auto","2026-04-10T15:06:51.017Z","2026-04-10T15:06:51.017Z","","","59","0","0","0","48","0","11","false","0.000","0","0","low","2","irrelevant_only"
"legacy__greenhouse__woolpert","auto","2026-04-10T15:06:51.764Z","2026-04-10T15:06:51.764Z","","","108","1","0","1","107","0","0","false","0.009","0","0","low","2","productive"
"legacy__greenhouse__zone5technologies","auto","2026-04-10T15:07:04.489Z","2026-04-10T15:07:04.489Z","","","74","72","0","72","2","0","0","false","0.973","0","0","high","1","productive"
"legacy__lever__360learning","auto","2026-04-10T15:07:06.425Z","2026-04-10T15:07:06.425Z","","","44","0","0","0","16","0","28","false","0.000","0","0","low","2","irrelevant_only"
"legacy__lever__90seconds","auto","2026-04-10T15:07:20.332Z","2026-04-10T15:07:20.332Z","","","5","0","0","0","1","0","4","false","0.000","0","0","low","2","irrelevant_only"
"legacy__lever__achievers","auto","2026-04-10T15:07:28.024Z","2026-04-10T15:07:28.024Z","","","18","1","0","1","14","0","3","false","0.056","0","0","low","2","productive"
"legacy__lever__aeva","auto","2026-04-10T15:07:50.189Z","2026-04-10T15:07:50.189Z","","","40","0","0","0","14","0","26","false","0.000","0","0","low","2","irrelevant_only"
"legacy__lever__Agerpoint","auto","2026-04-10T15:08:05.316Z","2026-04-10T15:08:05.316Z","","","1","0","0","0","0","0","1","false","0.000","0","0","low","2","old_only"
"legacy__lever__ajax","auto","2026-04-10T15:08:38.534Z","2026-04-10T15:08:38.534Z","","","238","0","0","0","149","0","89","false","0.000","0","0","low","2","irrelevant_only"
"legacy__lever__aleph","auto","2026-04-10T15:08:45.959Z","2026-04-10T15:08:45.959Z","","","104","0","0","0","71","0","33","false","0.000","0","0","low","2","irrelevant_only"
"legacy__lever__anavationllc","auto","2026-04-10T15:09:00.521Z","2026-04-10T15:09:00.521Z","","","45","0","0","0","32","0","13","false","0.000","0","0","low","2","irrelevant_only"
"legacy__lever__anybotics","auto","2026-04-10T15:09:39.069Z","2026-04-10T15:09:39.069Z","","","21","1","0","1","9","0","11","false","0.048","0","0","low","2","productive"
"legacy__lever__applydigital","auto","2026-04-10T15:10:26.769Z","2026-04-10T15:10:26.769Z","","","37","0","0","0","23","0","14","false","0.000","0","0","low","2","irrelevant_only"
"legacy__lever__aquabyte","auto","2026-04-10T15:10:37.465Z","2026-04-10T15:10:37.465Z","","","14","0","0","0","8","0","6","false","0.000","0","0","low","2","irrelevant_only"
"legacy__lever__arraylabs.io","auto","2026-04-10T15:10:42.039Z","2026-04-10T15:10:42.039Z","","","27","0","0","0","15","0","12","false","0.000","0","0","low","2","irrelevant_only"
"legacy__lever__audinate","auto","2026-04-10T15:11:09.617Z","2026-04-10T15:11:09.617Z","","","2","1","0","1","1","0","0","false","0.500","0","0","high","1","productive"
"legacy__lever__autoroboto","auto","2026-04-10T15:11:14.668Z","2026-04-10T15:11:14.668Z","","","11","0","0","0","0","0","11","false","0.000","0","0","low","2","old_only"
"legacy__lever__beta","auto","2026-04-10T15:11:28.019Z","2026-04-10T15:11:28.019Z","","","3","0","0","0","1","0","2","false","0.000","0","0","low","2","irrelevant_only"
"legacy__lever__boxbot","auto","2026-04-10T15:11:28.406Z","2026-04-10T15:11:28.406Z","","","6","0","0","0","0","0","6","false","0.000","0","0","low","2","old_only"
"legacy__lever__brightmachines","auto","2026-04-10T15:11:30.267Z","2026-04-10T15:11:30.267Z","","","27","0","0","0","27","0","0","false","0.000","0","0","low","2","irrelevant_only"
"legacy__lever__c12qe","auto","2026-04-10T15:12:09.270Z","2026-04-08T17:24:54.749Z","This operation was aborted","","0","0","0","0","0","0","0","true","0.000","0","1","low","2","fetch_failed"
"legacy__lever__cabonorte","auto","2026-04-10T15:12:11.239Z","2026-04-10T15:12:11.239Z","","","69","2","0","2","42","0","25","false","0.029","0","0","low","2","productive"
"legacy__lever__capstan-medical","auto","2026-04-10T15:12:35.265Z","2026-04-10T15:12:35.265Z","","","23","1","0","1","22","0","0","false","0.043","0","0","low","2","productive"
"legacy__lever__cdcfoundation","auto","2026-04-10T15:12:36.638Z","2026-04-10T15:12:36.638Z","","","26","0","0","0","23","0","3","false","0.000","0","0","low","2","irrelevant_only"
"legacy__lever__CesiumAstro","auto","2026-04-10T15:13:14.968Z","2026-04-10T15:13:14.968Z","","","186","0","0","0","123","0","63","false","0.000","0","0","low","2","irrelevant_only"
"legacy__lever__ChefRobotics","auto","2026-04-10T15:13:23.260Z","2026-04-10T15:13:23.260Z","","","14","0","0","0","5","0","9","false","0.000","0","0","low","2","irrelevant_only"
"legacy__lever__CollectlyInc","auto","2026-04-10T15:13:54.183Z","2026-04-10T15:13:54.183Z","","","10","0","0","0","7","0","3","false","0.000","0","0","low","2","irrelevant_only"
"legacy__lever__CordTechnologies","auto","2026-04-10T15:14:00.212Z","2026-04-10T15:14:00.212Z","","","71","1","1","0","33","0","37","false","0.014","0","0","low","2","productive"
"legacy__lever__cx2","auto","2026-04-10T15:14:06.892Z","2026-04-10T15:14:06.892Z","","","9","3","0","3","6","0","0","false","0.333","0","0","medium","1","productive"
"legacy__lever__cyngn","auto","2026-04-10T15:14:09.909Z","2026-04-10T15:14:09.909Z","","","11","0","0","0","4","0","7","false","0.000","0","0","low","2","irrelevant_only"
"legacy__lever__d-fendsolutions","auto","2026-04-10T15:14:48.912Z","2026-04-08T17:26:17.222Z","This operation was aborted","","0","0","0","0","0","0","0","true","0.000","0","1","low","2","fetch_failed"
"legacy__lever__daedalean","auto","2026-04-10T15:15:27.916Z","2026-04-08T17:26:17.668Z","This operation was aborted","","0","0","0","0","0","0","0","true","0.000","0","1","low","2","fetch_failed"
"legacy__lever__daniels-sharpsmart","auto","2026-04-10T15:15:31.394Z","2026-04-10T15:15:31.394Z","","","229","0","0","0","190","0","39","false","0.000","0","0","low","2","irrelevant_only"
"legacy__lever__danti.ai","auto","2026-04-10T15:15:44.667Z","2026-04-10T15:15:44.667Z","","","1","0","0","0","0","0","1","false","0.000","0","0","low","2","old_only"
"legacy__lever__dexterity","auto","2026-04-10T15:15:45.957Z","2026-04-10T15:15:45.957Z","","","26","0","0","0","4","0","22","false","0.000","0","0","low","2","irrelevant_only"
"legacy__lever__dronedeploy","auto","2026-04-10T15:16:15.608Z","2026-04-10T15:16:15.608Z","","","12","10","0","10","1","0","1","false","0.833","0","0","high","1","productive"
"legacy__lever__dronesense","auto","2026-04-10T15:16:15.702Z","2026-04-10T15:16:15.702Z","","","0","0","0","0","0","0","0","false","0.000","2","0","dead","999","empty"
"legacy__lever__easypost-2","auto","2026-04-10T15:16:31.166Z","2026-04-10T15:16:31.166Z","","","5","0","0","0","4","0","1","false","0.000","0","0","low","2","irrelevant_only"
"legacy__lever__education-services","auto","2026-04-10T15:16:45.695Z","2026-04-10T15:16:45.695Z","","","0","0","0","0","0","0","0","false","0.000","2","0","dead","999","empty"
"legacy__lever__ekohealth","auto","2026-04-10T15:16:59.565Z","2026-04-10T15:16:59.565Z","","","13","0","0","0","10","0","3","false","0.000","0","0","low","2","irrelevant_only"
"legacy__lever__elroyair","auto","2026-04-10T15:17:12.984Z","2026-04-10T15:17:12.984Z","","","3","0","0","0","0","0","3","false","0.000","0","0","low","2","old_only"
"legacy__lever__Emesent","auto","2026-04-10T15:17:14.914Z","2026-04-10T15:17:14.914Z","","","8","0","0","0","5","0","3","false","0.000","0","0","low","2","irrelevant_only"
"legacy__lever__espace","auto","2026-04-10T15:17:19.345Z","2026-04-10T15:17:19.345Z","","","94","0","0","0","35","0","59","false","0.000","0","0","low","2","irrelevant_only"
"legacy__lever__field-ai","auto","2026-04-10T15:17:42.279Z","2026-04-10T15:17:42.279Z","","","68","1","0","1","37","0","30","false","0.015","0","0","low","2","productive"
"legacy__lever__freedomsolarpower","auto","2026-04-10T15:17:43.252Z","2026-04-10T15:17:43.252Z","","","19","2","0","2","10","0","7","false","0.105","0","0","medium","1","productive"
"legacy__lever__fuellabs","auto","2026-04-10T15:17:49.831Z","2026-04-10T15:17:49.831Z","","","2","0","0","0","0","0","2","false","0.000","0","0","low","2","old_only"
"legacy__lever__gravisrobotics","auto","2026-04-10T15:17:50.171Z","2026-04-10T15:17:50.171Z","","","5","0","0","0","2","0","3","false","0.000","0","0","low","2","irrelevant_only"
"legacy__lever__hermeus","auto","2026-04-10T15:17:52.815Z","2026-04-10T15:17:52.815Z","","","112","4","0","4","53","0","55","false","0.036","0","0","low","2","productive"
"legacy__lever__humble-robotics","auto","2026-04-10T15:17:53.231Z","2026-04-10T15:17:53.231Z","","","11","0","0","0","10","0","1","false","0.000","0","0","low","2","irrelevant_only"
"legacy__lever__hypersonica-prod","auto","2026-04-10T15:17:53.768Z","2026-04-10T15:17:53.768Z","","","32","0","0","0","14","0","18","false","0.000","0","0","low","2","irrelevant_only"
"legacy__lever__influ2","auto","2026-04-10T15:17:53.856Z","2026-04-10T15:17:53.856Z","","","0","0","0","0","0","0","0","false","0.000","2","0","dead","999","empty"
"legacy__lever__InteriorMarketingGroup","auto","2026-04-10T15:17:54.562Z","2026-04-10T15:17:54.562Z","","","18","0","0","0","2","0","16","false","0.000","0","0","low","2","irrelevant_only"
"legacy__lever__ispace-inc","auto","2026-04-10T15:17:55.494Z","2026-04-10T15:17:55.494Z","","","34","0","0","0","17","0","17","false","0.000","0","0","low","2","irrelevant_only"
"legacy__lever__jobgether","auto","2026-04-10T15:18:54.612Z","2026-04-10T15:18:54.612Z","","","3863","2","0","2","3861","0","0","false","0.001","0","0","low","2","productive"
"legacy__lever__kestrel-intelligence","auto","2026-04-10T15:19:09.293Z","2026-04-10T15:19:09.293Z","","","4","2","0","2","2","0","0","false","0.500","0","0","high","1","productive"
"legacy__lever__latitudeinc","auto","2026-04-10T15:19:11.835Z","2026-04-10T15:19:11.835Z","","","319","0","0","0","202","0","117","false","0.000","0","0","low","2","irrelevant_only"
"legacy__lever__longwall","auto","2026-04-10T15:19:12.184Z","2026-04-10T15:19:12.184Z","","","12","0","0","0","3","0","9","false","0.000","0","0","low","2","irrelevant_only"
"legacy__lever__ltaresearch","auto","2026-04-10T15:19:20.442Z","2026-04-10T15:19:20.442Z","","","12","2","0","2","7","0","3","false","0.167","0","0","medium","1","productive"
"legacy__lever__MachinaLabs","auto","2026-04-10T15:19:21.083Z","2026-04-10T15:19:21.083Z","","","19","0","0","0","11","0","8","false","0.000","0","0","low","2","irrelevant_only"
"legacy__lever__magnet-defense","auto","2026-04-10T15:19:34.481Z","2026-04-10T15:19:34.481Z","","","3","0","0","0","0","0","3","false","0.000","0","0","low","2","old_only"
"legacy__lever__make-rain","auto","2026-04-10T15:19:36.591Z","2026-04-10T15:19:36.591Z","","","8","1","0","1","4","0","3","false","0.125","0","0","medium","1","productive"
"legacy__lever__MBRDNA","auto","2026-04-10T15:19:36.992Z","2026-04-10T15:19:36.992Z","","","4","0","0","0","4","0","0","false","0.000","0","0","low","2","irrelevant_only"
"legacy__lever__mechanicalorchard","auto","2026-04-10T15:20:15.996Z","2026-04-08T17:28:26.582Z","This operation was aborted","","0","0","0","0","0","0","0","true","0.000","0","1","low","2","fetch_failed"
"legacy__lever__merlinlabs","auto","2026-04-10T15:20:32.629Z","2026-04-10T15:20:32.629Z","","","29","8","0","8","2","0","19","false","0.276","0","0","medium","1","productive"
"legacy__lever__mistral","auto","2026-04-10T15:20:43.068Z","2026-04-10T15:20:43.068Z","","","147","0","0","0","52","0","95","false","0.000","0","0","low","2","irrelevant_only"
"legacy__lever__mujininc","auto","2026-04-10T15:20:57.795Z","2026-04-10T15:20:57.795Z","","","79","0","0","0","40","0","39","false","0.000","0","0","low","2","irrelevant_only"
"legacy__lever__multiplylabs","auto","2026-04-10T15:21:02.228Z","2026-04-10T15:21:02.228Z","","","14","0","0","0","7","0","7","false","0.000","0","0","low","2","irrelevant_only"
"legacy__lever__mythic-ai.com","auto","2026-04-10T15:21:02.817Z","2026-04-10T15:21:02.817Z","","","16","1","0","1","3","0","12","false","0.063","0","0","low","2","productive"
"legacy__lever__Nomagic","auto","2026-04-10T15:21:18.532Z","2026-04-10T15:21:18.532Z","","","25","0","0","0","18","0","7","false","0.000","0","0","low","2","irrelevant_only"
"legacy__lever__orbaerospace","auto","2026-04-10T15:21:19.743Z","2026-04-10T15:21:19.743Z","","","17","5","0","5","0","0","12","false","0.294","0","0","medium","1","productive"
"legacy__lever__osaro","auto","2026-04-10T15:21:20.193Z","2026-04-10T15:21:20.193Z","","","9","0","0","0","0","0","9","false","0.000","0","0","low","2","old_only"
"legacy__lever__palantir","auto","2026-04-10T15:21:24.800Z","2026-04-10T15:21:24.800Z","","","242","2","0","2","41","0","199","false","0.008","0","0","low","2","productive"
"legacy__lever__paralleldomain","auto","2026-04-10T15:21:34.660Z","2026-04-10T15:21:34.660Z","","","5","0","0","0","5","0","0","false","0.000","0","0","low","2","irrelevant_only"
"legacy__lever__peerspace","auto","2026-04-10T15:22:02.155Z","2026-04-10T15:22:02.155Z","","","1","0","0","0","1","0","0","false","0.000","0","0","low","2","irrelevant_only"
"legacy__lever__perrone-robotics","auto","2026-04-10T15:22:15.519Z","2026-04-10T15:22:15.519Z","","","2","0","0","0","0","0","2","false","0.000","0","0","low","2","old_only"
"legacy__lever__picklerobot","auto","2026-04-10T15:22:19.054Z","2026-04-10T15:22:19.054Z","","","14","0","0","0","6","0","8","false","0.000","0","0","low","2","irrelevant_only"
"legacy__lever__pivotal","auto","2026-04-10T15:22:20.360Z","2026-04-10T15:22:20.360Z","","","25","4","0","4","13","0","8","false","0.160","0","0","medium","1","productive"
"legacy__lever__promiserobotics","auto","2026-04-10T15:22:30.016Z","2026-04-10T15:22:30.016Z","","","4","0","0","0","2","0","2","false","0.000","0","0","low","2","irrelevant_only"
"legacy__lever__pyka","auto","2026-04-10T15:22:31.510Z","2026-04-10T15:22:31.510Z","","","16","1","0","1","5","0","10","false","0.063","0","0","low","2","productive"
"legacy__lever__q-ctrl","auto","2026-04-10T15:22:32.023Z","2026-04-10T15:22:32.023Z","","","18","0","0","0","6","0","12","false","0.000","0","0","low","2","irrelevant_only"
"legacy__lever__quantumcircuits","auto","2026-04-10T15:22:45.555Z","2026-04-10T15:22:45.555Z","","","7","0","0","0","0","0","7","false","0.000","0","0","low","2","old_only"
"legacy__lever__RadicalAI","auto","2026-04-10T15:22:50.577Z","2026-04-10T15:22:50.577Z","","","13","0","0","0","4","0","9","false","0.000","0","0","low","2","irrelevant_only"
"legacy__lever__rangeenergy","auto","2026-04-10T15:23:29.580Z","2026-04-08T17:29:53.086Z","This operation was aborted","","0","0","0","0","0","0","0","true","0.000","0","1","low","2","fetch_failed"
"legacy__lever__relayrobotics.com","auto","2026-04-10T15:23:32.970Z","2026-04-10T15:23:32.970Z","","","10","0","0","0","3","0","7","false","0.000","0","0","low","2","irrelevant_only"
"legacy__lever__reliable","auto","2026-04-10T15:23:40.897Z","2026-04-10T15:23:40.897Z","","","0","0","0","0","0","0","0","false","0.000","2","0","dead","999","empty"
"legacy__lever__revealtech","auto","2026-04-10T15:23:54.944Z","2026-04-10T15:23:54.944Z","","","9","1","0","1","7","0","1","false","0.111","0","0","medium","1","productive"
"legacy__lever__rgi","auto","2026-04-10T15:23:55.931Z","2026-04-10T15:23:55.931Z","","","17","0","0","0","8","0","9","false","0.000","0","0","low","2","irrelevant_only"
"legacy__lever__RiptideTech","auto","2026-04-10T15:24:25.825Z","2026-04-10T15:24:25.825Z","","","4","0","0","0","1","0","3","false","0.000","0","0","low","2","irrelevant_only"
"legacy__lever__rivr","auto","2026-04-10T15:24:26.903Z","2026-04-10T15:24:26.903Z","","","22","0","0","0","5","0","17","false","0.000","0","0","low","2","irrelevant_only"
"legacy__lever__roadrunner-studios","auto","2026-04-10T15:24:29.182Z","2026-04-10T15:24:29.182Z","","","7","5","0","5","2","0","0","false","0.714","0","0","high","1","productive"
"legacy__lever__robust-ai","auto","2026-04-10T15:24:39.845Z","2026-04-10T15:24:39.845Z","","","13","0","0","0","6","0","7","false","0.000","0","0","low","2","irrelevant_only"
"legacy__lever__saronic","auto","2026-04-10T15:24:46.721Z","2026-04-10T15:24:46.721Z","","","261","10","0","10","106","0","145","false","0.038","0","0","low","2","productive"
"legacy__lever__schmidt-entities","auto","2026-04-10T15:24:47.424Z","2026-04-10T15:24:47.424Z","","","15","0","0","0","10","0","5","false","0.000","0","0","low","2","irrelevant_only"
"legacy__lever__shieldai","auto","2026-04-10T15:25:04.092Z","2026-04-10T15:25:04.092Z","","","253","56","0","56","94","0","103","false","0.221","0","0","medium","1","productive"
"legacy__lever__SimbeRobotics","auto","2026-04-10T15:25:05.126Z","2026-04-10T15:25:05.126Z","","","10","0","0","0","8","0","2","false","0.000","0","0","low","2","irrelevant_only"
"legacy__lever__skysafe","auto","2026-04-10T15:25:06.240Z","2026-04-10T15:25:06.240Z","","","4","4","0","4","0","0","0","false","1.000","0","0","high","1","productive"
"legacy__lever__skyways","auto","2026-04-10T15:25:07.679Z","2026-04-10T15:25:07.679Z","","","20","6","0","6","8","0","6","false","0.300","0","0","medium","1","productive"
"legacy__lever__SpaceSystemsIntegration","auto","2026-04-10T15:25:08.513Z","2026-04-10T15:25:08.513Z","","","18","0","0","0","12","0","6","false","0.000","0","0","low","2","irrelevant_only"
"legacy__lever__steerbridge","auto","2026-04-10T15:25:09.800Z","2026-04-10T15:25:09.800Z","","","85","0","0","0","73","0","12","false","0.000","0","0","low","2","irrelevant_only"
"legacy__lever__sundrivesolar","auto","2026-04-10T15:25:09.891Z","2026-04-10T15:25:09.891Z","","","0","0","0","0","0","0","0","false","0.000","2","0","dead","999","empty"
"legacy__lever__talentwerx.io","auto","2026-04-10T15:25:12.704Z","2026-04-10T15:25:12.704Z","","","28","0","0","0","23","0","5","false","0.000","0","0","low","2","irrelevant_only"
"legacy__lever__teleo","auto","2026-04-10T15:25:23.497Z","2026-04-10T15:25:23.497Z","","","9","0","0","0","5","0","4","false","0.000","0","0","low","2","irrelevant_only"
"legacy__lever__Terraformation","auto","2026-04-10T15:25:24.668Z","2026-04-10T15:25:24.668Z","","","1","1","0","1","0","0","0","false","1.000","0","0","high","1","productive"
"legacy__lever__thea.energy","auto","2026-04-10T15:25:27.789Z","2026-04-10T15:25:27.789Z","","","35","0","0","0","26","0","9","false","0.000","0","0","low","2","irrelevant_only"
"legacy__lever__thehousemajoritypac","auto","2026-04-10T15:25:28.114Z","2026-04-10T15:25:28.114Z","","","2","0","0","0","1","0","1","false","0.000","0","0","low","2","irrelevant_only"
"legacy__lever__threattec","auto","2026-04-10T15:25:30.109Z","2026-04-10T15:25:30.109Z","","","54","2","0","2","14","0","38","false","0.037","0","0","low","2","productive"
"legacy__lever__transmutex","auto","2026-04-10T15:25:30.367Z","2026-04-10T15:25:30.367Z","","","2","0","0","0","0","0","2","false","0.000","0","0","low","2","old_only"
"legacy__lever__tri","auto","2026-04-10T15:25:38.974Z","2026-04-10T15:25:38.974Z","","","25","0","0","0","12","0","13","false","0.000","0","0","low","2","irrelevant_only"
"legacy__lever__tsmg","auto","2026-04-10T15:26:43.498Z","2026-04-10T15:26:43.498Z","","","3077","1","1","0","752","0","2324","false","0.000","0","0","low","2","productive"
"legacy__lever__tutorintelligence","auto","2026-04-10T15:26:44.484Z","2026-04-10T15:26:44.484Z","","","29","0","0","0","7","0","22","false","0.000","0","0","low","2","irrelevant_only"
"legacy__lever__tx-inc.com","auto","2026-04-10T15:26:45.818Z","2026-04-10T15:26:45.818Z","","","28","0","0","0","5","0","23","false","0.000","0","0","low","2","irrelevant_only"
"legacy__lever__valdeseng","auto","2026-04-10T15:26:46.299Z","2026-04-10T15:26:46.299Z","","","32","0","0","0","6","0","26","false","0.000","0","0","low","2","irrelevant_only"
"legacy__lever__venusaero","auto","2026-04-10T15:27:00.160Z","2026-04-10T15:27:00.160Z","","","14","1","0","1","10","0","3","false","0.071","0","0","low","2","productive"
"legacy__lever__verkor","auto","2026-04-10T15:27:04.258Z","2026-04-10T15:27:04.258Z","","","52","1","0","1","44","0","7","false","0.019","0","0","low","2","productive"
"legacy__lever__waabi","auto","2026-04-10T15:27:31.016Z","2026-04-10T15:27:31.016Z","","","67","0","0","0","37","0","30","false","0.000","0","0","low","2","irrelevant_only"
"legacy__lever__wadetrim","auto","2026-04-10T15:27:38.774Z","2026-04-10T15:27:38.774Z","","","124","1","0","1","45","0","78","false","0.008","0","0","low","2","productive"
"legacy__lever__waremalcomb","auto","2026-04-10T15:27:39.837Z","2026-04-10T15:27:39.837Z","","","91","0","0","0","31","0","60","false","0.000","0","0","low","2","irrelevant_only"
"legacy__lever__weride","auto","2026-04-10T15:27:40.304Z","2026-04-10T15:27:40.304Z","","","32","0","0","0","1","0","31","false","0.000","0","0","low","2","irrelevant_only"
"legacy__lever__whoop","auto","2026-04-10T15:27:55.255Z","2026-04-10T15:27:55.255Z","","","136","0","0","0","108","0","28","false","0.000","0","0","low","2","irrelevant_only"
"legacy__lever__wingtra-2","auto","2026-04-10T15:27:55.977Z","2026-04-10T15:27:55.977Z","","","7","1","0","1","2","0","4","false","0.143","0","0","medium","1","productive"
"legacy__lever__world-view-enterprises-inc.","auto","2026-04-10T15:27:56.468Z","2026-04-10T15:27:56.468Z","","","13","0","0","0","12","0","1","false","0.000","0","0","low","2","irrelevant_only"
"legacy__lever__woven-by-toyota","auto","2026-04-10T15:28:00.214Z","2026-04-10T15:28:00.214Z","","","204","0","0","0","103","0","101","false","0.000","0","0","low","2","irrelevant_only"
"legacy__lever__zoox","auto","2026-04-10T15:28:09.702Z","2026-04-10T15:28:09.702Z","","","213","0","0","0","121","0","92","false","0.000","0","0","low","2","irrelevant_only"
"legacy__smartrecruiters__AbbVie","auto","2026-04-10T15:28:22.742Z","2026-04-10T15:28:22.742Z","","","100","0","0","0","100","0","0","false","0.000","0","0","low","2","irrelevant_only"
"legacy__smartrecruiters__aerovect","auto","2026-04-10T15:28:26.116Z","2026-04-10T15:28:26.116Z","","","6","0","0","0","0","0","6","false","0.000","0","0","low","2","old_only"
"legacy__smartrecruiters__AI-Adam","auto","2026-04-10T15:28:26.470Z","2026-04-10T15:28:26.470Z","","","0","0","0","0","0","0","0","false","0.000","2","0","dead","999","empty"
"legacy__smartrecruiters__AngellEchoMagikid","auto","2026-04-10T15:28:30.755Z","2026-04-10T15:28:30.755Z","","","7","0","0","0","0","0","7","false","0.000","0","0","low","2","old_only"
"legacy__smartrecruiters__BestgateEngineering","auto","2026-04-10T15:28:32.838Z","2026-04-10T15:28:32.838Z","","","3","0","0","0","0","0","3","false","0.000","0","0","low","2","old_only"
"legacy__smartrecruiters__BuiltRobotics","auto","2026-04-10T15:28:33.182Z","2026-04-10T15:28:33.182Z","","","0","0","0","0","0","0","0","false","0.000","2","0","dead","999","empty"
"legacy__smartrecruiters__CycloTech","auto","2026-04-10T15:28:34.725Z","2026-04-10T15:28:34.725Z","","","2","0","0","0","1","0","1","false","0.000","0","0","low","2","irrelevant_only"
"legacy__smartrecruiters__DroneShield","auto","2026-04-10T15:28:40.546Z","2026-04-10T15:28:40.546Z","","","9","0","0","0","0","0","9","false","0.000","0","0","low","2","old_only"
"legacy__smartrecruiters__GalenRobotics","auto","2026-04-10T15:28:41.566Z","2026-04-10T15:28:41.566Z","","","1","0","0","0","0","0","1","false","0.000","0","0","low","2","old_only"
"legacy__smartrecruiters__Geo-Totaal","auto","2026-04-10T15:28:44.096Z","2026-04-10T15:28:44.096Z","","","4","0","0","0","0","0","4","false","0.000","0","0","low","2","old_only"
"legacy__smartrecruiters__HstarTechnologies","auto","2026-04-10T15:28:51.395Z","2026-04-10T15:28:51.395Z","","","15","0","0","0","0","0","15","false","0.000","0","0","low","2","old_only"
"legacy__smartrecruiters__ImageAssociatesInc","auto","2026-04-10T15:28:56.658Z","2026-04-10T15:28:56.658Z","","","10","0","0","0","10","0","0","false","0.000","0","0","low","2","irrelevant_only"
"legacy__smartrecruiters__InformaGroupPlc","auto","2026-04-10T15:29:41.325Z","2026-04-10T15:29:41.325Z","","","97","0","0","0","94","0","3","false","0.000","0","0","low","2","irrelevant_only"
"legacy__smartrecruiters__JBHi-FiTheGoodGuys1","auto","2026-04-10T15:30:50.899Z","2026-04-10T15:30:50.899Z","","","100","0","0","0","100","0","0","false","0.000","0","0","low","2","irrelevant_only"
"legacy__smartrecruiters__Jobnath","auto","2026-04-10T15:31:34.772Z","2026-04-10T15:31:34.772Z","","","100","0","0","0","0","0","100","false","0.000","0","0","low","2","old_only"
"legacy__smartrecruiters__LevelOneRoboticsAndControlsInc","auto","2026-04-10T15:31:41.782Z","2026-04-10T15:31:41.782Z","","","14","0","0","0","0","0","14","false","0.000","0","0","low","2","old_only"
"legacy__smartrecruiters__MaverickDroneSystems","auto","2026-04-10T15:31:43.051Z","2026-04-10T15:31:43.051Z","","","1","1","0","1","0","0","0","false","1.000","0","0","high","1","productive"
"legacy__smartrecruiters__MyHRLLC","auto","2026-04-10T15:31:48.440Z","2026-04-10T15:31:48.440Z","","","10","0","0","0","6","0","4","false","0.000","0","0","low","2","irrelevant_only"
"legacy__smartrecruiters__NauticusRobotics","auto","2026-04-10T15:31:50.389Z","2026-04-10T15:31:50.389Z","","","3","0","0","0","0","0","3","false","0.000","0","0","low","2","old_only"
"legacy__smartrecruiters__NetApp2","auto","2026-04-10T15:31:55.009Z","2026-04-10T15:31:55.009Z","","","9","0","0","0","0","0","9","false","0.000","0","0","low","2","old_only"
"legacy__smartrecruiters__PilmicoFoodsCorporation","auto","2026-04-10T15:32:31.521Z","2026-04-10T15:32:31.521Z","","","79","0","0","0","57","0","22","false","0.000","0","0","low","2","irrelevant_only"
"legacy__smartrecruiters__SeniorPlc1","auto","2026-04-10T15:32:45.049Z","2026-04-10T15:32:45.049Z","","","100","0","0","0","100","0","0","false","0.000","0","0","low","2","irrelevant_only"
"legacy__smartrecruiters__serpapackagingsolutions","auto","2026-04-10T15:32:45.406Z","2026-04-10T15:32:45.406Z","","","0","0","0","0","0","0","0","false","0.000","2","0","dead","999","empty"
"legacy__smartrecruiters__SopraSteria1","auto","2026-04-10T15:33:31.109Z","2026-04-10T15:33:31.109Z","","","100","0","0","0","100","0","0","false","0.000","0","0","low","2","irrelevant_only"
"legacy__smartrecruiters__staubli","auto","2026-04-10T15:33:31.455Z","2026-04-10T15:33:31.455Z","","","0","0","0","0","0","0","0","false","0.000","2","0","dead","999","empty"
"legacy__smartrecruiters__staubligroup","auto","2026-04-10T15:34:17.329Z","2026-04-10T15:34:17.329Z","","","100","0","0","0","100","0","0","false","0.000","0","0","low","2","irrelevant_only"
"legacy__smartrecruiters__StemXpert1","auto","2026-04-10T15:35:02.291Z","2026-04-10T15:35:02.291Z","","","100","0","0","0","0","0","100","false","0.000","0","0","low","2","old_only"
"legacy__smartrecruiters__stowgroup","auto","2026-04-10T15:35:48.667Z","2026-04-10T15:35:48.667Z","","","100","0","0","0","86","0","14","false","0.000","0","0","low","2","irrelevant_only"
"legacy__smartrecruiters__UASLabsLLC","auto","2026-04-10T15:35:49.024Z","2026-04-10T15:35:49.024Z","","","0","0","0","0","0","0","0","false","0.000","2","0","dead","999","empty"
"legacy__smartrecruiters__UKAtomicEnergyAuthority","auto","2026-04-10T15:36:05.237Z","2026-04-10T15:36:05.237Z","","","34","0","0","0","34","0","0","false","0.000","0","0","low","2","irrelevant_only"
"legacy__smartrecruiters__UncommonSchools","auto","2026-04-10T15:36:50.909Z","2026-04-10T15:36:50.909Z","","","100","0","0","0","100","0","0","false","0.000","0","0","low","2","irrelevant_only"
"legacy__smartrecruiters__Vention","auto","2026-04-10T15:37:15.880Z","2026-04-10T15:37:15.880Z","","","54","0","0","0","51","0","3","false","0.000","0","0","low","2","irrelevant_only"
"legacy__workable__adforge-corporation","auto","2026-04-10T15:37:16.048Z","2026-04-10T15:37:16.048Z","","","0","0","0","0","0","0","0","false","0.000","2","0","dead","999","empty"
"legacy__workable__aerones","auto","2026-04-10T15:46:02.264Z","2026-04-10T15:46:02.264Z","","","57","0","0","0","17","0","40","false","0.000","0","0","low","2","irrelevant_only"
"legacy__workable__ageo","auto","2026-04-10T15:46:30.614Z","2026-04-10T15:46:30.614Z","","","3","0","0","0","3","0","0","false","0.000","0","0","low","2","irrelevant_only"
"legacy__workable__ai-robot-association","auto","2026-04-10T15:46:36.822Z","","Workable Ai Robot Association failed: 403","","0","0","0","0","0","0","0","true","0.000","0","2","low","2","fetch_failed"
"legacy__workable__airbus-aerial","auto","2026-04-10T15:46:37.954Z","2026-04-10T15:46:37.954Z","","","0","0","0","0","0","0","0","false","0.000","2","0","dead","999","empty"
"legacy__workable__alaro-city","auto","2026-04-10T15:53:43.703Z","2026-04-10T15:53:43.703Z","","","46","0","0","0","10","0","36","false","0.000","0","0","low","2","irrelevant_only"
"legacy__workable__alta-ares","auto","2026-04-10T15:57:57.541Z","2026-04-10T15:57:57.541Z","","","27","2","2","0","25","2","0","false","0.074","0","0","low","2","productive"
"legacy__workable__andromeda-robotics","auto","2026-04-10T15:58:03.731Z","2026-04-08T17:59:48.149Z","Workable Andromeda Robotics failed: 403","","0","0","0","0","0","0","0","true","0.000","0","1","low","2","fetch_failed"
"legacy__workable__aoc-global-services","auto","2026-04-10T15:58:09.942Z","","Workable Aoc Global Services failed: 403","","0","0","0","0","0","0","0","true","0.000","0","2","low","2","fetch_failed"
"legacy__workable__araic","auto","2026-04-10T15:58:16.171Z","","Workable Araic failed: 403","","0","0","0","0","0","0","0","true","0.000","0","2","low","2","fetch_failed"
"legacy__workable__arch-aerial-llc","auto","2026-04-10T15:59:14.137Z","2026-04-10T15:59:14.137Z","","","6","2","2","0","1","2","3","false","0.333","0","0","medium","1","productive"
"legacy__workable__asylon","auto","2026-04-10T15:59:20.300Z","2026-04-08T18:01:00.938Z","Workable Asylon failed: 403","","0","0","0","0","0","0","0","true","0.000","1","1","low","2","fetch_failed"
"legacy__workable__ati-inc","auto","2026-04-10T16:00:38.561Z","2026-04-10T16:00:38.561Z","","","8","0","0","0","5","0","3","false","0.000","0","0","low","2","irrelevant_only"
"legacy__workable__avomind","auto","2026-04-10T16:59:11.583Z","2026-04-10T16:59:11.583Z","","","379","0","0","0","150","0","229","false","0.000","0","0","low","2","irrelevant_only"
"legacy__workable__bos-innovations","auto","2026-04-10T16:59:17.734Z","","Workable Bos Innovations failed: 429","","0","0","0","0","0","0","0","true","0.000","0","2","low","2","fetch_failed"
"legacy__workable__bots-unlimited","auto","2026-04-10T16:59:23.902Z","","Workable Bots Unlimited failed: 429","","0","0","0","0","0","0","0","true","0.000","0","2","low","2","fetch_failed"
"legacy__workable__clear-labs","auto","2026-04-10T16:59:30.091Z","","Workable Clear Labs failed: 429","","0","0","0","0","0","0","0","true","0.000","0","2","low","2","fetch_failed"
"legacy__workable__cloudfactory","auto","2026-04-10T16:59:36.266Z","","Workable Cloudfactory failed: 429","","0","0","0","0","0","0","0","true","0.000","0","2","low","2","fetch_failed"
"legacy__workable__complete-home-care-holdings","auto","2026-04-10T16:59:42.465Z","","Workable Complete Home Care Holdings failed: 429","","0","0","0","0","0","0","0","true","0.000","0","2","low","2","fetch_failed"
"legacy__workable__continuum-resource-network","auto","2026-04-10T16:59:48.672Z","","Workable Continuum Resource Network failed: 429","","0","0","0","0","0","0","0","true","0.000","0","2","low","2","fetch_failed"
"legacy__workable__cornerstone-research-group-inc","auto","2026-04-10T16:59:54.814Z","","Workable Cornerstone Research Group Inc failed: 429","","0","0","0","0","0","0","0","true","0.000","0","2","low","2","fetch_failed"
"legacy__workable__cti-jobs","auto","2026-04-10T17:00:00.951Z","","Workable Cti Jobs failed: 429","","0","0","0","0","0","0","0","true","0.000","0","2","low","2","fetch_failed"
"legacy__workable__destinusgroup","auto","2026-04-10T17:00:07.191Z","","Workable Destinus failed: 429","","0","0","0","0","0","0","0","true","0.000","0","2","low","2","fetch_failed"
"legacy__workable__droneup","auto","2026-04-10T17:00:13.369Z","","Workable Droneup failed: 429","","0","0","0","0","0","0","0","true","0.000","0","2","low","2","fetch_failed"
"legacy__workable__exotec","auto","2026-04-10T17:00:19.533Z","","Workable Exotec failed: 429","","0","0","0","0","0","0","0","true","0.000","0","2","low","2","fetch_failed"
"legacy__workable__flexion-robotics","auto","2026-04-10T17:00:25.710Z","","Workable Flexion Robotics failed: 429","","0","0","0","0","0","0","0","true","0.000","0","2","low","2","fetch_failed"
"legacy__workable__flowith","auto","2026-04-10T17:00:31.934Z","","Workable Flowith failed: 429","","0","0","0","0","0","0","0","true","0.000","0","2","low","2","fetch_failed"
"legacy__workable__flyability","auto","2026-04-10T17:00:38.155Z","","Workable Flyability failed: 429","","0","0","0","0","0","0","0","true","0.000","0","2","low","2","fetch_failed"
"legacy__workable__fuku","auto","2026-04-10T17:00:44.299Z","","Workable Fuku failed: 429","","0","0","0","0","0","0","0","true","0.000","0","2","low","2","fetch_failed"
"legacy__workable__genm","auto","2026-04-10T17:00:50.471Z","","Workable Genm failed: 429","","0","0","0","0","0","0","0","true","0.000","0","2","low","2","fetch_failed"
"legacy__workable__getfpv","auto","2026-04-10T17:00:56.637Z","","Workable Getfpv failed: 429","","0","0","0","0","0","0","0","true","0.000","0","2","low","2","fetch_failed"
"legacy__workable__heli-video-pros","auto","2026-04-10T17:01:02.848Z","","Workable Heli Video Pros failed: 429","","0","0","0","0","0","0","0","true","0.000","0","2","low","2","fetch_failed"
"legacy__workable__hummingbird-technologies-ltd","auto","2026-04-10T17:01:09.034Z","","Workable Hummingbird Technologies Ltd failed: 429","","0","0","0","0","0","0","0","true","0.000","0","2","low","2","fetch_failed"
"legacy__workable__hummingbird-technologies-ltd-1","auto","2026-04-10T17:01:15.278Z","","Workable Hummingbird Technologies Ltd 1 failed: 429","","0","0","0","0","0","0","0","true","0.000","0","2","low","2","fetch_failed"
"legacy__workable__iceye","auto","2026-04-10T17:01:21.492Z","","Workable Iceye failed: 429","","0","0","0","0","0","0","0","true","0.000","0","2","low","2","fetch_failed"
"legacy__workable__ikh","auto","2026-04-10T17:01:27.652Z","","Workable Ikh failed: 429","","0","0","0","0","0","0","0","true","0.000","0","2","low","2","fetch_failed"
"legacy__workable__indra-uk","auto","2026-04-10T17:01:33.834Z","","Workable Indra Uk failed: 429","","0","0","0","0","0","0","0","true","0.000","0","2","low","2","fetch_failed"
"legacy__workable__intertek","auto","2026-04-10T17:01:40.044Z","","Workable Intertek failed: 429","","0","0","0","0","0","0","0","true","0.000","0","2","low","2","fetch_failed"
"legacy__workable__intetics-2","auto","2026-04-10T17:01:46.223Z","","Workable Intetics 2 failed: 429","","0","0","0","0","0","0","0","true","0.000","0","2","low","2","fetch_failed"
"legacy__workable__intracom-defense","auto","2026-04-10T17:01:52.385Z","","Workable Intracom Defense failed: 429","","0","0","0","0","0","0","0","true","0.000","0","2","low","2","fetch_failed"
"legacy__workable__j","auto","2026-04-10T17:01:58.613Z","","Workable J failed: 429","","0","0","0","0","0","0","0","true","0.000","0","2","low","2","fetch_failed"
"legacy__workable__knowhirematch-1","auto","2026-04-10T17:02:04.805Z","","Workable Knowhirematch 1 failed: 429","","0","0","0","0","0","0","0","true","0.000","0","2","low","2","fetch_failed"
"legacy__workable__krushlabs","auto","2026-04-10T17:02:10.956Z","","Workable Krushlabs failed: 429","","0","0","0","0","0","0","0","true","0.000","0","2","low","2","fetch_failed"
"legacy__workable__krypton-mining","auto","2026-04-10T17:02:17.195Z","","Workable Krypton Mining failed: 429","","0","0","0","0","0","0","0","true","0.000","0","2","low","2","fetch_failed"
"legacy__workable__labella-associates","auto","2026-04-10T17:02:23.328Z","","Workable Labella Associates failed: 429","","0","0","0","0","0","0","0","true","0.000","0","2","low","2","fetch_failed"
"legacy__workable__laborup","auto","2026-04-10T17:02:29.502Z","","Workable Laborup failed: 429","","0","0","0","0","0","0","0","true","0.000","0","2","low","2","fetch_failed"
"legacy__workable__manna-1","auto","2026-04-10T17:02:35.652Z","","Workable Manna 1 failed: 429","","0","0","0","0","0","0","0","true","0.000","0","2","low","2","fetch_failed"
"legacy__workable__marble","auto","2026-04-10T17:02:41.851Z","","Workable Marble failed: 429","","0","0","0","0","0","0","0","true","0.000","0","2","low","2","fetch_failed"
"legacy__workable__matrix-camps-and-logistics","auto","2026-04-10T17:02:48.044Z","","Workable Matrix Camps And Logistics failed: 429","","0","0","0","0","0","0","0","true","0.000","0","2","low","2","fetch_failed"
"legacy__workable__matternet","auto","2026-04-10T17:02:54.248Z","","Workable Matternet failed: 429","","0","0","0","0","0","0","0","true","0.000","0","2","low","2","fetch_failed"
"legacy__workable__monarch-quantum","auto","2026-04-10T17:03:00.463Z","","Workable Monarch Quantum failed: 429","","0","0","0","0","0","0","0","true","0.000","0","2","low","2","fetch_failed"
"legacy__workable__msr-fsr","auto","2026-04-10T17:03:06.611Z","","Workable Msr Fsr failed: 429","","0","0","0","0","0","0","0","true","0.000","0","2","low","2","fetch_failed"
"legacy__workable__neo-tax","auto","2026-04-10T17:03:12.752Z","","Workable Neo Tax failed: 429","","0","0","0","0","0","0","0","true","0.000","0","2","low","2","fetch_failed"
"legacy__workable__nodein","auto","2026-04-10T17:03:18.888Z","","Workable Nodein failed: 429","","0","0","0","0","0","0","0","true","0.000","0","2","low","2","fetch_failed"
"legacy__workable__nortek","auto","2026-04-10T17:03:25.133Z","","Workable Nortek failed: 429","","0","0","0","0","0","0","0","true","0.000","0","2","low","2","fetch_failed"
"legacy__workable__oceancomm","auto","2026-04-10T17:03:31.315Z","","Workable Oceancomm failed: 429","","0","0","0","0","0","0","0","true","0.000","0","2","low","2","fetch_failed"
"legacy__workable__open-ocean-robotics","auto","2026-04-10T17:03:37.454Z","","Workable Open Ocean Robotics failed: 429","","0","0","0","0","0","0","0","true","0.000","0","2","low","2","fetch_failed"
"legacy__workable__origin-10x","auto","2026-04-10T17:03:43.644Z","","Workable Origin 10x failed: 429","","0","0","0","0","0","0","0","true","0.000","0","2","low","2","fetch_failed"
"legacy__workable__oxforddynamics","auto","2026-04-10T17:03:49.826Z","","Workable Oxforddynamics failed: 429","","0","0","0","0","0","0","0","true","0.000","0","2","low","2","fetch_failed"
"legacy__workable__pacific-defense","auto","2026-04-10T17:03:56.034Z","","Workable Pacific Defense failed: 429","","0","0","0","0","0","0","0","true","0.000","0","2","low","2","fetch_failed"
"legacy__workable__phantom-auto","auto","2026-04-10T17:04:02.210Z","","Workable Phantom Auto failed: 429","","0","0","0","0","0","0","0","true","0.000","0","2","low","2","fetch_failed"
"legacy__workable__phasorengineering","auto","2026-04-10T17:04:08.375Z","","Workable Phasorengineering failed: 429","","0","0","0","0","0","0","0","true","0.000","0","2","low","2","fetch_failed"
"legacy__workable__prime-robotics-1","auto","2026-04-10T17:04:14.508Z","","Workable Prime Robotics 1 failed: 429","","0","0","0","0","0","0","0","true","0.000","0","2","low","2","fetch_failed"
"legacy__workable__propelleraero","auto","2026-04-10T17:04:20.657Z","","Workable Propelleraero failed: 429","","0","0","0","0","0","0","0","true","0.000","0","2","low","2","fetch_failed"
"legacy__workable__rapyuta-robotics","auto","2026-04-10T17:04:26.841Z","","Workable Rapyuta Robotics failed: 429","","0","0","0","0","0","0","0","true","0.000","0","2","low","2","fetch_failed"
"legacy__workable__rec-2","auto","2026-04-10T17:04:33.053Z","","Workable Rec 2 failed: 429","","0","0","0","0","0","0","0","true","0.000","0","2","low","2","fetch_failed"
"legacy__workable__red-rabbit-robotics","auto","2026-04-10T17:04:39.235Z","","Workable Red Rabbit Robotics failed: 429","","0","0","0","0","0","0","0","true","0.000","0","2","low","2","fetch_failed"
"legacy__workable__rise-robotics","auto","2026-04-10T17:04:45.433Z","","Workable Rise Robotics failed: 429","","0","0","0","0","0","0","0","true","0.000","0","2","low","2","fetch_failed"
"legacy__workable__robeaute","auto","2026-04-10T17:04:51.625Z","","Workable Robeaute failed: 429","","0","0","0","0","0","0","0","true","0.000","0","2","low","2","fetch_failed"
"legacy__workable__ryhr","auto","2026-04-10T17:04:57.801Z","","Workable Ryhr failed: 429","","0","0","0","0","0","0","0","true","0.000","0","2","low","2","fetch_failed"
"legacy__workable__safcsp","auto","2026-04-10T17:05:03.967Z","","Workable Safcsp failed: 429","","0","0","0","0","0","0","0","true","0.000","0","2","low","2","fetch_failed"
"legacy__workable__shift-robotics","auto","2026-04-10T17:05:10.117Z","","Workable Shift Robotics failed: 429","","0","0","0","0","0","0","0","true","0.000","0","2","low","2","fetch_failed"
"legacy__workable__skylarkdrones","auto","2026-04-10T17:05:16.304Z","","Workable Skylarkdrones failed: 429","","0","0","0","0","0","0","0","true","0.000","0","2","low","2","fetch_failed"
"legacy__workable__slip-robotics","auto","2026-04-10T17:05:22.476Z","","Workable Slip Robotics failed: 429","","0","0","0","0","0","0","0","true","0.000","0","2","low","2","fetch_failed"
"legacy__workable__sorting-robotics","auto","2026-04-10T17:05:28.654Z","","Workable Sorting Robotics failed: 429","","0","0","0","0","0","0","0","true","0.000","0","2","low","2","fetch_failed"
"legacy__workable__ssci","auto","2026-04-10T17:05:34.839Z","","Workable Ssci failed: 429","","0","0","0","0","0","0","0","true","0.000","0","2","low","2","fetch_failed"
"legacy__workable__swiftengineering","auto","2026-04-10T17:05:41.070Z","","Workable Swiftengineering failed: 429","","0","0","0","0","0","0","0","true","0.000","0","2","low","2","fetch_failed"
"legacy__workable__talentsis","auto","2026-04-10T17:05:47.214Z","","Workable Talentsis failed: 429","","0","0","0","0","0","0","0","true","0.000","0","2","low","2","fetch_failed"
"legacy__workable__terabase-energy","auto","2026-04-10T17:05:53.403Z","","Workable Terabase Energy failed: 429","","0","0","0","0","0","0","0","true","0.000","0","2","low","2","fetch_failed"
"legacy__workable__unusual-machines","auto","2026-04-10T17:05:59.596Z","","Workable Unusual Machines failed: 429","","0","0","0","0","0","0","0","true","0.000","0","2","low","2","fetch_failed"
"legacy__workable__veterans-launch-inc","auto","2026-04-10T17:06:05.767Z","","Workable Veterans Launch Inc failed: 429","","0","0","0","0","0","0","0","true","0.000","0","2","low","2","fetch_failed"
"legacy__workable__virtual-surveyor","auto","2026-04-10T17:06:11.957Z","","Workable Virtual Surveyor failed: 429","","0","0","0","0","0","0","0","true","0.000","0","2","low","2","fetch_failed"
"legacy__workable__voom-insurance","auto","2026-04-10T17:06:18.192Z","","Workable Voom Insurance failed: 429","","0","0","0","0","0","0","0","true","0.000","0","2","low","2","fetch_failed"
"legacy__workable__warfel-construction","auto","2026-04-10T17:06:24.358Z","","Workable Warfel Construction failed: 429","","0","0","0","0","0","0","0","true","0.000","0","2","low","2","fetch_failed"
"legacy__workable__xtia","auto","2026-04-10T17:06:30.547Z","","Workable Xtia failed: 429","","0","0","0","0","0","0","0","true","0.000","0","2","low","2","fetch_failed"
"legacy__workable__zerozero","auto","2026-04-10T17:06:36.721Z","","Workable Zerozero failed: 429","","0","0","0","0","0","0","0","true","0.000","0","2","low","2","fetch_failed"
