Company,domain,full_url,LinkedIn,Category,confidence_flag
A2Z Drone Delivery,a2zdronedelivery.com,https://a2zdronedelivery.com,https://www.linkedin.com/company/a2z-drone-delivery,Logistics (Delivery / BVLOS Ops),high
A2Z Drone Delivery Systems,https://a2zdronedelivery.com,https://www.linkedin.com/company/a2z-drone-delivery,,,
ABJ Drones,https://abjdrones.com,https://www.linkedin.com/company/abj-drones,https://www.linkedin.com/company/abj-drones,,high
ABOT,abot.ai,https://abot.ai,https://www.linkedin.com/company/abot,Inspection (Energy / Infrastructure),high
Above Surveying,https://abovesurveying.com,https://www.linkedin.com/company/above-surveying,https://www.linkedin.com/company/above-surveying,,medium
Acecore Systems,https://acecoretechnologies.com,https://www.linkedin.com/company/acecore-technologies,,,
Acecore Technologies,acecoretechnologies.com,https://acecoretechnologies.com,https://www.linkedin.com/company/acecore-technologies,Hardware,high
Advexure,advexure.com,https://advexure.com,https://www.linkedin.com/company/advexure,Training & Services,high
AEE Aviation Technology,https://www.aee.com,https://www.linkedin.com/company/aee-technology,,,
AEE Technology,aee.com,https://www.aee.com,https://www.linkedin.com/company/aee-technology,Hardware,high
Aerial Applications,aerialapplications.com,https://aerialapplications.com,https://www.linkedin.com/company/aerial-applications,Inspection (Energy / Infrastructure),high
Aerial Armor,https://aerialarmor.com,https://www.linkedin.com/company/aerial-armor,https://www.linkedin.com/company/aerial-armor,,medium
Aerial Filmworks,aerialfilmworks.com,https://aerialfilmworks.com,https://www.linkedin.com/company/aerial-filmworks,Training & Services,high
Aerial Influence,https://aerialinfluence.com,https://www.linkedin.com/company/aerial-influence,https://www.linkedin.com/company/aerial-influence,,medium
Aerial Mob,aerialmob.com,https://aerialmob.com,https://www.linkedin.com/company/aerialmob,Inspection (Energy / Infrastructure),high
Aerial Productions,https://aerialproductions.com,https://www.linkedin.com/company/aerial-productions,https://www.linkedin.com/company/aerial-productions,,medium
Aerial Productions International,apifilms.com,https://apifilms.com,https://www.linkedin.com/company/api-films,Training & Services,high
Aerial Services Inc,aerialservicesinc.com,https://aerialservicesinc.com,https://www.linkedin.com/company/aerial-services-inc,Inspection (Energy / Infrastructure),high
Aerial Sphere,https://aerialsphere.com,https://www.linkedin.com/company/aerial-sphere,https://www.linkedin.com/company/aerial-sphere,,medium
Aerial Vision International,aerialvisionint.com,https://aerialvisionint.com,https://www.linkedin.com/company/aerial-vision-international,Inspection (Energy / Infrastructure),high
Aerial Vision Systems,https://aerialvisionsystems.com,https://www.linkedin.com/company/aerial-vision-systems,https://www.linkedin.com/company/aerial-vision-systems,,medium
Aerialtronics,aerialtronics.com,https://aerialtronics.com,https://www.linkedin.com/company/aerialtronics,Hardware,high
AerialWorks,aerialworks.co,https://aerialworks.co,https://www.linkedin.com/company/aerialworks,Inspection (Energy / Infrastructure),high
Aernnova Aerospace,aernnova.com,https://aernnova.com,https://www.linkedin.com/company/aernnova,Hardware,high
Aero Imaging Services,https://aeroimagingservices.com,https://www.linkedin.com/company/aero-imaging-services,https://www.linkedin.com/company/aero-imaging-services,,low
AeroAI,aeroai.com,https://aeroai.com,https://www.linkedin.com/company/aeroai,Software & Autonomy,high
Aerobotics,https://aerobotics.com,https://www.linkedin.com/company/aerobotics,https://www.linkedin.com/company/aerobotics,,low
Aerodyne Group,aerodyne.group,https://aerodyne.group,https://www.linkedin.com/company/aerodyne-group,Inspection (Energy / Infrastructure),high
Aerodyne Measure,https://aerodyne.group,https://www.linkedin.com/company/aerodyne-group,,,
AeroInspect,aeroinspect.com,https://aeroinspect.com,https://www.linkedin.com/company/aeroinspect,Inspection (Energy / Infrastructure),high
Aeronautics Group,aeronautics-sys.com,https://aeronautics-sys.com,https://www.linkedin.com/company/aeronautics-ltd,Defense,high
Aerones,aerones.com,https://aerones.com,https://www.linkedin.com/company/aerones,Inspection (Energy / Infrastructure),high
Aerones Engineering,https://aerones.com,https://www.linkedin.com/company/aerones,,,
Aeronext,aeronext.co.jp,https://aeronext.co.jp,https://www.linkedin.com/company/aeronext,Logistics (Delivery / BVLOS Ops),high
AeroRange,aerorange.com,https://aerorange.com,https://www.linkedin.com/company/aerorange,Hardware,high
AeroSpect,aerospect.com,https://aerospect.com,https://www.linkedin.com/company/aerospect,Inspection (Energy / Infrastructure),high
AeroVantage,aerovantage.com,https://aerovantage.com,https://www.linkedin.com/company/aerovantage,Inspection (Energy / Infrastructure),high
AeroVironment,avinc.com,https://www.avinc.com,https://www.linkedin.com/company/aerovironment,Defense,high
AeroVision Africa,https://aerovisionafrica.com,https://www.linkedin.com/company/aerovision-africa,https://www.linkedin.com/company/aerovision-africa,,low
AeroVision Canada,aerovisioncanada.com,https://aerovisioncanada.com,https://www.linkedin.com/company/aerovision-canada,Inspection (Energy / Infrastructure),high
AeroVista Drone Services,aerovistadrones.com,https://aerovistadrones.com,https://www.linkedin.com/company/aerovista-drone-services,Inspection (Energy / Infrastructure),high
AeroVista Innovations,aerovistainnovations.com,https://aerovistainnovations.com,https://www.linkedin.com/company/aerovista-innovations,Inspection (Energy / Infrastructure),high
Aeryon Labs (Teledyne),teledyneflir.com,https://teledyneflir.com,https://www.linkedin.com/company/aeryon-labs,Defense,high
Aethero,https://aethero.com,https://www.linkedin.com/company/aethero,https://www.linkedin.com/company/aethero,,low
AgDrone Solutions,https://agdronesolutions.com,https://www.linkedin.com/company/agdrone-solutions,https://www.linkedin.com/company/agdrone-solutions,,high
AgEagle,ageagle.com,https://ageagle.com,https://www.linkedin.com/company/ageagle,Hardware,high
AgEagle Aerial Systems Inc,https://ageagle.com,https://www.linkedin.com/company/ageagle,,,
Agilica BV,agilica.nl,https://agilica.nl,https://www.linkedin.com/company/agilica,Inspection (Energy / Infrastructure),high
Agisoft,agisoft.com,https://agisoft.com,https://www.linkedin.com/company/agisoft-llc,Mapping & Surveying,high
Agremo,https://agremo.com,https://www.linkedin.com/company/agremo,https://www.linkedin.com/company/agremo,,low
Airborne Robotics Systems,airbornerobotics.com,https://airbornerobotics.com,https://www.linkedin.com/company/airborne-robotics,Hardware,high
Airbotics,https://airbotics.eu,https://www.linkedin.com/company/airbotics,https://www.linkedin.com/company/airbotics,,low
Airbus,airbus.com,https://www.airbus.com,https://www.linkedin.com/company/airbus,Defense,high
Aircam UAV,https://aircamuav.com,https://www.linkedin.com/company/aircam-uav,https://www.linkedin.com/company/aircam-uav,,high
AirHub,airhub.app,https://airhub.app,https://www.linkedin.com/company/airhub,Software & Autonomy,high
AirMap,airmap.com,https://airmap.com,https://www.linkedin.com/company/airmap,Software & Autonomy,high
Airobotics,airoboticsdrones.com,https://airoboticsdrones.com,https://www.linkedin.com/company/airobotics,Inspection (Energy / Infrastructure),high
Airobotics (Ondas Autonomous Systems),https://airoboticsdrones.com,https://www.linkedin.com/company/airobotics,,,
Airpelago,airpelago.com,https://airpelago.com,https://www.linkedin.com/company/airpelago,Inspection (Energy / Infrastructure),high
Airscope,https://airscope.io,https://www.linkedin.com/company/airscope,https://www.linkedin.com/company/airscope,,low
Airspace Link,airspacelink.com,https://airspacelink.com,https://www.linkedin.com/company/airspace-link,Software & Autonomy,high
Airwards,airwards.online,https://airwards.online,https://www.linkedin.com/company/airwards,,low
AirWorks Solutions,airworks.io,https://airworks.io,https://www.linkedin.com/company/airworks-solutions,Software & Autonomy,high
Aiviewgroup,aiviewgroup.com,https://aiviewgroup.com,https://www.linkedin.com/company/aiviewgroup,Software & Autonomy,high
Aloft Technologies,aloft.ai,https://aloft.ai,https://www.linkedin.com/company/aloft-ai,Software & Autonomy,high
ALTI UAS,altiuas.com,https://altiuas.com,https://www.linkedin.com/company/alti-uas,Hardware,high
Altitude Angel,altitudeangel.com,https://altitudeangel.com,https://www.linkedin.com/company/altitude-angel,Software & Autonomy,high
Altitude Intelligence,altitudeintelligence.com,https://altitudeintelligence.com,https://www.linkedin.com/company/altitude-intelligence,Software & Autonomy,high
Altitude UAV,https://altitudeuav.com,https://www.linkedin.com/company/altitude-uav,https://www.linkedin.com/company/altitude-uav,,high
Altitude University,altitudeu.com,https://altitudeu.com,https://www.linkedin.com/company/altitude-university,Training & Services,high
Alva Industries,https://alvaindustries.com,https://www.linkedin.com/company/alva-industries,https://www.linkedin.com/company/alva-industries,,low
Amazon Prime Air,amazon.com,https://www.amazon.com/primeair,https://www.linkedin.com/company/amazon,Logistics (Delivery / BVLOS Ops),high
American Robotics,american-robotics.com,https://american-robotics.com,https://www.linkedin.com/company/american-robotics-inc,Inspection (Energy / Infrastructure),high
American Robotics Corp,https://american-robotics.com,https://www.linkedin.com/company/american-robotics-inc,,,
Ampaire,ampaire.com,https://ampaire.com,https://www.linkedin.com/company/ampaire,Hardware,high
Ampaire Electric Aviation,https://ampaire.com,https://www.linkedin.com/company/ampaire,,,
Anavia,anavia.ch,https://anavia.ch,https://www.linkedin.com/company/anavia,Hardware,high
Anduril Industries,anduril.com,https://www.anduril.com,https://www.linkedin.com/company/andurilindustries,Defense,high
ANRA Technologies,anratechnologies.com,https://anratechnologies.com,https://www.linkedin.com/company/anra-technologies,Software & Autonomy,high
ANYbotics,anybotics.com,https://anybotics.com,https://www.linkedin.com/company/anybotics,Hardware,high
Apian,https://apian.aero,https://www.linkedin.com/company/apian,https://www.linkedin.com/company/apian,,low
Archer Aviation,archer.com,https://archer.com,https://www.linkedin.com/company/archer-aviation,Hardware,high
Archer Aviation Inc,https://archer.com,https://www.linkedin.com/company/archer-aviation,,,
Arcsky,https://arcskytech.com,https://www.linkedin.com/company/arcsky,https://www.linkedin.com/company/arcsky,,low
Ardupilot,https://ardupilot.org,https://www.linkedin.com/company/ardupilot,https://www.linkedin.com/company/ardupilot,,high
ArgenTech Solutions,https://argentechsolutions.com,https://www.linkedin.com/company/argentech-solutions,https://www.linkedin.com/company/argentech-solutions,,low
Ascent AeroSystems,ascentaerosystems.com,https://ascentaerosystems.com,https://www.linkedin.com/company/ascent-aerosystems,Hardware,high
Ascent AeroSystems Inc,https://ascentaerosystems.com,https://www.linkedin.com/company/ascent-aerosystems,,,
Astral Aerial Solutions,https://astralaerial.com,https://www.linkedin.com/company/astral-aerial,https://www.linkedin.com/company/astral-aerial,,medium
Astral Systems,https://astral.systems,https://www.linkedin.com/company/astral-systems,https://www.linkedin.com/company/astral-systems,,low
Autel Robotics,autelrobotics.com,https://autelrobotics.com,https://www.linkedin.com/company/autel-robotics,Hardware,high
Autel Robotics USA,https://autelrobotics.com,https://www.linkedin.com/company/autel-robotics,,,
Auterion,auterion.com,https://auterion.com,https://www.linkedin.com/company/auterion,Software & Autonomy,high
Autonodyne,autonodyne.com,https://autonodyne.com,https://www.linkedin.com/company/autonodyne,Software & Autonomy,high
Autonodyne AI Systems,https://autonodyne.com,https://www.linkedin.com/company/autonodyne,,,
Avian UAS,https://avianuas.com,https://www.linkedin.com/company/avian-uas,https://www.linkedin.com/company/avian-uas,,high
Avionix Systems,avionixsystems.com,https://avionixsystems.com,https://www.linkedin.com/company/avionix-systems,,low
Avular,avular.com,https://avular.com,https://www.linkedin.com/company/avular,Software & Autonomy,high
Avy,avy.eu,https://avy.eu,https://www.linkedin.com/company/avy,Logistics (Delivery / BVLOS Ops),high
Avy Drone Response,https://avy.eu,https://www.linkedin.com/company/avy,,,
Azur Drones,azurdrones.com,https://azurdrones.com,https://www.linkedin.com/company/azur-drones,Inspection (Energy / Infrastructure),high
BAE Systems,baesystems.com,https://baesystems.com,https://www.linkedin.com/company/bae-systems,Defense,high
Bantam Drones,https://bantamdrones.com,https://www.linkedin.com/company/bantam-drones,https://www.linkedin.com/company/bantam-drones,,high
Beta Technologies,beta.team,https://beta.team,https://www.linkedin.com/company/beta-technologies,Hardware,high
Beta Technologies EVTOL,https://beta.team,https://www.linkedin.com/company/beta-technologies,,,
BirdsEye Aerial Drones,https://birdseyeaerialdrones.com,https://www.linkedin.com/company/birdseye-aerial-drones,https://www.linkedin.com/company/birdseye-aerial-drones,,high
BirdsEyeView Aerobotics,birdseyeview.aero,https://birdseyeview.aero,https://www.linkedin.com/company/birdseyeview-aerobotics,Inspection (Energy / Infrastructure),high
Black Swift Technologies,https://blackswifttech.com,https://www.linkedin.com/company/black-swift-technologies,https://www.linkedin.com/company/black-swift-technologies,,low
Blighter Surveillance Systems,blighter.com,https://blighter.com,https://www.linkedin.com/company/blighter-surveillance-systems,Counter-UAS / Security,high
Blue White Robotics,https://bluewhiterobotics.com,https://www.linkedin.com/company/blue-white-robotics,https://www.linkedin.com/company/blue-white-robotics,,medium
BlueBird Aero Systems,bluebird-uav.com,https://bluebird-uav.com,https://www.linkedin.com/company/bluebird-aero-systems,Defense,high
Boeing,boeing.com,https://www.boeing.com,https://www.linkedin.com/company/boeing,Defense,high
Boston Dynamics,bostondynamics.com,https://bostondynamics.com,https://www.linkedin.com/company/boston-dynamics,Hardware,high
BRINC Drones,brincdrones.com,https://brincdrones.com,https://www.linkedin.com/company/brinc-drones,Counter-UAS / Security,high
BRINC Public Safety Drones,https://brincdrones.com,https://www.linkedin.com/company/brinc-drones,,,
Bristow Group (UAS ops),bristowgroup.com,https://bristowgroup.com,https://www.linkedin.com/company/bristow-group,Logistics (Delivery / BVLOS Ops),high
Bristow UAS,https://bristowgroup.com,https://www.linkedin.com/company/bristow-group,,,
C-Astral Aerospace,c-astral.com,https://c-astral.com,https://www.linkedin.com/company/c-astral,Hardware,high
Canadian UAVs,canadianuavs.com,https://canadianuavs.com,https://www.linkedin.com/company/canadian-uavs,Hardware,high
Casia (Iris product team),irisonboard.com,https://irisonboard.com,https://www.linkedin.com/company/iris-automation,Software & Autonomy,high
Censys Technologies,https://censystech.com,https://www.linkedin.com/company/censys-technologies,https://www.linkedin.com/company/censys-technologies,,low
Clearpath Robotics,clearpathrobotics.com,https://clearpathrobotics.com,https://www.linkedin.com/company/clearpath-robotics,Hardware,high
Commaris,https://commaris.com,https://www.linkedin.com/company/commaris,https://www.linkedin.com/company/commaris,,low
Consortiq,consortiq.com,https://consortiq.com,https://www.linkedin.com/company/consortiq,Training & Services,high
Coptrz,coptrz.com,https://coptrz.com,https://www.linkedin.com/company/coptrz,Training & Services,high
Cyberhawk Asia,https://cyberhawk.com,https://www.linkedin.com/company/cyberhawk,,,
Cyberhawk Innovations,thecyberhawk.com,https://thecyberhawk.com,https://www.linkedin.com/company/cyberhawk,Inspection (Energy / Infrastructure),high
D-Fend Solutions,https://d-fendsolutions.com,https://www.linkedin.com/company/d-fend-solutions,https://www.linkedin.com/company/d-fend-solutions,,low
Dedrone,dedrone.com,https://dedrone.com,https://www.linkedin.com/company/dedrone,Counter-UAS / Security,high
Deep Trekker,deeptrekker.com,https://deeptrekker.com,https://www.linkedin.com/company/deep-trekker,Hardware,high
Delair,delair.aero,https://delair.aero,https://www.linkedin.com/company/delair,Inspection,high
Delair Africa,https://delair.aero,https://www.linkedin.com/company/delair,,,
DelivAir,delivair.ai,https://delivair.ai,https://www.linkedin.com/company/delivair,Logistics (Delivery / BVLOS Ops),high
Delivrone Systems EU,delivrone.com,https://delivrone.com,https://www.linkedin.com/company/delivrone,Logistics (Delivery / BVLOS Ops),high
Deveron UAS,https://deveronuas.com,https://www.linkedin.com/company/deveron-uas,https://www.linkedin.com/company/deveron-uas,,high
DFS Deutsche Flugsicherung UAS,dfs.de,https://dfs.de,https://www.linkedin.com/company/dfs-deutsche-flugsicherung,Software & Autonomy,high
DJI,dji.com,https://www.dji.com,https://www.linkedin.com/company/dji,Hardware,high
DJI Technology Co Ltd,https://www.dji.com,https://www.linkedin.com/company/dji,,,
Doosan Mobility Innovation,dmicorp.com,https://dmicorp.com,https://www.linkedin.com/company/doosan-mobility-innovation,Hardware,high
Doosan Mobility Innovation Europe,https://dmicorp.com,https://www.linkedin.com/company/doosan-mobility-innovation,,,
Draganfly,draganfly.com,https://draganfly.com,https://www.linkedin.com/company/draganfly,Hardware,high
Dronamics,dronamics.com,https://dronamics.com,https://www.linkedin.com/company/dronamics,Logistics (Delivery / BVLOS Ops),high
Dronamics Cargo,https://dronamics.com,https://www.linkedin.com/company/dronamics,,,
Drone Ag,https://droneag.com,https://www.linkedin.com/company/drone-ag,https://www.linkedin.com/company/drone-ag,,high
Drone Delivery Canada,dronedeliverycanada.com,https://dronedeliverycanada.com,https://www.linkedin.com/company/drone-delivery-canada,Logistics (Delivery / BVLOS Ops),high
Drone Delivery Canada Corp,https://dronedeliverycanada.com,https://www.linkedin.com/company/drone-delivery-canada,,,
Drone Delivery Services,dronedeliveryservices.com,https://dronedeliveryservices.com,https://www.linkedin.com/company/drone-delivery-services,Logistics (Delivery / BVLOS Ops),high
Drone Entry,droneentry.com,https://droneentry.com,https://www.linkedin.com/company/drone-entry,Software & Autonomy,high
Drone Fleet,dronefleet.com,https://dronefleet.com,https://www.linkedin.com/company/drone-fleet,Software & Autonomy,high
Drone Harmony,droneharmony.com,https://droneharmony.com,https://www.linkedin.com/company/drone-harmony,Software & Autonomy,high
Drone Insurance EU,droneinsurance.eu,https://droneinsurance.eu,https://www.linkedin.com/company/drone-insurance-eu,Training & Services,high
Drone Interactive Systems,droneinteractive.com,https://droneinteractive.com,https://www.linkedin.com/company/drone-interactive,Training & Services,high
Drone Pilot Ground School,dronepilotgroundschool.com,https://dronepilotgroundschool.com,https://www.linkedin.com/company/drone-pilot-ground-school,Training & Services,high
Drone Racing League,thedroneracingleague.com,https://thedroneracingleague.com,https://www.linkedin.com/company/drone-racing-league,Training & Services,high
Drone Security Services,dronesecurityservices.com,https://dronesecurityservices.com,https://www.linkedin.com/company/drone-security-services,Counter-UAS / Security,high
Drone Services Canada Systems,droneservicescanada.ca,https://droneservicescanada.ca,https://www.linkedin.com/company/drone-services-canada,Inspection (Energy / Infrastructure),high
Drone Solutions Ireland,dronesolutionsireland.com,https://dronesolutionsireland.com,https://www.linkedin.com/company/drone-solutions-ireland,Inspection (Energy / Infrastructure),high
Drone Survey Canada,https://dronesurveycanada.com,https://www.linkedin.com/company/drone-survey-canada,https://www.linkedin.com/company/drone-survey-canada,,high
Drone Works Ireland,droneworksireland.com,https://droneworksireland.com,https://www.linkedin.com/company/drone-works-ireland,Inspection (Energy / Infrastructure),high
Drone Works Studio,droneworks.studio,https://droneworks.studio,https://www.linkedin.com/company/droneworks,Training & Services,high
DroneBase,dronebase.com,https://dronebase.com,https://www.linkedin.com/company/dronebase,Inspection (Energy / Infrastructure),high
DroneDeploy,dronedeploy.com,https://www.dronedeploy.com,https://www.linkedin.com/company/dronedeploy,Software & Autonomy,high
Dronegenuity,dronegenuity.com,https://dronegenuity.com,https://www.linkedin.com/company/dronegenuity,Inspection (Energy / Infrastructure),high
DroneGrid,dronegrid.com,https://dronegrid.com,https://www.linkedin.com/company/dronegrid,Software & Autonomy,high
DroneLogbook,dronelogbook.com,https://dronelogbook.com,https://www.linkedin.com/company/dronelogbook,Software & Autonomy,high
DroneMapper,https://dronemapper.com,https://www.linkedin.com/company/dronemapper,https://www.linkedin.com/company/dronemapper,,high
DroneNerds,dronenerds.com,https://dronenerds.com,https://www.linkedin.com/company/dronenerds,Training & Services,high
DroneSec Intelligence EU,dronesec.com,https://dronesec.com,https://www.linkedin.com/company/dronesec,Counter-UAS / Security,high
DroneSeed,https://droneseed.com,https://www.linkedin.com/company/droneseed,https://www.linkedin.com/company/droneseed,,high
DroneSmart Analytics,dronesmartx.com,https://dronesmartx.com,https://www.linkedin.com/company/dronesmartx,Software & Autonomy,high
DroneTalks,dronetalks.online,https://dronetalks.online,https://www.linkedin.com/company/drone-talks,Training & Services,high
DroneUp,droneup.com,https://droneup.com,https://www.linkedin.com/company/droneup,Logistics (Delivery / BVLOS Ops),high
DroneUp Logistics,https://droneup.com,https://www.linkedin.com/company/droneup,,,
DroneXtend,dronextend.com,https://dronextend.com,https://www.linkedin.com/company/dronextend,Inspection (Energy / Infrastructure),high
Droniq (DFS + Deutsche Telekom JV),droniq.de,https://droniq.de,https://www.linkedin.com/company/droniq,Software & Autonomy,high
EagleHawk,https://eaglehawk.com.au,https://www.linkedin.com/company/eaglehawk,https://www.linkedin.com/company/eaglehawk,,low
Easy Aerial,easyaerial.com,https://easyaerial.com,https://www.linkedin.com/company/easy-aerial,Counter-UAS / Security,high
Easy Aerial Inc,https://easyaerial.com,https://www.linkedin.com/company/easy-aerial,,,
EHang,ehang.com,https://ehang.com,https://www.linkedin.com/company/ehang,Hardware,high
EHang Intelligent Equipment,https://ehang.com,https://www.linkedin.com/company/ehang,,,
Elbit Systems,elbitsystems.com,https://elbitsystems.com,https://www.linkedin.com/company/elbit-systems,Defense,high
ElevonX,https://elevonx.com,https://www.linkedin.com/company/elevonx,https://www.linkedin.com/company/elevonx,,low
Elistair,elistair.com,https://elistair.com,https://www.linkedin.com/company/elistair,Hardware,high
Elistair North America,https://elistair.com,https://www.linkedin.com/company/elistair,,,
Elroy Air,elroyair.com,https://elroyair.com,https://www.linkedin.com/company/elroy-air,Logistics (Delivery / BVLOS Ops),high
Elroy Air Logistics,https://elroyair.com,https://www.linkedin.com/company/elroy-air,,,
Embention,embention.com,https://embention.com,https://www.linkedin.com/company/embention,Software & Autonomy,high
Emesent,emesent.com,https://emesent.com,https://www.linkedin.com/company/emesent,Inspection (Energy / Infrastructure),high
Emesent Pty Ltd,https://emesent.com,https://www.linkedin.com/company/emesent,,,
EuroUSC Italia,eurousc-italia.it,https://eurousc-italia.it,https://www.linkedin.com/company/eurousc-italia,Training & Services,high
Event 38 Unmanned Systems,event38.com,https://event38.com,https://www.linkedin.com/company/event-38-unmanned-systems,Hardware,high
Exyn Technologies,exyn.com,https://exyn.com,https://www.linkedin.com/company/exyn-technologies,Software & Autonomy,high
Exyn Technologies Inc,https://exyn.com,https://www.linkedin.com/company/exyn-technologies,,,
Field Group AS,https://field.group,https://www.linkedin.com/company/field-group-as,https://www.linkedin.com/company/field-group-as,,low
FIXAR,fixar.pro,https://fixar.pro,https://www.linkedin.com/company/fixar,Hardware,high
FIXAR Global,https://fixar.pro,https://www.linkedin.com/company/fixar,,,
Flyability (Elios team),flyability.com,https://www.flyability.com,https://www.linkedin.com/company/flyability,Inspection (Energy / Infrastructure),high
Flyability SA,https://www.flyability.com,https://www.linkedin.com/company/flyability,,,
Flyguys,flyguys.com,https://flyguys.com,https://www.linkedin.com/company/flyguys,Inspection (Energy / Infrastructure),high
FlyGuys Europe,https://flyguys.com,https://www.linkedin.com/company/flyguys,,,
Flylogix,flylogix.com,https://flylogix.com,https://www.linkedin.com/company/flylogix,Inspection (Energy / Infrastructure),high
Flylogix Norway,https://flylogix.com,https://www.linkedin.com/company/flylogix,,,
Flymotion,flymotionus.com,https://flymotionus.com,https://www.linkedin.com/company/flymotion,Training & Services,high
FlyTech UAV,https://flytechuav.com,https://www.linkedin.com/company/flytech-uav,https://www.linkedin.com/company/flytech-uav,,high
Flytrex,flytrex.com,https://flytrex.com,https://www.linkedin.com/company/flytrex,Logistics (Delivery / BVLOS Ops),high
Flytrex Aviation,https://flytrex.com,https://www.linkedin.com/company/flytrex,,,
Fortem Technologies,fortemtech.com,https://fortemtech.com,https://www.linkedin.com/company/fortem-technologies,Counter-UAS / Security,high
Freefly Systems,freeflysystems.com,https://freeflysystems.com,https://www.linkedin.com/company/freefly-systems,Hardware,high
Freefly Systems Inc,https://freeflysystems.com,https://www.linkedin.com/company/freefly-systems,,,
Frequentis,frequentis.com,https://frequentis.com,https://www.linkedin.com/company/frequentis,Software & Autonomy,high
General Atomics Aeronautical Systems,ga-asi.com,https://www.ga-asi.com,https://www.linkedin.com/company/general-atomics-aeronautical-systems,Defense,high
GeoCue,geocue.com,https://geocue.com,https://www.linkedin.com/company/geocue,Mapping & Surveying,high
Ghost Robotics,ghostrobotics.io,https://ghostrobotics.io,https://www.linkedin.com/company/ghost-robotics,Hardware,high
GMV,gmv.com,https://gmv.com,https://www.linkedin.com/company/gmv,Software & Autonomy,high
H3 Dynamics,h3dynamics.com,https://h3dynamics.com,https://www.linkedin.com/company/h3-dynamics,Hardware,high
H3 Dynamics Asia,https://h3dynamics.com,https://www.linkedin.com/company/h3-dynamics,,,
Heliguy,heliguy.com,https://heliguy.com,https://www.linkedin.com/company/heliguy,Training & Services,high
Hensoldt,hensoldt.net,https://hensoldt.net,https://www.linkedin.com/company/hensoldt,Defense,high
Hitec Commercial Solutions,hiteccs.com,https://hiteccs.com,https://www.linkedin.com/company/hitec-commercial-solutions,Hardware,high
Hoverfly Technologies,hoverflytech.com,https://hoverflytech.com,https://www.linkedin.com/company/hoverfly-technologies,Hardware,high
HUVRdata,https://huvrdata.com,https://www.linkedin.com/company/huvrdata,https://www.linkedin.com/company/huvrdata,,low
IdeaForge,ideaforgetech.com,https://ideaforgetech.com,https://www.linkedin.com/company/ideaforge,Defense,high
Identified Technologies,identifiedtech.com,https://identifiedtech.com,https://www.linkedin.com/company/identified-technologies,Inspection (Energy / Infrastructure),high
Impossible Aerospace,impossible.aero,https://impossible.aero,https://www.linkedin.com/company/impossible-aerospace,Hardware,high
Indra Sistemas,indra.es,https://indra.es,https://www.linkedin.com/company/indra,Defense,high
Industrial SkyWorks,https://industrialskyworks.com,https://www.linkedin.com/company/industrial-skyworks,https://www.linkedin.com/company/industrial-skyworks,,low
Insitu (Boeing subsidiary),insitu.com,https://www.insitu.com,https://www.linkedin.com/company/insitu-inc,Defense,high
Inspired Flight,inspiredflight.com,https://inspiredflight.com,https://www.linkedin.com/company/inspired-flight,Hardware,high
Inspired Flight Technologies,https://inspiredflight.com,https://www.linkedin.com/company/inspired-flight,,,
Intelinair,intelinair.com,https://intelinair.com,https://www.linkedin.com/company/intelinair,Inspection (Energy / Infrastructure),high
Israel Aerospace Industries (IAI),iai.co.il,https://iai.co.il,https://www.linkedin.com/company/israel-aerospace-industries,Defense,high
Joby Aviation,jobyaviation.com,https://www.jobyaviation.com,https://www.linkedin.com/company/joby-aviation,Hardware,high
Joby Aviation Systems,https://www.jobyaviation.com,https://www.linkedin.com/company/joby-aviation,,,
JOUAV,jouav.com,https://jouav.com,https://www.linkedin.com/company/jouav,Hardware,high
JOUAV Industrial Drones,https://jouav.com,https://www.linkedin.com/company/jouav,,,
Kespry,kespry.com,https://kespry.com,https://www.linkedin.com/company/kespry,Inspection (Energy / Infrastructure),high
Kespry Analytics,https://kespry.com,https://www.linkedin.com/company/kespry,,,
Kratos Defense,kratosdefense.com,https://www.kratosdefense.com,https://www.linkedin.com/company/kratos-defense,Defense,high
L3Harris Technologies,l3harris.com,https://l3harris.com,https://www.linkedin.com/company/l3harris-technologies,Defense,high
Leonardo,leonardo.com,https://www.leonardo.com,https://www.linkedin.com/company/leonardo-company,Defense,high
Lilium,lilium.com,https://lilium.com,https://www.linkedin.com/company/lilium-aviation,Hardware,high
Lilium Jet Systems,https://lilium.com,https://www.linkedin.com/company/lilium-aviation,,,
Lockheed Martin,lockheedmartin.com,https://www.lockheedmartin.com,https://www.linkedin.com/company/lockheed-martin,Defense,high
Lufthansa Technik,lufthansa-technik.com,https://lufthansa-technik.com,https://www.linkedin.com/company/lufthansa-technik,Inspection (Energy / Infrastructure),high
Manna Aero Delivery,https://manna.aero,https://www.linkedin.com/company/manna-drone-delivery,,,
Manna Drone Delivery,manna.aero,https://manna.aero,https://www.linkedin.com/company/manna-drone-delivery,Logistics (Delivery / BVLOS Ops),high
Martek Aviation,https://martekaviation.com,https://www.linkedin.com/company/martek-aviation,https://www.linkedin.com/company/martek-aviation,,low
Matternet,mttr.net,https://mttr.net,https://www.linkedin.com/company/matternet-inc,Logistics (Delivery / BVLOS Ops),high
Matternet Systems,https://mttr.net,https://www.linkedin.com/company/matternet-inc,,,
MBDA,mbda-systems.com,https://mbda-systems.com,https://www.linkedin.com/company/mbda,Defense,high
Measure Global Ops,https://measure.com,https://www.linkedin.com/company/measure-uav,,,
Measure UAS,measure.com,https://www.measure.com,https://www.linkedin.com/company/measure-uav,Inspection (Energy / Infrastructure),high
MMC UAV,mmcuav.com,https://mmcuav.com,https://www.linkedin.com/company/mmc-uav,Hardware,high
MMC UAV Technology,https://mmcuav.com,https://www.linkedin.com/company/mmc-uav,,,
Nearmap Analytics,nearmap.com,https://nearmap.com,https://www.linkedin.com/company/nearmap,Mapping & Surveying,high
Nearthlab,nearthlab.com,https://nearthlab.com,https://www.linkedin.com/company/nearthlab,Inspection (Energy / Infrastructure),high
Nearthlab Europe,https://nearthlab.com,https://www.linkedin.com/company/nearthlab,,,
Northrop Grumman,northropgrumman.com,https://www.northropgrumman.com,https://www.linkedin.com/company/northrop-grumman,Defense,high
Ondas Networks / American Robotics,ondas.com,https://ondas.com,https://www.linkedin.com/company/ondas-networks,Inspection (Energy / Infrastructure),high
OneSky Systems,onesky.xyz,https://onesky.xyz,https://www.linkedin.com/company/onesky,Software & Autonomy,high
OpenWorks Engineering,openworksengineering.com,https://openworksengineering.com,https://www.linkedin.com/company/openworks-engineering,Counter-UAS / Security,high
Parrot,parrot.com,https://www.parrot.com,https://www.linkedin.com/company/parrot,Hardware,high
Parrot Drones SAS,https://www.parrot.com,https://www.linkedin.com/company/parrot,,,
PDW (Performance Drone Works),pdw.ai,https://pdw.ai,https://www.linkedin.com/company/performance-drone-works,Defense,high
PerceptIn,perceptin.io,https://perceptin.io,https://www.linkedin.com/company/perceptin,Software & Autonomy,high
Percepto Robotics,percepto.co,https://percepto.co,https://www.linkedin.com/company/percepto,Inspection (Energy / Infrastructure),high
Phoenix LiDAR Systems,https://phoenixlidar.com,https://www.linkedin.com/company/phoenix-lidar-systems,https://www.linkedin.com/company/phoenix-lidar-systems,,medium
Pix4D,pix4d.com,https://pix4d.com,https://www.linkedin.com/company/pix4d,Mapping & Surveying,high
Precision AI,https://precision.ai,https://www.linkedin.com/company/precision-ai,https://www.linkedin.com/company/precision-ai,,low
PrecisionHawk,precisionhawk.com,https://precisionhawk.com,https://www.linkedin.com/company/precisionhawk,Inspection (Energy / Infrastructure),high
Propeller Aero,propelleraero.com,https://propelleraero.com,https://www.linkedin.com/company/propeller-aero,Mapping & Surveying,high
Pyka,pyka.com,https://pyka.com,https://www.linkedin.com/company/pyka,Hardware,high
Pyka Agriculture,https://pyka.com,https://www.linkedin.com/company/pyka,,,
QinetiQ,qinetiq.com,https://qinetiq.com,https://www.linkedin.com/company/qinetiq,Defense,high
Quantum Systems,quantum-systems.com,https://quantum-systems.com,https://www.linkedin.com/company/quantum-systems-gmbh,Defense,high
Quantum-Systems Inc (US branch),https://quantum-systems.com,https://www.linkedin.com/company/quantum-systems-gmbh,,,
Raytheon Technologies,rtx.com,https://rtx.com,https://www.linkedin.com/company/raytheon-technologies,Defense,high
Red Cat Holdings,redcat.red,https://redcat.red,https://www.linkedin.com/company/red-cat-holdings,Defense,high
Redbird (Airware legacy ops),https://redbirdflight.com,https://www.linkedin.com/company/redbird-flight,https://www.linkedin.com/company/redbird-flight,,medium
Reliable Robotics,reliable.co,https://reliable.co,https://www.linkedin.com/company/reliable-robotics,Software & Autonomy,high
Reliable Robotics Systems,https://reliable.co,https://www.linkedin.com/company/reliable-robotics,,,
Rheinmetall,rheinmetall.com,https://rheinmetall.com,https://www.linkedin.com/company/rheinmetall,Defense,high
RigiTech,rigi.tech,https://rigi.tech,https://www.linkedin.com/company/rigitech,Logistics (Delivery / BVLOS Ops),high
RigiTech Drone Logistics,https://rigi.tech,https://www.linkedin.com/company/rigitech,,,
RMUS (Rocky Mountain Unmanned Systems),rmus.com,https://rmus.com,https://www.linkedin.com/company/rmus,Training & Services,high
Robin Radar Systems,robinradar.com,https://robinradar.com,https://www.linkedin.com/company/robin-radar-systems,Counter-UAS / Security,high
Robodrone,https://robodrone.com,https://www.linkedin.com/company/robodrone,https://www.linkedin.com/company/robodrone,,high
Robotnik Automation,robotnik.eu,https://robotnik.eu,https://www.linkedin.com/company/robotnik-automation,Hardware,high
Routescene,https://routescene.com,https://www.linkedin.com/company/routescene,https://www.linkedin.com/company/routescene,,low
Saab,saab.com,https://www.saab.com,https://www.linkedin.com/company/saab,Defense,high
Sabrewing Aircraft,https://sabrewingaircraft.com,https://www.linkedin.com/company/sabrewing-aircraft-company,,,
Sabrewing Aircraft Company,sabrewingaircraft.com,https://sabrewingaircraft.com,https://www.linkedin.com/company/sabrewing-aircraft-company,Logistics (Delivery / BVLOS Ops),high
Safran Electronics & Defense,safran-group.com,https://safran-group.com,https://www.linkedin.com/company/safran,Defense,high
Sagetech Avionics,sagetech.com,https://sagetech.com,https://www.linkedin.com/company/sagetech-avionics,Hardware,high
Schiebel,schiebel.net,https://schiebel.net,https://www.linkedin.com/company/schiebel,Defense,high
senseFly SA,https://www.sensefly.com,https://www.linkedin.com/company/sensefly,https://www.linkedin.com/company/sensefly,,low
Sensofusion,sensofusion.com,https://sensofusion.com,https://www.linkedin.com/company/sensofusion,Counter-UAS / Security,high
Sentera,https://sentera.com,https://www.linkedin.com/company/sentera,https://www.linkedin.com/company/sentera,,low
Shareridge Drone Services,https://shareridge.ie,https://www.linkedin.com/company/shareridge,https://www.linkedin.com/company/shareridge,,high
Shield AI,shield.ai,https://shield.ai,https://www.linkedin.com/company/shield-ai,Defense,high
Silent Arrow,silent-arrow.com,https://silent-arrow.com,https://www.linkedin.com/company/silent-arrow,Logistics (Delivery / BVLOS Ops),high
SimActive,simactive.com,https://simactive.com,https://www.linkedin.com/company/simactive,Mapping & Surveying,high
Sky-Futures,sky-futures.com,https://sky-futures.com,https://www.linkedin.com/company/sky-futures,Inspection (Energy / Infrastructure),high
Sky-Futures USA,https://sky-futures.com,https://www.linkedin.com/company/sky-futures,,,
Skycart,skycartsystems.com,https://skycartsystems.com,https://www.linkedin.com/company/skycartsystems,Logistics (Delivery / BVLOS Ops),high
Skycart Systems Inc,https://skycartsystems.com,https://www.linkedin.com/company/skycartsystems,,,
Skycatch,skycatch.com,https://skycatch.com,https://www.linkedin.com/company/skycatch,Mapping & Surveying,high
Skycision,https://skycision.com,https://www.linkedin.com/company/skycision,https://www.linkedin.com/company/skycision,,low
Skydio,skydio.com,https://www.skydio.com,https://www.linkedin.com/company/skydio,Hardware,high
Skydio Inc,https://www.skydio.com,https://www.linkedin.com/company/skydio,,,
SkyDrive,skydrive2020.com,https://skydrive2020.com,https://www.linkedin.com/company/skydrive,Hardware,high
SkyDrive Inc,https://skydrive2020.com,https://www.linkedin.com/company/skydrive,,,
Skydweller Aero,skydweller.aero,https://skydweller.aero,https://www.linkedin.com/company/skydweller-aero,Hardware,high
Skydweller Aero Solar,https://skydweller.aero,https://www.linkedin.com/company/skydweller-aero,,,
Skyfire Consulting,skyfireconsulting.com,https://skyfireconsulting.com,https://www.linkedin.com/company/skyfire-consulting,Training & Services,high
Skyfish,skyfish.ai,https://skyfish.ai,https://www.linkedin.com/company/skyfish,Hardware,high
Skyfish Inc,https://skyfish.ai,https://www.linkedin.com/company/skyfish,,,
Skyfront,skyfront.com,https://skyfront.com,https://www.linkedin.com/company/skyfront,Hardware,high
SkyGrid,https://skygrid.com,https://www.linkedin.com/company/skygrid,https://www.linkedin.com/company/skygrid,,low
Skyports,skyports.net,https://skyports.net,https://www.linkedin.com/company/skyports,Logistics (Delivery / BVLOS Ops),high
Skyports Drone Services,https://skyports.net,https://www.linkedin.com/company/skyports,,,
SkyScape Industries,https://skyscapeindustries.com,https://www.linkedin.com/company/skyscape-industries,https://www.linkedin.com/company/skyscape-industries,,low
Skyward (Verizon),skyward.io,https://skyward.io,https://www.linkedin.com/company/verizon-skyward,Software & Autonomy,high
SkyX,skyx.com,https://skyx.com,https://www.linkedin.com/company/skyx,Inspection (Energy / Infrastructure),high
Space53,space53.nl,https://space53.nl,https://www.linkedin.com/company/space53,Training & Services,high
Squarehead Technology,squarehead.com,https://squarehead.com,https://www.linkedin.com/company/squarehead-technology,Counter-UAS / Security,high
SwissDrones,swissdrones.com,https://swissdrones.com,https://www.linkedin.com/company/swissdrones,Logistics (Delivery / BVLOS Ops),high
Swoop Aero,swoop.aero,https://swoop.aero,https://www.linkedin.com/company/swoop-aero,Logistics (Delivery / BVLOS Ops),high
Swoop Aero Medical Delivery,https://swoop.aero,https://www.linkedin.com/company/swoop-aero,,,
Teal Drones (Red Cat),tealdrones.com,https://tealdrones.com,https://www.linkedin.com/company/teal-drones,Defense,high
Tekever,tekever.com,https://tekever.com,https://www.linkedin.com/company/tekever,Defense,high
Teledyne FLIR,flir.com,https://www.flir.com,https://www.linkedin.com/company/flir-systems,Hardware,high
Terra Drone Arabia,https://terra-drone.com.sa,https://www.linkedin.com/company/terra-drone-arabia,https://www.linkedin.com/company/terra-drone-arabia,,high
Terra Drone Indonesia,https://terra-drone.co.id,https://www.linkedin.com/company/terra-drone-indonesia,https://www.linkedin.com/company/terra-drone-indonesia,,high
Terra Inspectioneering,terrainsp.com,https://terrainsp.com,https://www.linkedin.com/company/terra-inspectioneering,Inspection (Energy / Infrastructure),high
Thales,thalesgroup.com,https://www.thalesgroup.com,https://www.linkedin.com/company/thales,Defense,high
UAV America,https://uavamerica.com,https://www.linkedin.com/company/uav-america,https://www.linkedin.com/company/uav-america,,high
UAV Coach,uavcoach.com,https://uavcoach.com,https://www.linkedin.com/company/uav-coach,Training & Services,high
UAV Factory,uavfactory.com,https://www.uavfactory.com,https://www.linkedin.com/company/uav-factory,Hardware,high
UAV Navigation (Grupo Oesía),uavnavigation.com,https://uavnavigation.com,https://www.linkedin.com/company/uav-navigation,Software & Autonomy,high
UAV Works,https://uavworks.com,https://www.linkedin.com/company/uav-works,https://www.linkedin.com/company/uav-works,,high
UAVenture,uaventure.com,https://uaventure.com,https://www.linkedin.com/company/uaventure,Inspection (Energy / Infrastructure),high
uAvionix,uavionix.com,https://uavionix.com,https://www.linkedin.com/company/uavionix,Hardware,high
UAVIQ,uaviq.com,https://uaviq.com,https://www.linkedin.com/company/uaviq,Inspection (Energy / Infrastructure),high
UAVOS,uavos.com,https://uavos.com,https://www.linkedin.com/company/uavos,Hardware,high
UgCS (SPH Engineering),ugcs.com,https://ugcs.com,https://www.linkedin.com/company/sph-engineering,Software & Autonomy,high
Ukrspecsystems Group,ukrspecsystems.com,https://ukrspecsystems.com,https://www.linkedin.com/company/ukrspecsystems,Defense,high
Unifly,unifly.aero,https://unifly.aero,https://www.linkedin.com/company/unifly,Software & Autonomy,high
Unitree Robotics,unitree.com,https://unitree.com,https://www.linkedin.com/company/unitree-robotics,Hardware,high
Unmanned Life,unmanned.life,https://unmanned.life,https://www.linkedin.com/company/unmanned-life,Software & Autonomy,high
Unmanned Valley,unmannedvalley.nl,https://unmannedvalley.nl,https://www.linkedin.com/company/unmanned-valley,Training & Services,high
Vertical Aerospace,vertical-aerospace.com,https://vertical-aerospace.com,https://www.linkedin.com/company/vertical-aerospace,Hardware,high
Vertical Aerospace Ltd,https://vertical-aerospace.com,https://www.linkedin.com/company/vertical-aerospace,,,
Volansi,volansi.com,https://volansi.com,https://www.linkedin.com/company/volansi,Logistics (Delivery / BVLOS Ops),high
Volatus Aerospace Corp,https://volatusaerospace.com,https://www.linkedin.com/company/volatus-aerospace,https://www.linkedin.com/company/volatus-aerospace,,medium
Volocopter,volocopter.com,https://www.volocopter.com,https://www.linkedin.com/company/volocopter,Hardware,high
Volocopter GmbH,https://www.volocopter.com,https://www.linkedin.com/company/volocopter,,,
Wing,wing.com,https://wing.com,https://www.linkedin.com/company/wing-,Logistics (Delivery / BVLOS Ops),high
Wingcopter,wingcopter.com,https://wingcopter.com,https://www.linkedin.com/company/wingcopter,Logistics (Delivery / BVLOS Ops),high
Wingcopter GmbH,https://wingcopter.com,https://www.linkedin.com/company/wingcopter,,,
WingXpand,https://wingxpand.com,https://www.linkedin.com/company/wingxpand,https://www.linkedin.com/company/wingxpand,,low
XAG,https://xag.com,https://www.linkedin.com/company/xag,https://www.linkedin.com/company/xag,,low
Xwing,xwing.com,https://xwing.com,https://www.linkedin.com/company/xwing,Software & Autonomy,high
Xwing Autonomous Aviation,https://xwing.com,https://www.linkedin.com/company/xwing,,,
Yuneec,yuneec.com,https://yuneec.com,https://www.linkedin.com/company/yuneec-international,Hardware,high
Yuneec International,https://yuneec.com,https://www.linkedin.com/company/yuneec-international,,,
Zero Zero Robotics,zerorobotics.io,https://zerorobotics.io,https://www.linkedin.com/company/zero-zero-robotics,Hardware,high
Zero Zero Robotics Inc,https://zerorobotics.io,https://www.linkedin.com/company/zero-zero-robotics,,,
Zipline,flyzipline.com,https://flyzipline.com,https://www.linkedin.com/company/flyzipline,Logistics (Delivery / BVLOS Ops),high
Zipline International,https://flyzipline.com,https://www.linkedin.com/company/flyzipline,,,
