company_name,job_slug,resolved_primary_slug,bucket_before,bucket_after,master_csv_company,master_csv_domain,registry_company_name,registry_domain,suggested_Company,suggested_domain,suggested_full_url,suggested_LinkedIn,suggested_Category,suggested_confidence_flag
24hourhomecare,24hourhomecare,24hourhomecare,missing_enrichment_row,missing_enrichment_row,,,,,24hourhomecare,,,,,
360learning,360learning,360learning,missing_enrichment_row,missing_enrichment_row,,,,,360learning,,,,,
90seconds,90seconds,90seconds,missing_enrichment_row,missing_enrichment_row,,,,,90seconds,,,,,
AbbVie,abbvie,abbvie,missing_enrichment_row,missing_enrichment_row,,,,,AbbVie,,,,,
Abridge,abridge,abridge,missing_enrichment_row,missing_enrichment_row,,,,,Abridge,,,,,
Achievers,achievers,achievers,missing_master_row,missing_master_row,,,,,Achievers,,,,,
Adforge Corporation,adforge-corporation,adforge-corporation,missing_enrichment_row,missing_enrichment_row,,,,,Adforge Corporation,,,,,
Aerones,aerones,aerones,missing_enrichment_row,has_logo_working,Aerones,aerones.com,Aerones,aerones.com,Aerones,aerones.com,https://aerones.com,https://www.linkedin.com/company/aerones,Inspection (Energy / Infrastructure),high
Aerovect,aerovect,aerovect,missing_master_row,missing_master_row,,,,,Aerovect,,,,,
Aetherflux,aetherflux,aetherflux,missing_enrichment_row,missing_enrichment_row,,,,,Aetherflux,,,,,
Aeva,aeva,aeva,missing_enrichment_row,missing_enrichment_row,,,,,Aeva,,,,,
Aevexaerospace,aevexaerospace,aevexaerospace,has_logo_working,has_logo_working,,,,,Aevexaerospace,,,,,
Ageo,ageo,ageo,missing_enrichment_row,missing_enrichment_row,,,,,Ageo,,,,,
Agerpoint,agerpoint,agerpoint,missing_enrichment_row,missing_enrichment_row,,,,,Agerpoint,,,,,
Agilityrobotics,agilityrobotics,agilityrobotics,missing_enrichment_row,missing_enrichment_row,,,,,Agilityrobotics,,,,,
AI Adam,ai-adam,ai-adam,missing_enrichment_row,missing_enrichment_row,,,,,AI Adam,,,,,
Ai Robot Association,ai-robot-association,ai-robot-association,missing_enrichment_row,missing_enrichment_row,,,,,Ai Robot Association,,,,,
Aim,aim,aim,missing_enrichment_row,missing_enrichment_row,,,,,Aim,,,,,
Airbound,airbound,airbound,missing_master_row,missing_master_row,,,,,Airbound,,,,,
Airbus Aerial,airbus-aerial,airbus-aerial,missing_enrichment_row,missing_enrichment_row,,,,,Airbus Aerial,,,,,
Airops,airops,airops,missing_enrichment_row,missing_enrichment_row,,,,,Airops,,,,,
Ajax,ajax,ajax,missing_enrichment_row,missing_enrichment_row,,,,,Ajax,,,,,
Alaro City,alaro-city,alaro-city,missing_enrichment_row,missing_enrichment_row,,,,,Alaro City,,,,,
Aleph,aleph,aleph,missing_enrichment_row,missing_enrichment_row,,,,,Aleph,,,,,
Alpineeagle,alpineeagle,alpineeagle,missing_master_row,missing_master_row,,,,,Alpineeagle,,,,,
Alta Ares,alta-ares,alta-ares,missing_master_row,missing_master_row,,,,,Alta Ares,,,,,
Altentechnologyusa,altentechnologyusa,altentechnologyusa,missing_master_row,missing_master_row,,,,,Altentechnologyusa,,,,,
Altura,altura,altura,missing_enrichment_row,missing_enrichment_row,,,,,Altura,,,,,
Anavationllc,anavationllc,anavationllc,missing_enrichment_row,missing_enrichment_row,,,,,Anavationllc,,,,,
Andromeda Robotics,andromeda-robotics,andromeda-robotics,missing_enrichment_row,missing_enrichment_row,,,,,Andromeda Robotics,,,,,
Anduril,anduril,anduril,has_logo_working,has_logo_working,,,Anduril Industries,anduril.com,Anduril Industries,anduril.com,https://www.anduril.com/,https://www.linkedin.com/company/andurilindustries,Defense,high
AngellEchoMagikid,angellechomagikid,angellechomagikid,missing_enrichment_row,missing_enrichment_row,,,,,AngellEchoMagikid,,,,,
Antares,antares,antares,missing_enrichment_row,missing_enrichment_row,,,,,Antares,,,,,
Anybotics,anybotics,anybotics,has_logo_working,has_logo_working,ANYbotics,anybotics.com,ANYbotics,anybotics.com,ANYbotics,anybotics.com,https://anybotics.com,https://www.linkedin.com/company/anybotics,Hardware,high
Aoc Global Services,aoc-global-services,aoc-global-services,missing_master_row,missing_master_row,,,,,Aoc Global Services,,,,,
Appliedintuition,appliedintuition,appliedintuition,missing_master_row,missing_master_row,,,,,Appliedintuition,,,,,
Applydigital,applydigital,applydigital,missing_enrichment_row,missing_enrichment_row,,,,,Applydigital,,,,,
Apptronik,apptronik,apptronik,missing_enrichment_row,missing_enrichment_row,,,,,Apptronik,,,,,
Aquabyte,aquabyte,aquabyte,missing_enrichment_row,missing_enrichment_row,,,,,Aquabyte,,,,,
Araic,araic,araic,missing_enrichment_row,missing_enrichment_row,,,,,Araic,,,,,
Arch Aerial Llc,arch-aerial-llc,arch-aerial-llc,missing_enrichment_row,missing_enrichment_row,,,,,Arch Aerial Llc,,,,,
Arraylabs.Io,arraylabs-io,arraylabs-io,missing_enrichment_row,missing_enrichment_row,,,,,Arraylabs.Io,,,,,
Arxlight Ai,arxlight-ai,arxlight-ai,missing_master_row,missing_master_row,,,,,Arxlight Ai,,,,,
Arxroboticsgmbh,arxroboticsgmbh,arxroboticsgmbh,missing_master_row,missing_master_row,,,,,Arxroboticsgmbh,,,,,
Asylon,asylon,asylon,missing_enrichment_row,missing_enrichment_row,,,,,Asylon,,,,,
Ati Inc,ati-inc,ati-inc,missing_enrichment_row,missing_enrichment_row,,,,,Ati Inc,,,,,
Atlan,atlan,atlan,missing_enrichment_row,missing_enrichment_row,,,,,Atlan,,,,,
Attorneysfriedfrankharrisshriverjacobsonllp,attorneysfriedfrankharrisshriverjacobsonllp,attorneysfriedfrankharrisshriverjacobsonllp,missing_enrichment_row,missing_enrichment_row,,,,,Attorneysfriedfrankharrisshriverjacobsonllp,,,,,
Audinate,audinate,audinate,missing_master_row,missing_master_row,,,,,Audinate,,,,,
Aureliussystems,aureliussystems,aureliussystems,missing_master_row,missing_master_row,,,,,Aureliussystems,,,,,
Aurorainnovation,aurorainnovation,aurorainnovation,missing_master_row,missing_master_row,,,,,Aurorainnovation,,,,,
Autoroboto,autoroboto,autoroboto,missing_enrichment_row,missing_enrichment_row,,,,,Autoroboto,,,,,
Avomind,avomind,avomind,missing_enrichment_row,missing_enrichment_row,,,,,Avomind,,,,,
Axogen,axogen,axogen,missing_enrichment_row,missing_enrichment_row,,,,,Axogen,,,,,
Axon,axon,axon,missing_master_row,missing_master_row,,,,,Axon,,,,,
Backflip.Ai,backflip-ai,backflip-ai,missing_enrichment_row,missing_enrichment_row,,,,,Backflip.Ai,,,,,
Bedrock Robotics,bedrock-robotics,bedrock-robotics,missing_enrichment_row,missing_enrichment_row,,,,,Bedrock Robotics,,,,,
BestgateEngineering,bestgateengineering,bestgateengineering,missing_enrichment_row,missing_enrichment_row,,,,,BestgateEngineering,,,,,
Beta,beta,beta,missing_enrichment_row,has_logo_working,,,Beta Technologies,beta.team,Beta Technologies,beta.team,https://beta.team/,https://www.linkedin.com/company/beta-technologies,Hardware,high
Blacksmith,blacksmith,blacksmith,missing_enrichment_row,missing_enrichment_row,,,,,Blacksmith,,,,,
Bliro,bliro,bliro,missing_enrichment_row,missing_enrichment_row,,,,,Bliro,,,,,
Bos Innovations,bos-innovations,bos-innovations,missing_enrichment_row,missing_enrichment_row,,,,,Bos Innovations,,,,,
Botauto,botauto,botauto,missing_enrichment_row,missing_enrichment_row,,,,,Botauto,,,,,
Bots Unlimited,bots-unlimited,bots-unlimited,missing_enrichment_row,missing_enrichment_row,,,,,Bots Unlimited,,,,,
Boxbot,boxbot,boxbot,missing_enrichment_row,missing_enrichment_row,,,,,Boxbot,,,,,
Breaker,breaker,breaker,missing_master_row,missing_master_row,,,,,Breaker,,,,,
Brightai,brightai,brightai,missing_master_row,missing_master_row,,,,,Brightai,,,,,
Brightmachines,brightmachines,brightmachines,missing_enrichment_row,missing_enrichment_row,,,,,Brightmachines,,,,,
Brinc,brinc,brinc,has_logo_working,has_logo_working,,,BRINC Drones,brincdrones.com,BRINC Drones,brincdrones.com,https://brincdrones.com/,https://www.linkedin.com/company/brinc-drones,Counter-UAS / Security,high
Built Robotics,built-robotics,built-robotics,missing_enrichment_row,missing_enrichment_row,,,,,Built Robotics,,,,,
BuiltRobotics,builtrobotics,builtrobotics,missing_enrichment_row,missing_enrichment_row,,,,,BuiltRobotics,,,,,
C12qe,c12qe,c12qe,missing_enrichment_row,missing_enrichment_row,,,,,C12qe,,,,,
Cabonorte,cabonorte,cabonorte,missing_enrichment_row,missing_enrichment_row,,,,,Cabonorte,,,,,
Callosum,callosum,callosum,missing_enrichment_row,missing_enrichment_row,,,,,Callosum,,,,,
Campfire,campfire,campfire,missing_enrichment_row,missing_enrichment_row,,,,,Campfire,,,,,
Capstan Medical,capstan-medical,capstan-medical,missing_master_row,missing_master_row,,,,,Capstan Medical,,,,,
Cdcfoundation,cdcfoundation,cdcfoundation,missing_enrichment_row,missing_enrichment_row,,,,,Cdcfoundation,,,,,
CesiumAstro,cesiumastro,cesiumastro,missing_enrichment_row,missing_enrichment_row,,,,,CesiumAstro,,,,,
Character,character,character,missing_enrichment_row,missing_enrichment_row,,,,,Character,,,,,
Charge Robotics,charge-robotics,charge-robotics,missing_enrichment_row,missing_enrichment_row,,,,,Charge Robotics,,,,,
ChefRobotics,chefrobotics,chefrobotics,missing_enrichment_row,missing_enrichment_row,,,,,ChefRobotics,,,,,
Clasp Group,clasp-group,clasp-group,missing_enrichment_row,missing_enrichment_row,,,,,Clasp Group,,,,,
Clear Labs,clear-labs,clear-labs,missing_enrichment_row,missing_enrichment_row,,,,,Clear Labs,,,,,
Close,close,close,missing_enrichment_row,missing_enrichment_row,,,,,Close,,,,,
Cloudfactory,cloudfactory,cloudfactory,missing_enrichment_row,missing_enrichment_row,,,,,Cloudfactory,,,,,
Coalition,coalition,coalition,missing_enrichment_row,missing_enrichment_row,,,,,Coalition,,,,,
Cobot,cobot,cobot,missing_enrichment_row,missing_enrichment_row,,,,,Cobot,,,,,
Cocodelivery,cocodelivery,cocodelivery,missing_enrichment_row,missing_enrichment_row,,,,,Cocodelivery,,,,,
Codalinc,codalinc,codalinc,missing_enrichment_row,missing_enrichment_row,,,,,Codalinc,,,,,
Coderabbit,coderabbit,coderabbit,missing_enrichment_row,missing_enrichment_row,,,,,Coderabbit,,,,,
CollectlyInc,collectlyinc,collectlyinc,missing_enrichment_row,missing_enrichment_row,,,,,CollectlyInc,,,,,
Complete Home Care Holdings,complete-home-care-holdings,complete-home-care-holdings,missing_enrichment_row,missing_enrichment_row,,,,,Complete Home Care Holdings,,,,,
Compound Eye,compound-eye,compound-eye,missing_master_row,missing_master_row,,,,,Compound Eye,,,,,
Continua,continua,continua,missing_enrichment_row,missing_enrichment_row,,,,,Continua,,,,,
Continuum Resource Network,continuum-resource-network,continuum-resource-network,missing_enrichment_row,missing_enrichment_row,,,,,Continuum Resource Network,,,,,
CordTechnologies,cordtechnologies,cordtechnologies,missing_master_row,missing_master_row,,,,,CordTechnologies,,,,,
Corelight,corelight,corelight,missing_enrichment_row,missing_enrichment_row,,,,,Corelight,,,,,
Coreweaveu,coreweaveu,coreweaveu,missing_enrichment_row,missing_enrichment_row,,,,,Coreweaveu,,,,,
Cornerstone Research Group Inc,cornerstone-research-group-inc,cornerstone-research-group-inc,missing_enrichment_row,missing_enrichment_row,,,,,Cornerstone Research Group Inc,,,,,
Corvus Robotics,corvus-robotics,corvus-robotics,missing_enrichment_row,missing_enrichment_row,,,,,Corvus Robotics,,,,,
Cosmic Robotics,cosmic-robotics,cosmic-robotics,missing_enrichment_row,missing_enrichment_row,,,,,Cosmic Robotics,,,,,
Critical Energy,critical-energy,critical-energy,missing_enrichment_row,missing_enrichment_row,,,,,Critical Energy,,,,,
Cti,cti,cti,missing_enrichment_row,missing_enrichment_row,,,,,Cti,,,,,
Cti Jobs,cti-jobs,cti-jobs,missing_enrichment_row,missing_enrichment_row,,,,,Cti Jobs,,,,,
Cx2,cx2,cx2,missing_master_row,missing_master_row,,,,,Cx2,,,,,
CycloTech,cyclotech,cyclotech,missing_enrichment_row,missing_enrichment_row,,,,,CycloTech,,,,,
Cyngn,cyngn,cyngn,missing_enrichment_row,missing_enrichment_row,,,,,Cyngn,,,,,
Cyware,cyware,cyware,missing_enrichment_row,missing_enrichment_row,,,,,Cyware,,,,,
D-Fend Solutions,d-fend-solutions,d-fend-solutions,has_logo_working,has_logo_working,D-Fend Solutions,https://d-fendsolutions.com,D-Fend Solutions,d-fendsolutions.com,D-Fend Solutions,https://d-fendsolutions.com,https://www.linkedin.com/company/d-fend-solutions,https://www.linkedin.com/company/d-fend-solutions,,low
Daedalean,daedalean,daedalean,missing_enrichment_row,missing_enrichment_row,,,,,Daedalean,,,,,
Daniels Sharpsmart,daniels-sharpsmart,daniels-sharpsmart,missing_enrichment_row,missing_enrichment_row,,,,,Daniels Sharpsmart,,,,,
Danti.Ai,danti-ai,danti-ai,missing_enrichment_row,missing_enrichment_row,,,,,Danti.Ai,,,,,
Deel,deel,deel,missing_enrichment_row,missing_enrichment_row,,,,,Deel,,,,,
Deeptune,deeptune,deeptune,missing_enrichment_row,missing_enrichment_row,,,,,Deeptune,,,,,
Delian,delian,delian,missing_enrichment_row,missing_enrichment_row,,,,,Delian,,,,,
Density,density,density,missing_enrichment_row,missing_enrichment_row,,,,,Density,,,,,
Destinus,destinus,destinus,missing_master_row,missing_master_row,,,,,Destinus,,,,,
Dexmate,dexmate,dexmate,missing_enrichment_row,missing_enrichment_row,,,,,Dexmate,,,,,
Dexterity,dexterity,dexterity,missing_enrichment_row,missing_enrichment_row,,,,,Dexterity,,,,,
Distributed Spectrum,distributed-spectrum,distributed-spectrum,missing_master_row,missing_master_row,,,,,Distributed Spectrum,,,,,
DroneDeploy,dronedeploy,dronedeploy,has_logo_working,has_logo_working,DroneDeploy,dronedeploy.com,DroneDeploy,dronedeploy.com,DroneDeploy,dronedeploy.com,https://www.dronedeploy.com,https://www.linkedin.com/company/dronedeploy,Software & Autonomy,high
Dronesense,dronesense,dronesense,missing_enrichment_row,missing_enrichment_row,,,,,Dronesense,,,,,
DroneShield,droneshield,droneshield,missing_enrichment_row,missing_enrichment_row,,,,,DroneShield,,,,,
Droneup,droneup,droneup,missing_enrichment_row,has_logo_working,DroneUp,droneup.com,DroneUp,droneup.com,DroneUp,droneup.com,https://droneup.com,https://www.linkedin.com/company/droneup,Logistics (Delivery / BVLOS Ops),high
Dropbox,dropbox,dropbox,missing_enrichment_row,missing_enrichment_row,,,,,Dropbox,,,,,
Duna,duna,duna,missing_enrichment_row,missing_enrichment_row,,,,,Duna,,,,,
Dust,dust,dust,missing_enrichment_row,missing_enrichment_row,,,,,Dust,,,,,
Dyna Robotics,dyna-robotics,dyna-robotics,missing_enrichment_row,missing_enrichment_row,,,,,Dyna Robotics,,,,,
Easypost 2,easypost-2,easypost-2,missing_enrichment_row,missing_enrichment_row,,,,,Easypost 2,,,,,
Ebury,ebury,ebury,missing_enrichment_row,missing_enrichment_row,,,,,Ebury,,,,,
Echotwin,echotwin,echotwin,missing_enrichment_row,missing_enrichment_row,,,,,Echotwin,,,,,
Education Services,education-services,education-services,missing_enrichment_row,missing_enrichment_row,,,,,Education Services,,,,,
Eigen Labs,eigen-labs,eigen-labs,missing_enrichment_row,missing_enrichment_row,,,,,Eigen Labs,,,,,
Ekohealth,ekohealth,ekohealth,missing_enrichment_row,missing_enrichment_row,,,,,Ekohealth,,,,,
Elevenlabs,elevenlabs,elevenlabs,missing_enrichment_row,missing_enrichment_row,,,,,Elevenlabs,,,,,
Elroyair,elroyair,elroyair,missing_enrichment_row,missing_enrichment_row,,,,,Elroyair,,,,,
Embedding Vc,embedding-vc,embedding-vc,missing_enrichment_row,missing_enrichment_row,,,,,Embedding Vc,,,,,
Emesent,emesent,emesent,missing_enrichment_row,has_logo_working,Emesent,emesent.com,Emesent,emesent.com,Emesent,emesent.com,https://emesent.com,https://www.linkedin.com/company/emesent,Inspection (Energy / Infrastructure),high
Enpal,enpal,enpal,missing_enrichment_row,missing_enrichment_row,,,,,Enpal,,,,,
Eositsolutions,eositsolutions,eositsolutions,missing_enrichment_row,missing_enrichment_row,,,,,Eositsolutions,,,,,
Espace,espace,espace,missing_enrichment_row,missing_enrichment_row,,,,,Espace,,,,,
Ether.Fi,ether-fi,ether-fi,missing_enrichment_row,missing_enrichment_row,,,,,Ether.Fi,,,,,
Exa,exa,exa,missing_enrichment_row,missing_enrichment_row,,,,,Exa,,,,,
Exotec,exotec,exotec,missing_enrichment_row,missing_enrichment_row,,,,,Exotec,,,,,
Fauna Robotics,fauna-robotics,fauna-robotics,missing_enrichment_row,missing_enrichment_row,,,,,Fauna Robotics,,,,,
Featherlessai,featherlessai,featherlessai,missing_enrichment_row,missing_enrichment_row,,,,,Featherlessai,,,,,
Fiducial,fiducial,fiducial,missing_master_row,missing_master_row,,,,,Fiducial,,,,,
Field AI,field-ai,field-ai,missing_master_row,missing_master_row,,,,,Field AI,,,,,
Finary,finary,finary,missing_enrichment_row,missing_enrichment_row,,,,,Finary,,,,,
Finmid.Com,finmid-com,finmid-com,missing_enrichment_row,missing_enrichment_row,,,,,Finmid.Com,,,,,
Flagright.Com,flagright-com,flagright-com,missing_enrichment_row,missing_enrichment_row,,,,,Flagright.Com,,,,,
Flexion Robotics,flexion-robotics,flexion-robotics,missing_enrichment_row,missing_enrichment_row,,,,,Flexion Robotics,,,,,
Flink,flink,flink,missing_enrichment_row,missing_enrichment_row,,,,,Flink,,,,,
Flock Safety,flock-safety,flock-safety,missing_enrichment_row,missing_enrichment_row,,,,,Flock Safety,,,,,
Flowith,flowith,flowith,missing_enrichment_row,missing_enrichment_row,,,,,Flowith,,,,,
Flyability,flyability,flyability,missing_enrichment_row,has_logo_working,,,Flyability (Elios team),flyability.com,Flyability (Elios team),flyability.com,https://www.flyability.com/,https://www.linkedin.com/company/flyability,Inspection (Energy / Infrastructure),high
Foundational Industries,foundational-industries,foundational-industries,missing_enrichment_row,missing_enrichment_row,,,,,Foundational Industries,,,,,
Foundry Robotics,foundry-robotics,foundry-robotics,missing_enrichment_row,missing_enrichment_row,,,,,Foundry Robotics,,,,,
Freedomofthepressfoundation,freedomofthepressfoundation,freedomofthepressfoundation,missing_enrichment_row,missing_enrichment_row,,,,,Freedomofthepressfoundation,,,,,
Freedomsolarpower,freedomsolarpower,freedomsolarpower,missing_enrichment_row,missing_enrichment_row,,,,,Freedomsolarpower,,,,,
Fuellabs,fuellabs,fuellabs,missing_enrichment_row,missing_enrichment_row,,,,,Fuellabs,,,,,
Fuku,fuku,fuku,missing_enrichment_row,missing_enrichment_row,,,,,Fuku,,,,,
Fyxer,fyxer,fyxer,missing_enrichment_row,missing_enrichment_row,,,,,Fyxer,,,,,
GalenRobotics,galenrobotics,galenrobotics,missing_enrichment_row,missing_enrichment_row,,,,,GalenRobotics,,,,,
Gatherai,gatherai,gatherai,missing_master_row,missing_master_row,,,,,Gatherai,,,,,
Gatikaiinc,gatikaiinc,gatikaiinc,missing_master_row,missing_master_row,,,,,Gatikaiinc,,,,,
Gecko Robotics,gecko-robotics,gecko-robotics,missing_enrichment_row,missing_enrichment_row,,,,,Gecko Robotics,,,,,
Generalist,generalist,generalist,missing_enrichment_row,missing_enrichment_row,,,,,Generalist,,,,,
Generalrobotics,generalrobotics,generalrobotics,missing_master_row,missing_master_row,,,,,Generalrobotics,,,,,
Genm,genm,genm,missing_enrichment_row,missing_enrichment_row,,,,,Genm,,,,,
Geo Totaal,geo-totaal,geo-totaal,missing_enrichment_row,missing_enrichment_row,,,,,Geo Totaal,,,,,
Getfpv,getfpv,getfpv,missing_enrichment_row,missing_enrichment_row,,,,,Getfpv,,,,,
Glydways,glydways,glydways,missing_enrichment_row,missing_enrichment_row,,,,,Glydways,,,,,
Goodman,goodman,goodman,missing_enrichment_row,missing_enrichment_row,,,,,Goodman,,,,,
Govdash,govdash,govdash,missing_enrichment_row,missing_enrichment_row,,,,,Govdash,,,,,
GoVenti,goventi,goventi,missing_enrichment_row,missing_enrichment_row,,,,,GoVenti,,,,,
Gravisrobotics,gravisrobotics,gravisrobotics,missing_enrichment_row,missing_enrichment_row,,,,,Gravisrobotics,,,,,
GravityClimate,gravityclimate,gravityclimate,missing_enrichment_row,missing_enrichment_row,,,,,GravityClimate,,,,,
Graymatter Robotics,graymatter-robotics,graymatter-robotics,missing_master_row,missing_master_row,,,,,Graymatter Robotics,,,,,
Gritt,gritt,gritt,missing_enrichment_row,missing_enrichment_row,,,,,Gritt,,,,,
Hadrian Automation,hadrian-automation,hadrian-automation,missing_enrichment_row,missing_enrichment_row,,,,,Hadrian Automation,,,,,
Happyrobot.Ai,happyrobot-ai,happyrobot-ai,missing_enrichment_row,missing_enrichment_row,,,,,Happyrobot.Ai,,,,,
Harmattan Ai,harmattan-ai,harmattan-ai,missing_master_row,missing_master_row,,,,,Harmattan Ai,,,,,
Hatchcareers,hatchcareers,hatchcareers,missing_enrichment_row,missing_enrichment_row,,,,,Hatchcareers,,,,,
Havocai,havocai,havocai,missing_master_row,missing_master_row,,,,,Havocai,,,,,
Hcompany,hcompany,hcompany,missing_enrichment_row,missing_enrichment_row,,,,,Hcompany,,,,,
Heli Video Pros,heli-video-pros,heli-video-pros,missing_enrichment_row,missing_enrichment_row,,,,,Heli Video Pros,,,,,
Hermeus,hermeus,hermeus,missing_master_row,missing_master_row,,,,,Hermeus,,,,,
Heyjobs,heyjobs,heyjobs,missing_enrichment_row,missing_enrichment_row,,,,,Heyjobs,,,,,
HstarTechnologies,hstartechnologies,hstartechnologies,missing_enrichment_row,missing_enrichment_row,,,,,HstarTechnologies,,,,,
Humble Robotics,humble-robotics,humble-robotics,missing_enrichment_row,missing_enrichment_row,,,,,Humble Robotics,,,,,
Hummingbird Technologies Ltd,hummingbird-technologies-ltd,hummingbird-technologies-ltd,missing_enrichment_row,missing_enrichment_row,,,,,Hummingbird Technologies Ltd,,,,,
Hummingbird Technologies Ltd 1,hummingbird-technologies-ltd-1,hummingbird-technologies-ltd-1,missing_enrichment_row,missing_enrichment_row,,,,,Hummingbird Technologies Ltd 1,,,,,
Hypersonica Prod,hypersonica-prod,hypersonica-prod,missing_enrichment_row,missing_enrichment_row,,,,,Hypersonica Prod,,,,,
Iceye,iceye,iceye,missing_enrichment_row,missing_enrichment_row,,,,,Iceye,,,,,
Ikh,ikh,ikh,missing_enrichment_row,missing_enrichment_row,,,,,Ikh,,,,,
ImageAssociatesInc,imageassociatesinc,imageassociatesinc,missing_enrichment_row,missing_enrichment_row,,,,,ImageAssociatesInc,,,,,
Impulse,impulse,impulse,missing_enrichment_row,missing_enrichment_row,,,,,Impulse,,,,,
Indiecampers,indiecampers,indiecampers,missing_master_row,missing_master_row,,,,,Indiecampers,,,,,
Indra Uk,indra-uk,indra-uk,missing_enrichment_row,missing_enrichment_row,,,,,Indra Uk,,,,,
Influ2,influ2,influ2,missing_enrichment_row,missing_enrichment_row,,,,,Influ2,,,,,
InformaGroupPlc,informagroupplc,informagroupplc,missing_enrichment_row,missing_enrichment_row,,,,,InformaGroupPlc,,,,,
InteriorMarketingGroup,interiormarketinggroup,interiormarketinggroup,missing_enrichment_row,missing_enrichment_row,,,,,InteriorMarketingGroup,,,,,
Intertek,intertek,intertek,missing_enrichment_row,missing_enrichment_row,,,,,Intertek,,,,,
Intetics 2,intetics-2,intetics-2,missing_enrichment_row,missing_enrichment_row,,,,,Intetics 2,,,,,
Intracom Defense,intracom-defense,intracom-defense,missing_enrichment_row,missing_enrichment_row,,,,,Intracom Defense,,,,,
Intrinsicrobotics,intrinsicrobotics,intrinsicrobotics,missing_enrichment_row,missing_enrichment_row,,,,,Intrinsicrobotics,,,,,
Isaraerospace,isaraerospace,isaraerospace,missing_enrichment_row,missing_enrichment_row,,,,,Isaraerospace,,,,,
Ispace Inc,ispace-inc,ispace-inc,missing_enrichment_row,missing_enrichment_row,,,,,Ispace Inc,,,,,
J,j,j,missing_enrichment_row,missing_enrichment_row,,,,,J,,,,,
JBHi FiTheGoodGuys1,jbhi-fithegoodguys1,jbhi-fithegoodguys1,missing_enrichment_row,missing_enrichment_row,,,,,JBHi FiTheGoodGuys1,,,,,
Jobgether,jobgether,jobgether,missing_enrichment_row,missing_enrichment_row,,,,,Jobgether,,,,,
Jobnath,jobnath,jobnath,missing_enrichment_row,missing_enrichment_row,,,,,Jobnath,,,,,
K2spacecorporation,k2spacecorporation,k2spacecorporation,missing_enrichment_row,missing_enrichment_row,,,,,K2spacecorporation,,,,,
Kao,kao,kao,missing_enrichment_row,missing_enrichment_row,,,,,Kao,,,,,
Kestrel Intelligence,kestrel-intelligence,kestrel-intelligence,missing_enrichment_row,missing_enrichment_row,,,,,Kestrel Intelligence,,,,,
Kiefer,kiefer,kiefer,missing_enrichment_row,missing_enrichment_row,,,,,Kiefer,,,,,
Knowhirematch 1,knowhirematch-1,knowhirematch-1,missing_enrichment_row,missing_enrichment_row,,,,,Knowhirematch 1,,,,,
Knowlix,knowlix,knowlix,missing_enrichment_row,missing_enrichment_row,,,,,Knowlix,,,,,
Kodifly,kodifly,kodifly,missing_enrichment_row,missing_enrichment_row,,,,,Kodifly,,,,,
Kraken.Com,kraken-com,kraken-com,missing_enrichment_row,missing_enrichment_row,,,,,Kraken.Com,,,,,
Krushlabs,krushlabs,krushlabs,missing_enrichment_row,missing_enrichment_row,,,,,Krushlabs,,,,,
Krypton Mining,krypton-mining,krypton-mining,missing_enrichment_row,missing_enrichment_row,,,,,Krypton Mining,,,,,
Labella Associates,labella-associates,labella-associates,missing_enrichment_row,missing_enrichment_row,,,,,Labella Associates,,,,,
Laborup,laborup,laborup,missing_enrichment_row,missing_enrichment_row,,,,,Laborup,,,,,
Langdock,langdock,langdock,missing_enrichment_row,missing_enrichment_row,,,,,Langdock,,,,,
Langfuse,langfuse,langfuse,missing_enrichment_row,missing_enrichment_row,,,,,Langfuse,,,,,
Lat,lat,lat,missing_enrichment_row,missing_enrichment_row,,,,,Lat,,,,,
Latitudeinc,latitudeinc,latitudeinc,missing_enrichment_row,missing_enrichment_row,,,,,Latitudeinc,,,,,
Leolabsinc,leolabsinc,leolabsinc,missing_enrichment_row,missing_enrichment_row,,,,,Leolabsinc,,,,,
Letta,letta,letta,missing_enrichment_row,missing_enrichment_row,,,,,Letta,,,,,
LevelOneRoboticsAndControlsInc,leveloneroboticsandcontrolsinc,leveloneroboticsandcontrolsinc,missing_enrichment_row,missing_enrichment_row,,,,,LevelOneRoboticsAndControlsInc,,,,,
Lightdash,lightdash,lightdash,missing_enrichment_row,missing_enrichment_row,,,,,Lightdash,,,,,
Linqapp,linqapp,linqapp,missing_enrichment_row,missing_enrichment_row,,,,,Linqapp,,,,,
Liquid Ai,liquid-ai,liquid-ai,missing_enrichment_row,missing_enrichment_row,,,,,Liquid Ai,,,,,
Locusrobotics,locusrobotics,locusrobotics,missing_enrichment_row,missing_enrichment_row,,,,,Locusrobotics,,,,,
Longwall,longwall,longwall,missing_enrichment_row,missing_enrichment_row,,,,,Longwall,,,,,
Ltaresearch,ltaresearch,ltaresearch,missing_master_row,missing_master_row,,,,,Ltaresearch,,,,,
Mach,mach,mach,missing_master_row,missing_master_row,,,,,Mach,,,,,
MachinaLabs,machinalabs,machinalabs,missing_enrichment_row,missing_enrichment_row,,,,,MachinaLabs,,,,,
Magnet Defense,magnet-defense,magnet-defense,missing_enrichment_row,missing_enrichment_row,,,,,Magnet Defense,,,,,
Maihem,maihem,maihem,missing_enrichment_row,missing_enrichment_row,,,,,Maihem,,,,,
Make,make,make,missing_enrichment_row,missing_enrichment_row,,,,,Make,,,,,
Make Rain,make-rain,make-rain,missing_master_row,missing_master_row,,,,,Make Rain,,,,,
Manna 1,manna-1,manna-1,missing_enrichment_row,missing_enrichment_row,,,,,Manna 1,,,,,
Manticoregames,manticoregames,manticoregames,missing_enrichment_row,missing_enrichment_row,,,,,Manticoregames,,,,,
Marble,marble,marble,missing_enrichment_row,missing_enrichment_row,,,,,Marble,,,,,
Marcohire,marcohire,marcohire,missing_master_row,missing_master_row,,,,,Marcohire,,,,,
Matrix Camps And Logistics,matrix-camps-and-logistics,matrix-camps-and-logistics,missing_enrichment_row,missing_enrichment_row,,,,,Matrix Camps And Logistics,,,,,
Matter Intelligence,matter-intelligence,matter-intelligence,missing_master_row,missing_master_row,,,,,Matter Intelligence,,,,,
Matternet,matternet,matternet,missing_enrichment_row,has_logo_working,Matternet,mttr.net,Matternet,mttr.net,Matternet,mttr.net,https://mttr.net,https://www.linkedin.com/company/matternet-inc,Logistics (Delivery / BVLOS Ops),high
Maverick Drone Systems,maverick-drone-systems,maverick-drone-systems,missing_master_row,missing_master_row,,,,,Maverick Drone Systems,,,,,
MBRDNA,mbrdna,mbrdna,missing_enrichment_row,missing_enrichment_row,,,,,MBRDNA,,,,,
Mechanicalorchard,mechanicalorchard,mechanicalorchard,missing_enrichment_row,missing_enrichment_row,,,,,Mechanicalorchard,,,,,
Mecka.Ai,mecka-ai,mecka-ai,missing_enrichment_row,missing_enrichment_row,,,,,Mecka.Ai,,,,,
Merlinlabs,merlinlabs,merlinlabs,missing_master_row,missing_master_row,,,,,Merlinlabs,,,,,
Mindrobotics,mindrobotics,mindrobotics,missing_enrichment_row,missing_enrichment_row,,,,,Mindrobotics,,,,,
Mirai Robotics,mirai-robotics,mirai-robotics,missing_master_row,missing_master_row,,,,,Mirai Robotics,,,,,
Mirelo,mirelo,mirelo,missing_enrichment_row,missing_enrichment_row,,,,,Mirelo,,,,,
Mistral,mistral,mistral,missing_enrichment_row,missing_enrichment_row,,,,,Mistral,,,,,
Molg,molg,molg,missing_enrichment_row,missing_enrichment_row,,,,,Molg,,,,,
Monarch Quantum,monarch-quantum,monarch-quantum,missing_enrichment_row,missing_enrichment_row,,,,,Monarch Quantum,,,,,
Mongodb,mongodb,mongodb,missing_master_row,missing_master_row,,,,,Mongodb,,,,,
Monumental,monumental,monumental,missing_enrichment_row,missing_enrichment_row,,,,,Monumental,,,,,
Morsecorp,morsecorp,morsecorp,missing_master_row,missing_master_row,,,,,Morsecorp,,,,,
Mosey,mosey,mosey,missing_enrichment_row,missing_enrichment_row,,,,,Mosey,,,,,
Msgentertainmentholdingsllc,msgentertainmentholdingsllc,msgentertainmentholdingsllc,missing_enrichment_row,missing_enrichment_row,,,,,Msgentertainmentholdingsllc,,,,,
Msr Fsr,msr-fsr,msr-fsr,missing_enrichment_row,missing_enrichment_row,,,,,Msr Fsr,,,,,
Mujininc,mujininc,mujininc,missing_enrichment_row,missing_enrichment_row,,,,,Mujininc,,,,,
Multiplylabs,multiplylabs,multiplylabs,missing_enrichment_row,missing_enrichment_row,,,,,Multiplylabs,,,,,
Munich Electrification,munich-electrification,munich-electrification,missing_enrichment_row,missing_enrichment_row,,,,,Munich Electrification,,,,,
MyHRLLC,myhrllc,myhrllc,missing_enrichment_row,missing_enrichment_row,,,,,MyHRLLC,,,,,
Mythic Ai.Com,mythic-ai-com,mythic-ai-com,missing_enrichment_row,missing_enrichment_row,,,,,Mythic Ai.Com,,,,,
NauticusRobotics,nauticusrobotics,nauticusrobotics,missing_enrichment_row,missing_enrichment_row,,,,,NauticusRobotics,,,,,
Neara,neara,neara,missing_enrichment_row,missing_enrichment_row,,,,,Neara,,,,,
Neo Tax,neo-tax,neo-tax,missing_enrichment_row,missing_enrichment_row,,,,,Neo Tax,,,,,
NetApp2,netapp2,netapp2,missing_enrichment_row,missing_enrichment_row,,,,,NetApp2,,,,,
Neworbit,neworbit,neworbit,missing_enrichment_row,missing_enrichment_row,,,,,Neworbit,,,,,
Niantic Spatial,niantic-spatial,niantic-spatial,missing_master_row,missing_master_row,,,,,Niantic Spatial,,,,,
Noda Ai,noda-ai,noda-ai,missing_master_row,missing_master_row,,,,,Noda Ai,,,,,
Nodein,nodein,nodein,missing_enrichment_row,missing_enrichment_row,,,,,Nodein,,,,,
Nomagic,nomagic,nomagic,missing_master_row,missing_master_row,,,,,Nomagic,,,,,
Nooks,nooks,nooks,missing_enrichment_row,missing_enrichment_row,,,,,Nooks,,,,,
Nortek,nortek,nortek,missing_enrichment_row,missing_enrichment_row,,,,,Nortek,,,,,
Northvectordynamics,northvectordynamics,northvectordynamics,missing_master_row,missing_master_row,,,,,Northvectordynamics,,,,,
Northwoodspace,northwoodspace,northwoodspace,missing_enrichment_row,missing_enrichment_row,,,,,Northwoodspace,,,,,
Observable Space,observable-space,observable-space,missing_enrichment_row,missing_enrichment_row,,,,,Observable Space,,,,,
Obvio,obvio,obvio,missing_enrichment_row,missing_enrichment_row,,,,,Obvio,,,,,
Ocadogroup,ocadogroup,ocadogroup,missing_enrichment_row,missing_enrichment_row,,,,,Ocadogroup,,,,,
Oceancomm,oceancomm,oceancomm,missing_enrichment_row,missing_enrichment_row,,,,,Oceancomm,,,,,
Odys Aviation,odys-aviation,odys-aviation,missing_master_row,missing_master_row,,,,,Odys Aviation,,,,,
Oligo,oligo,oligo,missing_enrichment_row,missing_enrichment_row,,,,,Oligo,,,,,
Onebrief,onebrief,onebrief,missing_enrichment_row,missing_enrichment_row,,,,,Onebrief,,,,,
OnHires,onhires,onhires,missing_master_row,missing_master_row,,,,,OnHires,,,,,
Open Ocean Robotics,open-ocean-robotics,open-ocean-robotics,missing_enrichment_row,missing_enrichment_row,,,,,Open Ocean Robotics,,,,,
Opensesame,opensesame,opensesame,missing_enrichment_row,missing_enrichment_row,,,,,Opensesame,,,,,
Openzeppelin,openzeppelin,openzeppelin,missing_enrichment_row,missing_enrichment_row,,,,,Openzeppelin,,,,,
Orbaerospace,orbaerospace,orbaerospace,missing_master_row,missing_master_row,,,,,Orbaerospace,,,,,
Orchard,orchard,orchard,missing_enrichment_row,missing_enrichment_row,,,,,Orchard,,,,,
Origin 10x,origin-10x,origin-10x,missing_enrichment_row,missing_enrichment_row,,,,,Origin 10x,,,,,
Osaro,osaro,osaro,missing_enrichment_row,missing_enrichment_row,,,,,Osaro,,,,,
Outpostspace,outpostspace,outpostspace,missing_enrichment_row,missing_enrichment_row,,,,,Outpostspace,,,,,
Owkin,owkin,owkin,missing_enrichment_row,missing_enrichment_row,,,,,Owkin,,,,,
Oxforddynamics,oxforddynamics,oxforddynamics,missing_enrichment_row,missing_enrichment_row,,,,,Oxforddynamics,,,,,
Pacific Defense,pacific-defense,pacific-defense,missing_enrichment_row,missing_enrichment_row,,,,,Pacific Defense,,,,,
Palantir,palantir,palantir,missing_master_row,missing_master_row,,,,,Palantir,,,,,
Paralleldomain,paralleldomain,paralleldomain,missing_enrichment_row,missing_enrichment_row,,,,,Paralleldomain,,,,,
Pathai,pathai,pathai,missing_enrichment_row,missing_enrichment_row,,,,,Pathai,,,,,
Peakenergy,peakenergy,peakenergy,missing_enrichment_row,missing_enrichment_row,,,,,Peakenergy,,,,,
Peerspace,peerspace,peerspace,missing_enrichment_row,missing_enrichment_row,,,,,Peerspace,,,,,
Perrone Robotics,perrone-robotics,perrone-robotics,missing_enrichment_row,missing_enrichment_row,,,,,Perrone Robotics,,,,,
Persona.Ai,persona-ai,persona-ai,missing_master_row,missing_master_row,,,,,Persona.Ai,,,,,
Phantom Auto,phantom-auto,phantom-auto,missing_enrichment_row,missing_enrichment_row,,,,,Phantom Auto,,,,,
Phasorengineering,phasorengineering,phasorengineering,missing_enrichment_row,missing_enrichment_row,,,,,Phasorengineering,,,,,
Phdata,phdata,phdata,missing_enrichment_row,missing_enrichment_row,,,,,Phdata,,,,,
Physicalintelligence,physicalintelligence,physicalintelligence,missing_enrichment_row,missing_enrichment_row,,,,,Physicalintelligence,,,,,
Picklerobot,picklerobot,picklerobot,missing_enrichment_row,missing_enrichment_row,,,,,Picklerobot,,,,,
PilmicoFoodsCorporation,pilmicofoodscorporation,pilmicofoodscorporation,missing_enrichment_row,missing_enrichment_row,,,,,PilmicoFoodsCorporation,,,,,
Pirros,pirros,pirros,missing_enrichment_row,missing_enrichment_row,,,,,Pirros,,,,,
Pivotal,pivotal,pivotal,missing_master_row,missing_master_row,,,,,Pivotal,,,,,
Pivotrobotics,pivotrobotics,pivotrobotics,missing_enrichment_row,missing_enrichment_row,,,,,Pivotrobotics,,,,,
Point One Navigation,point-one-navigation,point-one-navigation,missing_master_row,missing_master_row,,,,,Point One Navigation,,,,,
Poseidonaero,poseidonaero,poseidonaero,missing_master_row,missing_master_row,,,,,Poseidonaero,,,,,
Praxipal,praxipal,praxipal,missing_enrichment_row,missing_enrichment_row,,,,,Praxipal,,,,,
Prenuvo,prenuvo,prenuvo,missing_enrichment_row,missing_enrichment_row,,,,,Prenuvo,,,,,
Prime Robotics 1,prime-robotics-1,prime-robotics-1,missing_enrichment_row,missing_enrichment_row,,,,,Prime Robotics 1,,,,,
PrimeIntellect,primeintellect,primeintellect,missing_enrichment_row,missing_enrichment_row,,,,,PrimeIntellect,,,,,
Prior Labs,prior-labs,prior-labs,missing_enrichment_row,missing_enrichment_row,,,,,Prior Labs,,,,,
Promiserobotics,promiserobotics,promiserobotics,missing_enrichment_row,missing_enrichment_row,,,,,Promiserobotics,,,,,
Propelleraero,propelleraero,propelleraero,missing_enrichment_row,missing_enrichment_row,,,,,Propelleraero,,,,,
Purposemed,purposemed,purposemed,missing_enrichment_row,missing_enrichment_row,,,,,Purposemed,,,,,
Pyka,pyka,pyka,has_logo_working,has_logo_working,Pyka,pyka.com,Pyka,pyka.com,Pyka,pyka.com,https://pyka.com,https://www.linkedin.com/company/pyka,Hardware,high
Pylon Labs,pylon-labs,pylon-labs,missing_enrichment_row,missing_enrichment_row,,,,,Pylon Labs,,,,,
Q Ctrl,q-ctrl,q-ctrl,missing_enrichment_row,missing_enrichment_row,,,,,Q Ctrl,,,,,
Quantumcircuits,quantumcircuits,quantumcircuits,missing_enrichment_row,missing_enrichment_row,,,,,Quantumcircuits,,,,,
Quartermaster,quartermaster,quartermaster,missing_enrichment_row,missing_enrichment_row,,,,,Quartermaster,,,,,
Quilter,quilter,quilter,missing_enrichment_row,missing_enrichment_row,,,,,Quilter,,,,,
Rabot,rabot,rabot,missing_enrichment_row,missing_enrichment_row,,,,,Rabot,,,,,
Radiant Industries,radiant-industries,radiant-industries,missing_enrichment_row,missing_enrichment_row,,,,,Radiant Industries,,,,,
RadicalAI,radicalai,radicalai,missing_enrichment_row,missing_enrichment_row,,,,,RadicalAI,,,,,
Rangeenergy,rangeenergy,rangeenergy,missing_enrichment_row,missing_enrichment_row,,,,,Rangeenergy,,,,,
Rapyuta Robotics,rapyuta-robotics,rapyuta-robotics,missing_enrichment_row,missing_enrichment_row,,,,,Rapyuta Robotics,,,,,
Realmalliance,realmalliance,realmalliance,missing_master_row,missing_master_row,,,,,Realmalliance,,,,,
Rec 2,rec-2,rec-2,missing_enrichment_row,missing_enrichment_row,,,,,Rec 2,,,,,
Red Rabbit Robotics,red-rabbit-robotics,red-rabbit-robotics,missing_enrichment_row,missing_enrichment_row,,,,,Red Rabbit Robotics,,,,,
Red6,red6,red6,missing_enrichment_row,missing_enrichment_row,,,,,Red6,,,,,
Reflect Orbital,reflect-orbital,reflect-orbital,missing_enrichment_row,missing_enrichment_row,,,,,Reflect Orbital,,,,,
ReflexRobotics,reflexrobotics,reflexrobotics,missing_enrichment_row,missing_enrichment_row,,,,,ReflexRobotics,,,,,
Relativity,relativity,relativity,missing_enrichment_row,missing_enrichment_row,,,,,Relativity,,,,,
Relayrobotics.Com,relayrobotics-com,relayrobotics-com,missing_enrichment_row,missing_enrichment_row,,,,,Relayrobotics.Com,,,,,
Reliable,reliable,reliable-robotics,missing_enrichment_row,has_logo_working,Reliable Robotics,reliable.co,Reliable Robotics,reliable.co,Reliable Robotics,reliable.co,https://reliable.co,https://www.linkedin.com/company/reliable-robotics,Software & Autonomy,high
Reliable Robotics,reliable-robotics,reliable-robotics,has_logo_working,has_logo_working,Reliable Robotics,reliable.co,Reliable Robotics,reliable.co,Reliable Robotics,reliable.co,https://reliable.co,https://www.linkedin.com/company/reliable-robotics,Software & Autonomy,high
Revealtech,revealtech,revealtech,missing_master_row,missing_master_row,,,,,Revealtech,,,,,
Rgi,rgi,rgi,missing_enrichment_row,missing_enrichment_row,,,,,Rgi,,,,,
Rhoda Ai,rhoda-ai,rhoda-ai,missing_enrichment_row,missing_enrichment_row,,,,,Rhoda Ai,,,,,
Ridealso,ridealso,ridealso,missing_enrichment_row,missing_enrichment_row,,,,,Ridealso,,,,,
Ridgeline,ridgeline,ridgeline,missing_enrichment_row,missing_enrichment_row,,,,,Ridgeline,,,,,
RiptideTech,riptidetech,riptidetech,missing_enrichment_row,missing_enrichment_row,,,,,RiptideTech,,,,,
Rise Robotics,rise-robotics,rise-robotics,missing_enrichment_row,missing_enrichment_row,,,,,Rise Robotics,,,,,
Rivr,rivr,rivr,missing_enrichment_row,missing_enrichment_row,,,,,Rivr,,,,,
Roadrunner Studios,roadrunner-studios,roadrunner-studios,missing_master_row,missing_master_row,,,,,Roadrunner Studios,,,,,
Robco,robco,robco,missing_enrichment_row,missing_enrichment_row,,,,,Robco,,,,,
Robeaute,robeaute,robeaute,missing_enrichment_row,missing_enrichment_row,,,,,Robeaute,,,,,
Robin Radar,robin-radar,robin-radar,has_logo_working,has_logo_working,,,Robin Radar Systems,robinradar.com,Robin Radar Systems,robinradar.com,https://robinradar.com/,https://www.linkedin.com/company/robin-radar-systems,Counter-UAS / Security,high
Robot Learning Co,robot-learning-co,robot-learning-co,missing_enrichment_row,missing_enrichment_row,,,,,Robot Learning Co,,,,,
Robust Ai,robust-ai,robust-ai,missing_enrichment_row,missing_enrichment_row,,,,,Robust Ai,,,,,
Rvi,rvi,rvi,missing_master_row,missing_master_row,,,,,Rvi,,,,,
Ryhr,ryhr,ryhr,missing_enrichment_row,missing_enrichment_row,,,,,Ryhr,,,,,
Safcsp,safcsp,safcsp,missing_enrichment_row,missing_enrichment_row,,,,,Safcsp,,,,,
Salsify,salsify,salsify,missing_enrichment_row,missing_enrichment_row,,,,,Salsify,,,,,
Saltsecurity,saltsecurity,saltsecurity,missing_enrichment_row,missing_enrichment_row,,,,,Saltsecurity,,,,,
Samsara,samsara,samsara,missing_enrichment_row,missing_enrichment_row,,,,,Samsara,,,,,
Saronic,saronic,saronic,missing_master_row,missing_master_row,,,,,Saronic,,,,,
Scale Army Careers,scale-army-careers,scale-army-careers,missing_enrichment_row,missing_enrichment_row,,,,,Scale Army Careers,,,,,
Schmidt Entities,schmidt-entities,schmidt-entities,missing_enrichment_row,missing_enrichment_row,,,,,Schmidt Entities,,,,,
Se3,se3,se3,missing_master_row,missing_master_row,,,,,Se3,,,,,
Seneca,seneca,seneca,missing_enrichment_row,missing_enrichment_row,,,,,Seneca,,,,,
SeniorPlc1,seniorplc1,seniorplc1,missing_enrichment_row,missing_enrichment_row,,,,,SeniorPlc1,,,,,
Sensmore,sensmore,sensmore,missing_enrichment_row,missing_enrichment_row,,,,,Sensmore,,,,,
Sentinel Eagle,sentinel-eagle,sentinel-eagle,missing_master_row,missing_master_row,,,,,Sentinel Eagle,,,,,
Sereact,sereact,sereact,missing_enrichment_row,missing_enrichment_row,,,,,Sereact,,,,,
Serpapackagingsolutions,serpapackagingsolutions,serpapackagingsolutions,missing_enrichment_row,missing_enrichment_row,,,,,Serpapackagingsolutions,,,,,
Serverobotics,serverobotics,serverobotics,missing_master_row,missing_master_row,,,,,Serverobotics,,,,,
Sesai,sesai,sesai,missing_master_row,missing_master_row,,,,,Sesai,,,,,
Sesame,sesame,sesame,missing_enrichment_row,missing_enrichment_row,,,,,Sesame,,,,,
Sfcompute,sfcompute,sfcompute,missing_enrichment_row,missing_enrichment_row,,,,,Sfcompute,,,,,
Shield AI,shield-ai,shield-ai,has_logo_working,has_logo_working,Shield AI,shield.ai,Shield AI,shield.ai,Shield AI,shield.ai,https://shield.ai,https://www.linkedin.com/company/shield-ai,Defense,high
Shift Robotics,shift-robotics,shift-robotics,missing_enrichment_row,missing_enrichment_row,,,,,Shift Robotics,,,,,
SimbeRobotics,simberobotics,simberobotics,missing_enrichment_row,missing_enrichment_row,,,,,SimbeRobotics,,,,,
Sine Engineering,sine-engineering,sine-engineering,missing_enrichment_row,missing_enrichment_row,,,,,Sine Engineering,,,,,
Skydio,skydio,skydio,has_logo_working,has_logo_working,Skydio,skydio.com,Skydio,skydio.com,Skydio,skydio.com,https://www.skydio.com,https://www.linkedin.com/company/skydio,Hardware,high
Skylarkdrones,skylarkdrones,skylarkdrones,missing_enrichment_row,missing_enrichment_row,,,,,Skylarkdrones,,,,,
Skylotechnologies,skylotechnologies,skylotechnologies,missing_enrichment_row,missing_enrichment_row,,,,,Skylotechnologies,,,,,
Skysafe,skysafe,skysafe,missing_master_row,missing_master_row,,,,,Skysafe,,,,,
Skyways,skyways,skyways,missing_master_row,missing_master_row,,,,,Skyways,,,,,
Slice,slice,slice,missing_enrichment_row,missing_enrichment_row,,,,,Slice,,,,,
Slip Robotics,slip-robotics,slip-robotics,missing_enrichment_row,missing_enrichment_row,,,,,Slip Robotics,,,,,
Smartwarehousing,smartwarehousing,smartwarehousing,missing_enrichment_row,missing_enrichment_row,,,,,Smartwarehousing,,,,,
SopraSteria1,soprasteria1,soprasteria1,missing_enrichment_row,missing_enrichment_row,,,,,SopraSteria1,,,,,
Sorting Robotics,sorting-robotics,sorting-robotics,missing_enrichment_row,missing_enrichment_row,,,,,Sorting Robotics,,,,,
SpaceSystemsIntegration,spacesystemsintegration,spacesystemsintegration,missing_enrichment_row,missing_enrichment_row,,,,,SpaceSystemsIntegration,,,,,
Spacex,spacex,spacex,missing_master_row,missing_master_row,,,,,Spacex,,,,,
Spear Ai,spear-ai,spear-ai,missing_enrichment_row,missing_enrichment_row,,,,,Spear Ai,,,,,
Sphere Defense,sphere-defense,sphere-defense,missing_master_row,missing_master_row,,,,,Sphere Defense,,,,,
Ssci,ssci,ssci,missing_enrichment_row,missing_enrichment_row,,,,,Ssci,,,,,
Stainlessapi,stainlessapi,stainlessapi,missing_enrichment_row,missing_enrichment_row,,,,,Stainlessapi,,,,,
StandardBots,standardbots,standardbots,missing_enrichment_row,missing_enrichment_row,,,,,StandardBots,,,,,
StandInsurance,standinsurance,standinsurance,missing_enrichment_row,missing_enrichment_row,,,,,StandInsurance,,,,,
Starpath.Space,starpath-space,starpath-space,missing_enrichment_row,missing_enrichment_row,,,,,Starpath.Space,,,,,
Staubli,staubli,staubli,missing_enrichment_row,missing_enrichment_row,,,,,Staubli,,,,,
Staubligroup,staubligroup,staubligroup,missing_enrichment_row,missing_enrichment_row,,,,,Staubligroup,,,,,
Stealth Startup,stealth-startup,stealth-startup,missing_master_row,missing_master_row,,,,,Stealth Startup,,,,,
Steerbridge,steerbridge,steerbridge,missing_enrichment_row,missing_enrichment_row,,,,,Steerbridge,,,,,
StemXpert1,stemxpert1,stemxpert1,missing_enrichment_row,missing_enrichment_row,,,,,StemXpert1,,,,,
Stowgroup,stowgroup,stowgroup,missing_enrichment_row,missing_enrichment_row,,,,,Stowgroup,,,,,
Sunday,sunday,sunday,missing_enrichment_row,missing_enrichment_row,,,,,Sunday,,,,,
Sundrivesolar,sundrivesolar,sundrivesolar,missing_enrichment_row,missing_enrichment_row,,,,,Sundrivesolar,,,,,
Sunrise,sunrise,sunrise,missing_enrichment_row,missing_enrichment_row,,,,,Sunrise,,,,,
Swan,swan,swan,missing_master_row,missing_master_row,,,,,Swan,,,,,
Swarmer,swarmer,swarmer,missing_master_row,missing_master_row,,,,,Swarmer,,,,,
Swiftengineering,swiftengineering,swiftengineering,missing_enrichment_row,missing_enrichment_row,,,,,Swiftengineering,,,,,
T Robotics,t-robotics,t-robotics,missing_enrichment_row,missing_enrichment_row,,,,,T Robotics,,,,,
Taekus,taekus,taekus,missing_enrichment_row,missing_enrichment_row,,,,,Taekus,,,,,
Talentsis,talentsis,talentsis,missing_enrichment_row,missing_enrichment_row,,,,,Talentsis,,,,,
Talentwerx.Io,talentwerx-io,talentwerx-io,missing_enrichment_row,missing_enrichment_row,,,,,Talentwerx.Io,,,,,
Tandem,tandem,tandem,missing_enrichment_row,missing_enrichment_row,,,,,Tandem,,,,,
Teleo,teleo,teleo,missing_enrichment_row,missing_enrichment_row,,,,,Teleo,,,,,
Tempo Xyz,tempo-xyz,tempo-xyz,missing_enrichment_row,missing_enrichment_row,,,,,Tempo Xyz,,,,,
Tensorwave,tensorwave,tensorwave,missing_enrichment_row,missing_enrichment_row,,,,,Tensorwave,,,,,
Terabase Energy,terabase-energy,terabase-energy,missing_enrichment_row,missing_enrichment_row,,,,,Terabase Energy,,,,,
TerraFirma,terrafirma,terrafirma,missing_enrichment_row,missing_enrichment_row,,,,,TerraFirma,,,,,
Terraformation,terraformation,terraformation,missing_enrichment_row,missing_enrichment_row,,,,,Terraformation,,,,,
Terranova,terranova,terranova,missing_enrichment_row,missing_enrichment_row,,,,,Terranova,,,,,
Tetra,tetra,tetra,missing_enrichment_row,missing_enrichment_row,,,,,Tetra,,,,,
Teza Technologies,teza-technologies,teza-technologies,missing_enrichment_row,missing_enrichment_row,,,,,Teza Technologies,,,,,
The Exploration Company,the-exploration-company,the-exploration-company,missing_enrichment_row,missing_enrichment_row,,,,,The Exploration Company,,,,,
Thea.Energy,thea-energy,thea-energy,missing_enrichment_row,missing_enrichment_row,,,,,Thea.Energy,,,,,
Thehousemajoritypac,thehousemajoritypac,thehousemajoritypac,missing_enrichment_row,missing_enrichment_row,,,,,Thehousemajoritypac,,,,,
Thenuclearcompany,thenuclearcompany,thenuclearcompany,missing_enrichment_row,missing_enrichment_row,,,,,Thenuclearcompany,,,,,
Threattec,threattec,threattec,missing_master_row,missing_master_row,,,,,Threattec,,,,,
Togetherwork,togetherwork,togetherwork,missing_enrichment_row,missing_enrichment_row,,,,,Togetherwork,,,,,
Transmutex,transmutex,transmutex,missing_enrichment_row,missing_enrichment_row,,,,,Transmutex,,,,,
Treeswift,treeswift,treeswift,missing_enrichment_row,missing_enrichment_row,,,,,Treeswift,,,,,
Tri,tri,tri,missing_enrichment_row,missing_enrichment_row,,,,,Tri,,,,,
Trueanomalyinc,trueanomalyinc,trueanomalyinc,missing_enrichment_row,missing_enrichment_row,,,,,Trueanomalyinc,,,,,
Tsmg,tsmg,tsmg,missing_enrichment_row,missing_enrichment_row,,,,,Tsmg,,,,,
Tutorintelligence,tutorintelligence,tutorintelligence,missing_enrichment_row,missing_enrichment_row,,,,,Tutorintelligence,,,,,
Tx Inc.Com,tx-inc-com,tx-inc-com,missing_enrichment_row,missing_enrichment_row,,,,,Tx Inc.Com,,,,,
Tycho Ai,tycho-ai,tycho-ai,missing_master_row,missing_master_row,,,,,Tycho Ai,,,,,
UAS Labs LLC,uas-labs-llc,uas-labs-llc,missing_enrichment_row,missing_enrichment_row,,,,,UAS Labs LLC,,,,,
UKAtomicEnergyAuthority,ukatomicenergyauthority,ukatomicenergyauthority,missing_enrichment_row,missing_enrichment_row,,,,,UKAtomicEnergyAuthority,,,,,
Umojabiopharma,umojabiopharma,umojabiopharma,missing_enrichment_row,missing_enrichment_row,,,,,Umojabiopharma,,,,,
UncommonSchools,uncommonschools,uncommonschools,missing_enrichment_row,missing_enrichment_row,,,,,UncommonSchools,,,,,
Unitxlabs,unitxlabs,unitxlabs,missing_enrichment_row,missing_enrichment_row,,,,,Unitxlabs,,,,,
Unusual Machines,unusual-machines,unusual-machines,missing_enrichment_row,missing_enrichment_row,,,,,Unusual Machines,,,,,
Upvest,upvest,upvest,missing_enrichment_row,missing_enrichment_row,,,,,Upvest,,,,,
Valdeseng,valdeseng,valdeseng,missing_enrichment_row,missing_enrichment_row,,,,,Valdeseng,,,,,
Vanta,vanta,vanta,missing_enrichment_row,missing_enrichment_row,,,,,Vanta,,,,,
Vatnsystems,vatnsystems,vatnsystems,missing_enrichment_row,missing_enrichment_row,,,,,Vatnsystems,,,,,
Venn,venn,venn,missing_enrichment_row,missing_enrichment_row,,,,,Venn,,,,,
Vention,vention,vention,missing_enrichment_row,missing_enrichment_row,,,,,Vention,,,,,
Venusaero,venusaero,venusaero,missing_enrichment_row,missing_enrichment_row,,,,,Venusaero,,,,,
Veracode,veracode,veracode,missing_enrichment_row,missing_enrichment_row,,,,,Veracode,,,,,
Veriff,veriff,veriff,missing_enrichment_row,missing_enrichment_row,,,,,Veriff,,,,,
Verkor,verkor,verkor,missing_enrichment_row,missing_enrichment_row,,,,,Verkor,,,,,
Verne Robotics,verne-robotics,verne-robotics,missing_enrichment_row,missing_enrichment_row,,,,,Verne Robotics,,,,,
Veterans Launch Inc,veterans-launch-inc,veterans-launch-inc,missing_enrichment_row,missing_enrichment_row,,,,,Veterans Launch Inc,,,,,
Virtual Surveyor,virtual-surveyor,virtual-surveyor,missing_enrichment_row,missing_enrichment_row,,,,,Virtual Surveyor,,,,,
Voom Insurance,voom-insurance,voom-insurance,missing_enrichment_row,missing_enrichment_row,,,,,Voom Insurance,,,,,
Voxel,voxel,voxel,missing_enrichment_row,missing_enrichment_row,,,,,Voxel,,,,,
Voyant Photonics,voyant-photonics,voyant-photonics,missing_master_row,missing_master_row,,,,,Voyant Photonics,,,,,
Vrmnjretina,vrmnjretina,vrmnjretina,missing_enrichment_row,missing_enrichment_row,,,,,Vrmnjretina,,,,,
Waabi,waabi,waabi,missing_enrichment_row,missing_enrichment_row,,,,,Waabi,,,,,
Wadetrim,wadetrim,wadetrim,missing_enrichment_row,missing_enrichment_row,,,,,Wadetrim,,,,,
Waremalcomb,waremalcomb,waremalcomb,missing_enrichment_row,missing_enrichment_row,,,,,Waremalcomb,,,,,
Warfel Construction,warfel-construction,warfel-construction,missing_enrichment_row,missing_enrichment_row,,,,,Warfel Construction,,,,,
Watneyrobotics,watneyrobotics,watneyrobotics,missing_enrichment_row,missing_enrichment_row,,,,,Watneyrobotics,,,,,
Wavexr,wavexr,wavexr,missing_enrichment_row,missing_enrichment_row,,,,,Wavexr,,,,,
Weride,weride,weride,missing_enrichment_row,missing_enrichment_row,,,,,Weride,,,,,
Whoop,whoop,whoop,missing_enrichment_row,missing_enrichment_row,,,,,Whoop,,,,,
Wingtra,wingtra,wingtra,missing_enrichment_row,missing_enrichment_row,,,,,Wingtra,,,,,
Witnessai,witnessai,witnessai,missing_enrichment_row,missing_enrichment_row,,,,,Witnessai,,,,,
Wizeline,wizeline,wizeline,missing_enrichment_row,missing_enrichment_row,,,,,Wizeline,,,,,
Woolpert,woolpert,woolpert,missing_enrichment_row,missing_enrichment_row,,,,,Woolpert,,,,,
World View Enterprises Inc.,world-view-enterprises-inc,world-view-enterprises-inc,missing_enrichment_row,missing_enrichment_row,,,,,World View Enterprises Inc.,,,,,
Woven By Toyota,woven-by-toyota,woven-by-toyota,missing_enrichment_row,missing_enrichment_row,,,,,Woven By Toyota,,,,,
Xbowcareers,xbowcareers,xbowcareers,missing_enrichment_row,missing_enrichment_row,,,,,Xbowcareers,,,,,
Xtia,xtia,xtia,missing_enrichment_row,missing_enrichment_row,,,,,Xtia,,,,,
Yumaai,yumaai,yumaai,missing_enrichment_row,missing_enrichment_row,,,,,Yumaai,,,,,
Zauber,zauber,zauber,missing_enrichment_row,missing_enrichment_row,,,,,Zauber,,,,,
Zefir,zefir,zefir,missing_enrichment_row,missing_enrichment_row,,,,,Zefir,,,,,
Zerozero,zerozero,zerozero,missing_enrichment_row,missing_enrichment_row,,,,,Zerozero,,,,,
Zipline,zipline,zipline,has_logo_working,has_logo_working,Zipline,flyzipline.com,Zipline,flyzipline.com,Zipline,flyzipline.com,https://flyzipline.com,https://www.linkedin.com/company/flyzipline,Logistics (Delivery / BVLOS Ops),high
Zone5technologies,zone5technologies,zone5-technologies,has_logo_working,has_logo_working,,,,,Zone5technologies,,,,,
Zoox,zoox,zoox,missing_enrichment_row,missing_enrichment_row,,,,,Zoox,,,,,
Zydro,zydro,zydro,missing_enrichment_row,missing_enrichment_row,,,,,Zydro,,,,,
Zyphra,zyphra,zyphra,missing_enrichment_row,missing_enrichment_row,,,,,Zyphra,,,,,