"company_name","company_key","homepage_url","domain","linkedin_url","category","confidence_flag","careers_url_candidate","careers_url_final","redirected_to","resolver_status","source_type_guess","homepage_input_validation","homepage_validation_note","notes","last_checked_at","review_priority","review_reason"
"ABOT","cm-0004","https://abot.ai/","abot.ai","https://www.linkedin.com/company/abot","Inspection (Energy / Infrastructure)","high","","","","homepage_fetch_failed","fetch_failed","ok","","{""homepageUsed"":""https://abot.ai/"",""pathsTried"":[""/careers"",""/jobs"",""/careers/jobs"",""/join-us"",""/work-with-us"",""/company/careers"",""/about/careers"",""/opportunities"",""/hiring""],""probeLog"":[{""path"":""/careers"",""candidateUrl"":""https://abot.ai/careers"",""status"":0,""finalUrl"":""https://abot.ai/careers"",""ok"":false,""error"":""fetch failed"",""ats"":null,""relatedToHome"":true},{""path"":""/jobs"",""candidateUrl"":""https://abot.ai/jobs"",""status"":0,""finalUrl"":""https://abot.ai/jobs"",""ok"":false,""error"":""fetch failed"",""ats"":null,""relatedToHome"":true},{""path"":""/careers/jobs"",""candidateUrl"":""https://abot.ai/careers/jobs"",""status"":0,""finalUrl"":""https://abot.ai/careers/jobs"",""ok"":false,""error"":""fetch failed"",""ats"":null,""relatedToHome"":true},{""path"":""/join-us"",""candidateUrl"":""https://abot.ai/join-us"",""status"":0,""finalUrl"":""https://abot.ai/join-us"",""ok"":false,""error"":""fetch failed"",""ats"":null,""relatedToHome"":true},{""path"":""/work-with-us"",""candidateUrl"":""https://abot.ai/work-with-us"",""status"":0,""finalUrl"":""https://abot.ai/work-with-us"",""ok"":false,""error"":""fetch failed"",""ats"":null,""relatedToHome"":true},{""path"":""/company/careers"",""candidateUrl"":""https://abot.ai/company/careers"",""status"":0,""finalUrl"":""https://abot.ai/company/careers"",""ok"":false,""error"":""fetch failed"",""ats"":null,""relatedToHome"":true},{""path"":""/about/careers"",""candidateUrl"":""https://abot.ai/about/careers"",""status"":0,""finalUrl"":""https://abot.ai/about/careers"",""ok"":false,""error"":""fetch failed"",""ats"":null,""relatedToHome"":true},{""path"":""/opportunities"",""candidateUrl"":""https://abot.ai/opportunities"",""status"":0,""finalUrl"":""https://abot.ai/opportunities"",""ok"":false,""error"":""fetch failed"",""ats"":null,""relatedToHome"":true},{""path"":""/hiring"",""candidateUrl"":""https://abot.ai/hiring"",""status"":0,""finalUrl"":""https://abot.ai/hiring"",""ok"":false,""error"":""fetch failed"",""ats"":null,""relatedToHome"":true}],""homepageScan"":false,""homepageScanHit"":false,""finalUrl"":""https://abot.ai/"",""classification"":""fetch_failed"",""homepageError"":""fetch failed""}","2026-04-10T23:43:50.558Z","medium","Homepage request failed (network, TLS, or block); retry later or set URL manually."
"AEE Aviation Technology","cm-0009","https://aee.com/","aee.com","","","","","","","homepage_fetch_failed","fetch_failed","rejected_url_domain_fallback","full_url host is not a company homepage (www.linkedin.com); using https://aee.com/ from domain column.","{""homepageUsed"":""https://aee.com/"",""pathsTried"":[""/careers"",""/jobs"",""/careers/jobs"",""/join-us"",""/work-with-us"",""/company/careers"",""/about/careers"",""/opportunities"",""/hiring""],""probeLog"":[{""path"":""/careers"",""candidateUrl"":""https://aee.com/careers"",""status"":0,""finalUrl"":""https://aee.com/careers"",""ok"":false,""error"":""fetch failed"",""ats"":null,""relatedToHome"":true},{""path"":""/jobs"",""candidateUrl"":""https://aee.com/jobs"",""status"":0,""finalUrl"":""https://aee.com/jobs"",""ok"":false,""error"":""fetch failed"",""ats"":null,""relatedToHome"":true},{""path"":""/careers/jobs"",""candidateUrl"":""https://aee.com/careers/jobs"",""status"":0,""finalUrl"":""https://aee.com/careers/jobs"",""ok"":false,""error"":""fetch failed"",""ats"":null,""relatedToHome"":true},{""path"":""/join-us"",""candidateUrl"":""https://aee.com/join-us"",""status"":0,""finalUrl"":""https://aee.com/join-us"",""ok"":false,""error"":""fetch failed"",""ats"":null,""relatedToHome"":true},{""path"":""/work-with-us"",""candidateUrl"":""https://aee.com/work-with-us"",""status"":0,""finalUrl"":""https://aee.com/work-with-us"",""ok"":false,""error"":""fetch failed"",""ats"":null,""relatedToHome"":true},{""path"":""/company/careers"",""candidateUrl"":""https://aee.com/company/careers"",""status"":0,""finalUrl"":""https://aee.com/company/careers"",""ok"":false,""error"":""fetch failed"",""ats"":null,""relatedToHome"":true},{""path"":""/about/careers"",""candidateUrl"":""https://aee.com/about/careers"",""status"":0,""finalUrl"":""https://aee.com/about/careers"",""ok"":false,""error"":""fetch failed"",""ats"":null,""relatedToHome"":true},{""path"":""/opportunities"",""candidateUrl"":""https://aee.com/opportunities"",""status"":0,""finalUrl"":""https://aee.com/opportunities"",""ok"":false,""error"":""fetch failed"",""ats"":null,""relatedToHome"":true},{""path"":""/hiring"",""candidateUrl"":""https://aee.com/hiring"",""status"":0,""finalUrl"":""https://aee.com/hiring"",""ok"":false,""error"":""fetch failed"",""ats"":null,""relatedToHome"":true}],""homepageScan"":false,""homepageScanHit"":false,""finalUrl"":""https://aee.com/"",""classification"":""fetch_failed"",""homepageError"":""fetch failed""}","2026-04-10T23:44:30.833Z","medium","Homepage request failed (network, TLS, or block); retry later or set URL manually."
"AEE Technology","cm-0010","https://www.aee.com/","aee.com","https://www.linkedin.com/company/aee-technology","Hardware","high","","","","homepage_fetch_failed","fetch_failed","ok","","{""homepageUsed"":""https://www.aee.com/"",""pathsTried"":[""/careers"",""/jobs"",""/careers/jobs"",""/join-us"",""/work-with-us"",""/company/careers"",""/about/careers"",""/opportunities"",""/hiring""],""probeLog"":[{""path"":""/careers"",""candidateUrl"":""https://www.aee.com/careers"",""status"":0,""finalUrl"":""https://www.aee.com/careers"",""ok"":false,""error"":""fetch failed"",""ats"":null,""relatedToHome"":true},{""path"":""/jobs"",""candidateUrl"":""https://www.aee.com/jobs"",""status"":0,""finalUrl"":""https://www.aee.com/jobs"",""ok"":false,""error"":""fetch failed"",""ats"":null,""relatedToHome"":true},{""path"":""/careers/jobs"",""candidateUrl"":""https://www.aee.com/careers/jobs"",""status"":0,""finalUrl"":""https://www.aee.com/careers/jobs"",""ok"":false,""error"":""fetch failed"",""ats"":null,""relatedToHome"":true},{""path"":""/join-us"",""candidateUrl"":""https://www.aee.com/join-us"",""status"":0,""finalUrl"":""https://www.aee.com/join-us"",""ok"":false,""error"":""fetch failed"",""ats"":null,""relatedToHome"":true},{""path"":""/work-with-us"",""candidateUrl"":""https://www.aee.com/work-with-us"",""status"":0,""finalUrl"":""https://www.aee.com/work-with-us"",""ok"":false,""error"":""fetch failed"",""ats"":null,""relatedToHome"":true},{""path"":""/company/careers"",""candidateUrl"":""https://www.aee.com/company/careers"",""status"":0,""finalUrl"":""https://www.aee.com/company/careers"",""ok"":false,""error"":""fetch failed"",""ats"":null,""relatedToHome"":true},{""path"":""/about/careers"",""candidateUrl"":""https://www.aee.com/about/careers"",""status"":0,""finalUrl"":""https://www.aee.com/about/careers"",""ok"":false,""error"":""fetch failed"",""ats"":null,""relatedToHome"":true},{""path"":""/opportunities"",""candidateUrl"":""https://www.aee.com/opportunities"",""status"":0,""finalUrl"":""https://www.aee.com/opportunities"",""ok"":false,""error"":""fetch failed"",""ats"":null,""relatedToHome"":true},{""path"":""/hiring"",""candidateUrl"":""https://www.aee.com/hiring"",""status"":0,""finalUrl"":""https://www.aee.com/hiring"",""ok"":false,""error"":""fetch failed"",""ats"":null,""relatedToHome"":true}],""homepageScan"":false,""homepageScanHit"":false,""finalUrl"":""https://www.aee.com/"",""classification"":""fetch_failed"",""homepageError"":""fetch failed""}","2026-04-10T23:45:16.784Z","medium","Homepage request failed (network, TLS, or block); retry later or set URL manually."
"Aerial Applications","cm-0011","https://aerialapplications.com/","aerialapplications.com","https://www.linkedin.com/company/aerial-applications","Inspection (Energy / Infrastructure)","high","","","","homepage_fetch_failed","fetch_failed","ok","","{""homepageUsed"":""https://aerialapplications.com/"",""pathsTried"":[""/careers"",""/jobs"",""/careers/jobs"",""/join-us"",""/work-with-us"",""/company/careers"",""/about/careers"",""/opportunities"",""/hiring""],""probeLog"":[{""path"":""/careers"",""candidateUrl"":""https://aerialapplications.com/careers"",""status"":0,""finalUrl"":""https://aerialapplications.com/careers"",""ok"":false,""error"":""fetch failed"",""ats"":null,""relatedToHome"":true},{""path"":""/jobs"",""candidateUrl"":""https://aerialapplications.com/jobs"",""status"":0,""finalUrl"":""https://aerialapplications.com/jobs"",""ok"":false,""error"":""fetch failed"",""ats"":null,""relatedToHome"":true},{""path"":""/careers/jobs"",""candidateUrl"":""https://aerialapplications.com/careers/jobs"",""status"":0,""finalUrl"":""https://aerialapplications.com/careers/jobs"",""ok"":false,""error"":""fetch failed"",""ats"":null,""relatedToHome"":true},{""path"":""/join-us"",""candidateUrl"":""https://aerialapplications.com/join-us"",""status"":0,""finalUrl"":""https://aerialapplications.com/join-us"",""ok"":false,""error"":""fetch failed"",""ats"":null,""relatedToHome"":true},{""path"":""/work-with-us"",""candidateUrl"":""https://aerialapplications.com/work-with-us"",""status"":0,""finalUrl"":""https://aerialapplications.com/work-with-us"",""ok"":false,""error"":""fetch failed"",""ats"":null,""relatedToHome"":true},{""path"":""/company/careers"",""candidateUrl"":""https://aerialapplications.com/company/careers"",""status"":0,""finalUrl"":""https://aerialapplications.com/company/careers"",""ok"":false,""error"":""fetch failed"",""ats"":null,""relatedToHome"":true},{""path"":""/about/careers"",""candidateUrl"":""https://aerialapplications.com/about/careers"",""status"":0,""finalUrl"":""https://aerialapplications.com/about/careers"",""ok"":false,""error"":""fetch failed"",""ats"":null,""relatedToHome"":true},{""path"":""/opportunities"",""candidateUrl"":""https://aerialapplications.com/opportunities"",""status"":0,""finalUrl"":""https://aerialapplications.com/opportunities"",""ok"":false,""error"":""fetch failed"",""ats"":null,""relatedToHome"":true},{""path"":""/hiring"",""candidateUrl"":""https://aerialapplications.com/hiring"",""status"":0,""finalUrl"":""https://aerialapplications.com/hiring"",""ok"":false,""error"":""fetch failed"",""ats"":null,""relatedToHome"":true}],""homepageScan"":false,""homepageScanHit"":false,""finalUrl"":""https://aerialapplications.com/"",""classification"":""fetch_failed"",""homepageError"":""fetch failed""}","2026-04-10T23:46:12.777Z","medium","Homepage request failed (network, TLS, or block); retry later or set URL manually."
"Aerial Armor","cm-0012","https://aerialarmor.com/","aerialarmor.com","https://www.linkedin.com/company/aerial-armor","","medium","","","","homepage_fetch_failed","fetch_failed","rejected_url_domain_fallback","full_url host is not a company homepage (www.linkedin.com); using https://aerialarmor.com/ from domain column.","{""homepageUsed"":""https://aerialarmor.com/"",""pathsTried"":[""/careers"",""/jobs"",""/careers/jobs"",""/join-us"",""/work-with-us"",""/company/careers"",""/about/careers"",""/opportunities"",""/hiring""],""probeLog"":[{""path"":""/careers"",""candidateUrl"":""https://aerialarmor.com/careers"",""status"":0,""finalUrl"":""https://aerialarmor.com/careers"",""ok"":false,""error"":""fetch failed"",""ats"":null,""relatedToHome"":true},{""path"":""/jobs"",""candidateUrl"":""https://aerialarmor.com/jobs"",""status"":0,""finalUrl"":""https://aerialarmor.com/jobs"",""ok"":false,""error"":""fetch failed"",""ats"":null,""relatedToHome"":true},{""path"":""/careers/jobs"",""candidateUrl"":""https://aerialarmor.com/careers/jobs"",""status"":0,""finalUrl"":""https://aerialarmor.com/careers/jobs"",""ok"":false,""error"":""fetch failed"",""ats"":null,""relatedToHome"":true},{""path"":""/join-us"",""candidateUrl"":""https://aerialarmor.com/join-us"",""status"":0,""finalUrl"":""https://aerialarmor.com/join-us"",""ok"":false,""error"":""fetch failed"",""ats"":null,""relatedToHome"":true},{""path"":""/work-with-us"",""candidateUrl"":""https://aerialarmor.com/work-with-us"",""status"":0,""finalUrl"":""https://aerialarmor.com/work-with-us"",""ok"":false,""error"":""fetch failed"",""ats"":null,""relatedToHome"":true},{""path"":""/company/careers"",""candidateUrl"":""https://aerialarmor.com/company/careers"",""status"":0,""finalUrl"":""https://aerialarmor.com/company/careers"",""ok"":false,""error"":""fetch failed"",""ats"":null,""relatedToHome"":true},{""path"":""/about/careers"",""candidateUrl"":""https://aerialarmor.com/about/careers"",""status"":0,""finalUrl"":""https://aerialarmor.com/about/careers"",""ok"":false,""error"":""fetch failed"",""ats"":null,""relatedToHome"":true},{""path"":""/opportunities"",""candidateUrl"":""https://aerialarmor.com/opportunities"",""status"":0,""finalUrl"":""https://aerialarmor.com/opportunities"",""ok"":false,""error"":""fetch failed"",""ats"":null,""relatedToHome"":true},{""path"":""/hiring"",""candidateUrl"":""https://aerialarmor.com/hiring"",""status"":0,""finalUrl"":""https://aerialarmor.com/hiring"",""ok"":false,""error"":""fetch failed"",""ats"":null,""relatedToHome"":true}],""homepageScan"":false,""homepageScanHit"":false,""finalUrl"":""https://aerialarmor.com/"",""classification"":""fetch_failed"",""homepageError"":""fetch failed""}","2026-04-10T23:46:13.601Z","medium","Homepage request failed (network, TLS, or block); retry later or set URL manually."
"Aerial Filmworks","cm-0013","https://aerialfilmworks.com/","aerialfilmworks.com","https://www.linkedin.com/company/aerial-filmworks","Training & Services","high","","","","js_rendered_suspected","js_rendered_suspected","ok","","{""homepageUsed"":""https://aerialfilmworks.com/"",""pathsTried"":[""/careers"",""/jobs"",""/careers/jobs"",""/join-us"",""/work-with-us"",""/company/careers"",""/about/careers"",""/opportunities"",""/hiring""],""probeLog"":[{""path"":""/careers"",""candidateUrl"":""https://aerialfilmworks.com/careers"",""status"":307,""finalUrl"":""https://www.nv5.com/geospatial/solutions/geo1-1/"",""ok"":false,""error"":null,""ats"":null,""relatedToHome"":false},{""path"":""/jobs"",""candidateUrl"":""https://aerialfilmworks.com/jobs"",""status"":307,""finalUrl"":""https://www.nv5.com/geospatial/solutions/geo1-1/"",""ok"":false,""error"":null,""ats"":null,""relatedToHome"":false},{""path"":""/careers/jobs"",""candidateUrl"":""https://aerialfilmworks.com/careers/jobs"",""status"":307,""finalUrl"":""https://www.nv5.com/geospatial/solutions/geo1-1/"",""ok"":false,""error"":null,""ats"":null,""relatedToHome"":false},{""path"":""/join-us"",""candidateUrl"":""https://aerialfilmworks.com/join-us"",""status"":307,""finalUrl"":""https://www.nv5.com/geospatial/solutions/geo1-1/"",""ok"":false,""error"":null,""ats"":null,""relatedToHome"":false},{""path"":""/work-with-us"",""candidateUrl"":""https://aerialfilmworks.com/work-with-us"",""status"":307,""finalUrl"":""https://www.nv5.com/geospatial/solutions/geo1-1/"",""ok"":false,""error"":null,""ats"":null,""relatedToHome"":false},{""path"":""/company/careers"",""candidateUrl"":""https://aerialfilmworks.com/company/careers"",""status"":307,""finalUrl"":""https://www.nv5.com/geospatial/solutions/geo1-1/"",""ok"":false,""error"":null,""ats"":null,""relatedToHome"":false},{""path"":""/about/careers"",""candidateUrl"":""https://aerialfilmworks.com/about/careers"",""status"":307,""finalUrl"":""https://www.nv5.com/geospatial/solutions/geo1-1/"",""ok"":false,""error"":null,""ats"":null,""relatedToHome"":false},{""path"":""/opportunities"",""candidateUrl"":""https://aerialfilmworks.com/opportunities"",""status"":307,""finalUrl"":""https://www.nv5.com/geospatial/solutions/geo1-1/"",""ok"":false,""error"":null,""ats"":null,""relatedToHome"":false},{""path"":""/hiring"",""candidateUrl"":""https://aerialfilmworks.com/hiring"",""status"":307,""finalUrl"":""https://www.nv5.com/geospatial/solutions/geo1-1/"",""ok"":false,""error"":null,""ats"":null,""relatedToHome"":false}],""homepageScan"":true,""homepageScanHit"":true,""finalUrl"":""https://www.nv5.com/geospatial/solutions/geo1-1/"",""classification"":""js_rendered_suspected"",""reason"":""thin_html_no_career_links""}","2026-04-10T23:46:16.808Z","medium","Careers content may be JavaScript-rendered; static HTML extraction may miss listings."
"Aerial Productions","cm-0016","https://aerialproductions.com/","aerialproductions.com","https://www.linkedin.com/company/aerial-productions","","medium","","","","careers_not_found","careers_not_found","rejected_url_domain_fallback","full_url host is not a company homepage (www.linkedin.com); using https://aerialproductions.com/ from domain column.","{""homepageUsed"":""https://aerialproductions.com/"",""pathsTried"":[""/careers"",""/jobs"",""/careers/jobs"",""/join-us"",""/work-with-us"",""/company/careers"",""/about/careers"",""/opportunities"",""/hiring""],""probeLog"":[{""path"":""/careers"",""candidateUrl"":""https://aerialproductions.com/careers"",""status"":0,""finalUrl"":""https://aerialproductions.com/careers"",""ok"":false,""error"":""fetch failed"",""ats"":null,""relatedToHome"":true},{""path"":""/jobs"",""candidateUrl"":""https://aerialproductions.com/jobs"",""status"":0,""finalUrl"":""https://aerialproductions.com/jobs"",""ok"":false,""error"":""fetch failed"",""ats"":null,""relatedToHome"":true},{""path"":""/careers/jobs"",""candidateUrl"":""https://aerialproductions.com/careers/jobs"",""status"":0,""finalUrl"":""https://aerialproductions.com/careers/jobs"",""ok"":false,""error"":""fetch failed"",""ats"":null,""relatedToHome"":true},{""path"":""/join-us"",""candidateUrl"":""https://aerialproductions.com/join-us"",""status"":0,""finalUrl"":""https://aerialproductions.com/join-us"",""ok"":false,""error"":""fetch failed"",""ats"":null,""relatedToHome"":true},{""path"":""/work-with-us"",""candidateUrl"":""https://aerialproductions.com/work-with-us"",""status"":0,""finalUrl"":""https://aerialproductions.com/work-with-us"",""ok"":false,""error"":""fetch failed"",""ats"":null,""relatedToHome"":true},{""path"":""/company/careers"",""candidateUrl"":""https://aerialproductions.com/company/careers"",""status"":0,""finalUrl"":""https://aerialproductions.com/company/careers"",""ok"":false,""error"":""fetch failed"",""ats"":null,""relatedToHome"":true},{""path"":""/about/careers"",""candidateUrl"":""https://aerialproductions.com/about/careers"",""status"":0,""finalUrl"":""https://aerialproductions.com/about/careers"",""ok"":false,""error"":""fetch failed"",""ats"":null,""relatedToHome"":true},{""path"":""/opportunities"",""candidateUrl"":""https://aerialproductions.com/opportunities"",""status"":0,""finalUrl"":""https://aerialproductions.com/opportunities"",""ok"":false,""error"":""fetch failed"",""ats"":null,""relatedToHome"":true},{""path"":""/hiring"",""candidateUrl"":""https://aerialproductions.com/hiring"",""status"":0,""finalUrl"":""https://aerialproductions.com/hiring"",""ok"":false,""error"":""fetch failed"",""ats"":null,""relatedToHome"":true}],""homepageScan"":true,""homepageScanHit"":true,""finalUrl"":""https://aerialproductions.com/"",""classification"":""careers_not_found"",""homepageScanHits"":0}","2026-04-10T23:46:24.990Z","medium","No careers URL discovered with default probes; may need alternate path or manual link."
"Aerial Vision International","cm-0020","https://aerialvisionint.com/","aerialvisionint.com","https://www.linkedin.com/company/aerial-vision-international","Inspection (Energy / Infrastructure)","high","","","","homepage_fetch_failed","fetch_failed","ok","","{""homepageUsed"":""https://aerialvisionint.com/"",""pathsTried"":[""/careers"",""/jobs"",""/careers/jobs"",""/join-us"",""/work-with-us"",""/company/careers"",""/about/careers"",""/opportunities"",""/hiring""],""probeLog"":[{""path"":""/careers"",""candidateUrl"":""https://aerialvisionint.com/careers"",""status"":0,""finalUrl"":""https://aerialvisionint.com/careers"",""ok"":false,""error"":""fetch failed"",""ats"":null,""relatedToHome"":true},{""path"":""/jobs"",""candidateUrl"":""https://aerialvisionint.com/jobs"",""status"":0,""finalUrl"":""https://aerialvisionint.com/jobs"",""ok"":false,""error"":""fetch failed"",""ats"":null,""relatedToHome"":true},{""path"":""/careers/jobs"",""candidateUrl"":""https://aerialvisionint.com/careers/jobs"",""status"":0,""finalUrl"":""https://aerialvisionint.com/careers/jobs"",""ok"":false,""error"":""fetch failed"",""ats"":null,""relatedToHome"":true},{""path"":""/join-us"",""candidateUrl"":""https://aerialvisionint.com/join-us"",""status"":0,""finalUrl"":""https://aerialvisionint.com/join-us"",""ok"":false,""error"":""fetch failed"",""ats"":null,""relatedToHome"":true},{""path"":""/work-with-us"",""candidateUrl"":""https://aerialvisionint.com/work-with-us"",""status"":0,""finalUrl"":""https://aerialvisionint.com/work-with-us"",""ok"":false,""error"":""fetch failed"",""ats"":null,""relatedToHome"":true},{""path"":""/company/careers"",""candidateUrl"":""https://aerialvisionint.com/company/careers"",""status"":0,""finalUrl"":""https://aerialvisionint.com/company/careers"",""ok"":false,""error"":""fetch failed"",""ats"":null,""relatedToHome"":true},{""path"":""/about/careers"",""candidateUrl"":""https://aerialvisionint.com/about/careers"",""status"":0,""finalUrl"":""https://aerialvisionint.com/about/careers"",""ok"":false,""error"":""fetch failed"",""ats"":null,""relatedToHome"":true},{""path"":""/opportunities"",""candidateUrl"":""https://aerialvisionint.com/opportunities"",""status"":0,""finalUrl"":""https://aerialvisionint.com/opportunities"",""ok"":false,""error"":""fetch failed"",""ats"":null,""relatedToHome"":true},{""path"":""/hiring"",""candidateUrl"":""https://aerialvisionint.com/hiring"",""status"":0,""finalUrl"":""https://aerialvisionint.com/hiring"",""ok"":false,""error"":""fetch failed"",""ats"":null,""relatedToHome"":true}],""homepageScan"":false,""homepageScanHit"":false,""finalUrl"":""https://aerialvisionint.com/"",""classification"":""fetch_failed"",""homepageError"":""fetch failed""}","2026-04-10T23:46:37.281Z","medium","Homepage request failed (network, TLS, or block); retry later or set URL manually."
"Aerial Vision Systems","cm-0021","https://aerialvisionsystems.com/","aerialvisionsystems.com","https://www.linkedin.com/company/aerial-vision-systems","","medium","","","","homepage_fetch_failed","fetch_failed","rejected_url_domain_fallback","full_url host is not a company homepage (www.linkedin.com); using https://aerialvisionsystems.com/ from domain column.","{""homepageUsed"":""https://aerialvisionsystems.com/"",""pathsTried"":[""/careers"",""/jobs"",""/careers/jobs"",""/join-us"",""/work-with-us"",""/company/careers"",""/about/careers"",""/opportunities"",""/hiring""],""probeLog"":[{""path"":""/careers"",""candidateUrl"":""https://aerialvisionsystems.com/careers"",""status"":0,""finalUrl"":""https://aerialvisionsystems.com/careers"",""ok"":false,""error"":""fetch failed"",""ats"":null,""relatedToHome"":true},{""path"":""/jobs"",""candidateUrl"":""https://aerialvisionsystems.com/jobs"",""status"":0,""finalUrl"":""https://aerialvisionsystems.com/jobs"",""ok"":false,""error"":""fetch failed"",""ats"":null,""relatedToHome"":true},{""path"":""/careers/jobs"",""candidateUrl"":""https://aerialvisionsystems.com/careers/jobs"",""status"":0,""finalUrl"":""https://aerialvisionsystems.com/careers/jobs"",""ok"":false,""error"":""fetch failed"",""ats"":null,""relatedToHome"":true},{""path"":""/join-us"",""candidateUrl"":""https://aerialvisionsystems.com/join-us"",""status"":0,""finalUrl"":""https://aerialvisionsystems.com/join-us"",""ok"":false,""error"":""fetch failed"",""ats"":null,""relatedToHome"":true},{""path"":""/work-with-us"",""candidateUrl"":""https://aerialvisionsystems.com/work-with-us"",""status"":0,""finalUrl"":""https://aerialvisionsystems.com/work-with-us"",""ok"":false,""error"":""fetch failed"",""ats"":null,""relatedToHome"":true},{""path"":""/company/careers"",""candidateUrl"":""https://aerialvisionsystems.com/company/careers"",""status"":0,""finalUrl"":""https://aerialvisionsystems.com/company/careers"",""ok"":false,""error"":""fetch failed"",""ats"":null,""relatedToHome"":true},{""path"":""/about/careers"",""candidateUrl"":""https://aerialvisionsystems.com/about/careers"",""status"":0,""finalUrl"":""https://aerialvisionsystems.com/about/careers"",""ok"":false,""error"":""fetch failed"",""ats"":null,""relatedToHome"":true},{""path"":""/opportunities"",""candidateUrl"":""https://aerialvisionsystems.com/opportunities"",""status"":0,""finalUrl"":""https://aerialvisionsystems.com/opportunities"",""ok"":false,""error"":""fetch failed"",""ats"":null,""relatedToHome"":true},{""path"":""/hiring"",""candidateUrl"":""https://aerialvisionsystems.com/hiring"",""status"":0,""finalUrl"":""https://aerialvisionsystems.com/hiring"",""ok"":false,""error"":""fetch failed"",""ats"":null,""relatedToHome"":true}],""homepageScan"":false,""homepageScanHit"":false,""finalUrl"":""https://aerialvisionsystems.com/"",""classification"":""fetch_failed"",""homepageError"":""fetch failed""}","2026-04-10T23:46:38.079Z","medium","Homepage request failed (network, TLS, or block); retry later or set URL manually."
"Aerialtronics","cm-0022","https://aerialtronics.com/","aerialtronics.com","https://www.linkedin.com/company/aerialtronics","Hardware","high","","","","homepage_fetch_failed","fetch_failed","ok","","{""homepageUsed"":""https://aerialtronics.com/"",""pathsTried"":[""/careers"",""/jobs"",""/careers/jobs"",""/join-us"",""/work-with-us"",""/company/careers"",""/about/careers"",""/opportunities"",""/hiring""],""probeLog"":[{""path"":""/careers"",""candidateUrl"":""https://aerialtronics.com/careers"",""status"":0,""finalUrl"":""https://aerialtronics.com/careers"",""ok"":false,""error"":""fetch failed"",""ats"":null,""relatedToHome"":true},{""path"":""/jobs"",""candidateUrl"":""https://aerialtronics.com/jobs"",""status"":0,""finalUrl"":""https://aerialtronics.com/jobs"",""ok"":false,""error"":""fetch failed"",""ats"":null,""relatedToHome"":true},{""path"":""/careers/jobs"",""candidateUrl"":""https://aerialtronics.com/careers/jobs"",""status"":0,""finalUrl"":""https://aerialtronics.com/careers/jobs"",""ok"":false,""error"":""fetch failed"",""ats"":null,""relatedToHome"":true},{""path"":""/join-us"",""candidateUrl"":""https://aerialtronics.com/join-us"",""status"":0,""finalUrl"":""https://aerialtronics.com/join-us"",""ok"":false,""error"":""fetch failed"",""ats"":null,""relatedToHome"":true},{""path"":""/work-with-us"",""candidateUrl"":""https://aerialtronics.com/work-with-us"",""status"":0,""finalUrl"":""https://aerialtronics.com/work-with-us"",""ok"":false,""error"":""fetch failed"",""ats"":null,""relatedToHome"":true},{""path"":""/company/careers"",""candidateUrl"":""https://aerialtronics.com/company/careers"",""status"":0,""finalUrl"":""https://aerialtronics.com/company/careers"",""ok"":false,""error"":""fetch failed"",""ats"":null,""relatedToHome"":true},{""path"":""/about/careers"",""candidateUrl"":""https://aerialtronics.com/about/careers"",""status"":0,""finalUrl"":""https://aerialtronics.com/about/careers"",""ok"":false,""error"":""fetch failed"",""ats"":null,""relatedToHome"":true},{""path"":""/opportunities"",""candidateUrl"":""https://aerialtronics.com/opportunities"",""status"":0,""finalUrl"":""https://aerialtronics.com/opportunities"",""ok"":false,""error"":""fetch failed"",""ats"":null,""relatedToHome"":true},{""path"":""/hiring"",""candidateUrl"":""https://aerialtronics.com/hiring"",""status"":0,""finalUrl"":""https://aerialtronics.com/hiring"",""ok"":false,""error"":""fetch failed"",""ats"":null,""relatedToHome"":true}],""homepageScan"":false,""homepageScanHit"":false,""finalUrl"":""https://aerialtronics.com/"",""classification"":""fetch_failed"",""homepageError"":""fetch failed""}","2026-04-10T23:46:38.897Z","medium","Homepage request failed (network, TLS, or block); retry later or set URL manually."
"AerialWorks","cm-0023","https://aerialworks.co/","aerialworks.co","https://www.linkedin.com/company/aerialworks","Inspection (Energy / Infrastructure)","high","","","","homepage_fetch_failed","fetch_failed","ok","","{""homepageUsed"":""https://aerialworks.co/"",""pathsTried"":[""/careers"",""/jobs"",""/careers/jobs"",""/join-us"",""/work-with-us"",""/company/careers"",""/about/careers"",""/opportunities"",""/hiring""],""probeLog"":[{""path"":""/careers"",""candidateUrl"":""https://aerialworks.co/careers"",""status"":0,""finalUrl"":""https://aerialworks.co/careers"",""ok"":false,""error"":""fetch failed"",""ats"":null,""relatedToHome"":true},{""path"":""/jobs"",""candidateUrl"":""https://aerialworks.co/jobs"",""status"":0,""finalUrl"":""https://aerialworks.co/jobs"",""ok"":false,""error"":""fetch failed"",""ats"":null,""relatedToHome"":true},{""path"":""/careers/jobs"",""candidateUrl"":""https://aerialworks.co/careers/jobs"",""status"":0,""finalUrl"":""https://aerialworks.co/careers/jobs"",""ok"":false,""error"":""fetch failed"",""ats"":null,""relatedToHome"":true},{""path"":""/join-us"",""candidateUrl"":""https://aerialworks.co/join-us"",""status"":0,""finalUrl"":""https://aerialworks.co/join-us"",""ok"":false,""error"":""fetch failed"",""ats"":null,""relatedToHome"":true},{""path"":""/work-with-us"",""candidateUrl"":""https://aerialworks.co/work-with-us"",""status"":0,""finalUrl"":""https://aerialworks.co/work-with-us"",""ok"":false,""error"":""fetch failed"",""ats"":null,""relatedToHome"":true},{""path"":""/company/careers"",""candidateUrl"":""https://aerialworks.co/company/careers"",""status"":0,""finalUrl"":""https://aerialworks.co/company/careers"",""ok"":false,""error"":""fetch failed"",""ats"":null,""relatedToHome"":true},{""path"":""/about/careers"",""candidateUrl"":""https://aerialworks.co/about/careers"",""status"":0,""finalUrl"":""https://aerialworks.co/about/careers"",""ok"":false,""error"":""fetch failed"",""ats"":null,""relatedToHome"":true},{""path"":""/opportunities"",""candidateUrl"":""https://aerialworks.co/opportunities"",""status"":0,""finalUrl"":""https://aerialworks.co/opportunities"",""ok"":false,""error"":""fetch failed"",""ats"":null,""relatedToHome"":true},{""path"":""/hiring"",""candidateUrl"":""https://aerialworks.co/hiring"",""status"":0,""finalUrl"":""https://aerialworks.co/hiring"",""ok"":false,""error"":""fetch failed"",""ats"":null,""relatedToHome"":true}],""homepageScan"":false,""homepageScanHit"":false,""finalUrl"":""https://aerialworks.co/"",""classification"":""fetch_failed"",""homepageError"":""fetch failed""}","2026-04-10T23:46:40.197Z","medium","Homepage request failed (network, TLS, or block); retry later or set URL manually."
"Aernnova Aerospace","cm-0024","https://aernnova.com/","aernnova.com","https://www.linkedin.com/company/aernnova","Hardware","high","","","","homepage_fetch_failed","fetch_failed","ok","","{""homepageUsed"":""https://aernnova.com/"",""pathsTried"":[""/careers"",""/jobs"",""/careers/jobs"",""/join-us"",""/work-with-us"",""/company/careers"",""/about/careers"",""/opportunities"",""/hiring""],""probeLog"":[{""path"":""/careers"",""candidateUrl"":""https://aernnova.com/careers"",""status"":0,""finalUrl"":""https://aernnova.com/careers"",""ok"":false,""error"":""fetch failed"",""ats"":null,""relatedToHome"":true},{""path"":""/jobs"",""candidateUrl"":""https://aernnova.com/jobs"",""status"":0,""finalUrl"":""https://aernnova.com/jobs"",""ok"":false,""error"":""fetch failed"",""ats"":null,""relatedToHome"":true},{""path"":""/careers/jobs"",""candidateUrl"":""https://aernnova.com/careers/jobs"",""status"":0,""finalUrl"":""https://aernnova.com/careers/jobs"",""ok"":false,""error"":""fetch failed"",""ats"":null,""relatedToHome"":true},{""path"":""/join-us"",""candidateUrl"":""https://aernnova.com/join-us"",""status"":0,""finalUrl"":""https://aernnova.com/join-us"",""ok"":false,""error"":""fetch failed"",""ats"":null,""relatedToHome"":true},{""path"":""/work-with-us"",""candidateUrl"":""https://aernnova.com/work-with-us"",""status"":0,""finalUrl"":""https://aernnova.com/work-with-us"",""ok"":false,""error"":""fetch failed"",""ats"":null,""relatedToHome"":true},{""path"":""/company/careers"",""candidateUrl"":""https://aernnova.com/company/careers"",""status"":0,""finalUrl"":""https://aernnova.com/company/careers"",""ok"":false,""error"":""fetch failed"",""ats"":null,""relatedToHome"":true},{""path"":""/about/careers"",""candidateUrl"":""https://aernnova.com/about/careers"",""status"":0,""finalUrl"":""https://aernnova.com/about/careers"",""ok"":false,""error"":""fetch failed"",""ats"":null,""relatedToHome"":true},{""path"":""/opportunities"",""candidateUrl"":""https://aernnova.com/opportunities"",""status"":0,""finalUrl"":""https://aernnova.com/opportunities"",""ok"":false,""error"":""fetch failed"",""ats"":null,""relatedToHome"":true},{""path"":""/hiring"",""candidateUrl"":""https://aernnova.com/hiring"",""status"":0,""finalUrl"":""https://aernnova.com/hiring"",""ok"":false,""error"":""fetch failed"",""ats"":null,""relatedToHome"":true}],""homepageScan"":false,""homepageScanHit"":false,""finalUrl"":""https://aernnova.com/"",""classification"":""fetch_failed"",""homepageError"":""fetch failed""}","2026-04-10T23:46:41.010Z","medium","Homepage request failed (network, TLS, or block); retry later or set URL manually."
"Aero Imaging Services","cm-0025","https://aeroimagingservices.com/","aeroimagingservices.com","https://www.linkedin.com/company/aero-imaging-services","","low","","","","homepage_fetch_failed","fetch_failed","rejected_url_domain_fallback","full_url host is not a company homepage (www.linkedin.com); using https://aeroimagingservices.com/ from domain column.","{""homepageUsed"":""https://aeroimagingservices.com/"",""pathsTried"":[""/careers"",""/jobs"",""/careers/jobs"",""/join-us"",""/work-with-us"",""/company/careers"",""/about/careers"",""/opportunities"",""/hiring""],""probeLog"":[{""path"":""/careers"",""candidateUrl"":""https://aeroimagingservices.com/careers"",""status"":0,""finalUrl"":""https://aeroimagingservices.com/careers"",""ok"":false,""error"":""fetch failed"",""ats"":null,""relatedToHome"":true},{""path"":""/jobs"",""candidateUrl"":""https://aeroimagingservices.com/jobs"",""status"":0,""finalUrl"":""https://aeroimagingservices.com/jobs"",""ok"":false,""error"":""fetch failed"",""ats"":null,""relatedToHome"":true},{""path"":""/careers/jobs"",""candidateUrl"":""https://aeroimagingservices.com/careers/jobs"",""status"":0,""finalUrl"":""https://aeroimagingservices.com/careers/jobs"",""ok"":false,""error"":""fetch failed"",""ats"":null,""relatedToHome"":true},{""path"":""/join-us"",""candidateUrl"":""https://aeroimagingservices.com/join-us"",""status"":0,""finalUrl"":""https://aeroimagingservices.com/join-us"",""ok"":false,""error"":""fetch failed"",""ats"":null,""relatedToHome"":true},{""path"":""/work-with-us"",""candidateUrl"":""https://aeroimagingservices.com/work-with-us"",""status"":0,""finalUrl"":""https://aeroimagingservices.com/work-with-us"",""ok"":false,""error"":""fetch failed"",""ats"":null,""relatedToHome"":true},{""path"":""/company/careers"",""candidateUrl"":""https://aeroimagingservices.com/company/careers"",""status"":0,""finalUrl"":""https://aeroimagingservices.com/company/careers"",""ok"":false,""error"":""fetch failed"",""ats"":null,""relatedToHome"":true},{""path"":""/about/careers"",""candidateUrl"":""https://aeroimagingservices.com/about/careers"",""status"":0,""finalUrl"":""https://aeroimagingservices.com/about/careers"",""ok"":false,""error"":""fetch failed"",""ats"":null,""relatedToHome"":true},{""path"":""/opportunities"",""candidateUrl"":""https://aeroimagingservices.com/opportunities"",""status"":0,""finalUrl"":""https://aeroimagingservices.com/opportunities"",""ok"":false,""error"":""fetch failed"",""ats"":null,""relatedToHome"":true},{""path"":""/hiring"",""candidateUrl"":""https://aeroimagingservices.com/hiring"",""status"":0,""finalUrl"":""https://aeroimagingservices.com/hiring"",""ok"":false,""error"":""fetch failed"",""ats"":null,""relatedToHome"":true}],""homepageScan"":false,""homepageScanHit"":false,""finalUrl"":""https://aeroimagingservices.com/"",""classification"":""fetch_failed"",""homepageError"":""fetch failed""}","2026-04-10T23:46:44.970Z","medium","Homepage request failed (network, TLS, or block); retry later or set URL manually."
"Aeronautics Group","cm-0031","https://aeronautics-sys.com/","aeronautics-sys.com","https://www.linkedin.com/company/aeronautics-ltd","Defense","high","","","","careers_not_found","careers_not_found","ok","","{""homepageUsed"":""https://aeronautics-sys.com/"",""pathsTried"":[""/careers"",""/jobs"",""/careers/jobs"",""/join-us"",""/work-with-us"",""/company/careers"",""/about/careers"",""/opportunities"",""/hiring""],""probeLog"":[{""path"":""/careers"",""candidateUrl"":""https://aeronautics-sys.com/careers"",""status"":403,""finalUrl"":""https://aeronautics-sys.com/careers"",""ok"":false,""error"":null,""ats"":null,""relatedToHome"":true},{""path"":""/jobs"",""candidateUrl"":""https://aeronautics-sys.com/jobs"",""status"":403,""finalUrl"":""https://aeronautics-sys.com/jobs"",""ok"":false,""error"":null,""ats"":null,""relatedToHome"":true},{""path"":""/careers/jobs"",""candidateUrl"":""https://aeronautics-sys.com/careers/jobs"",""status"":403,""finalUrl"":""https://aeronautics-sys.com/careers/jobs"",""ok"":false,""error"":null,""ats"":null,""relatedToHome"":true},{""path"":""/join-us"",""candidateUrl"":""https://aeronautics-sys.com/join-us"",""status"":403,""finalUrl"":""https://aeronautics-sys.com/join-us"",""ok"":false,""error"":null,""ats"":null,""relatedToHome"":true},{""path"":""/work-with-us"",""candidateUrl"":""https://aeronautics-sys.com/work-with-us"",""status"":403,""finalUrl"":""https://aeronautics-sys.com/work-with-us"",""ok"":false,""error"":null,""ats"":null,""relatedToHome"":true},{""path"":""/company/careers"",""candidateUrl"":""https://aeronautics-sys.com/company/careers"",""status"":403,""finalUrl"":""https://aeronautics-sys.com/company/careers"",""ok"":false,""error"":null,""ats"":null,""relatedToHome"":true},{""path"":""/about/careers"",""candidateUrl"":""https://aeronautics-sys.com/about/careers"",""status"":403,""finalUrl"":""https://aeronautics-sys.com/about/careers"",""ok"":false,""error"":null,""ats"":null,""relatedToHome"":true},{""path"":""/opportunities"",""candidateUrl"":""https://aeronautics-sys.com/opportunities"",""status"":403,""finalUrl"":""https://aeronautics-sys.com/opportunities"",""ok"":false,""error"":null,""ats"":null,""relatedToHome"":true},{""path"":""/hiring"",""candidateUrl"":""https://aeronautics-sys.com/hiring"",""status"":403,""finalUrl"":""https://aeronautics-sys.com/hiring"",""ok"":false,""error"":null,""ats"":null,""relatedToHome"":true}],""homepageScan"":true,""homepageScanHit"":true,""finalUrl"":""https://aeronautics-sys.com/"",""classification"":""careers_not_found"",""homepageScanHits"":0}","2026-04-10T23:46:58.330Z","medium","No careers URL discovered with default probes; may need alternate path or manual link."
"AeroVision Africa","cm-0039","https://aerovisionafrica.com/","aerovisionafrica.com","https://www.linkedin.com/company/aerovision-africa","","low","","","","homepage_fetch_failed","fetch_failed","rejected_url_domain_fallback","full_url host is not a company homepage (www.linkedin.com); using https://aerovisionafrica.com/ from domain column.","{""homepageUsed"":""https://aerovisionafrica.com/"",""pathsTried"":[""/careers"",""/jobs"",""/careers/jobs"",""/join-us"",""/work-with-us"",""/company/careers"",""/about/careers"",""/opportunities"",""/hiring""],""probeLog"":[{""path"":""/careers"",""candidateUrl"":""https://aerovisionafrica.com/careers"",""status"":0,""finalUrl"":""https://aerovisionafrica.com/careers"",""ok"":false,""error"":""fetch failed"",""ats"":null,""relatedToHome"":true},{""path"":""/jobs"",""candidateUrl"":""https://aerovisionafrica.com/jobs"",""status"":0,""finalUrl"":""https://aerovisionafrica.com/jobs"",""ok"":false,""error"":""fetch failed"",""ats"":null,""relatedToHome"":true},{""path"":""/careers/jobs"",""candidateUrl"":""https://aerovisionafrica.com/careers/jobs"",""status"":0,""finalUrl"":""https://aerovisionafrica.com/careers/jobs"",""ok"":false,""error"":""fetch failed"",""ats"":null,""relatedToHome"":true},{""path"":""/join-us"",""candidateUrl"":""https://aerovisionafrica.com/join-us"",""status"":0,""finalUrl"":""https://aerovisionafrica.com/join-us"",""ok"":false,""error"":""fetch failed"",""ats"":null,""relatedToHome"":true},{""path"":""/work-with-us"",""candidateUrl"":""https://aerovisionafrica.com/work-with-us"",""status"":0,""finalUrl"":""https://aerovisionafrica.com/work-with-us"",""ok"":false,""error"":""fetch failed"",""ats"":null,""relatedToHome"":true},{""path"":""/company/careers"",""candidateUrl"":""https://aerovisionafrica.com/company/careers"",""status"":0,""finalUrl"":""https://aerovisionafrica.com/company/careers"",""ok"":false,""error"":""fetch failed"",""ats"":null,""relatedToHome"":true},{""path"":""/about/careers"",""candidateUrl"":""https://aerovisionafrica.com/about/careers"",""status"":0,""finalUrl"":""https://aerovisionafrica.com/about/careers"",""ok"":false,""error"":""fetch failed"",""ats"":null,""relatedToHome"":true},{""path"":""/opportunities"",""candidateUrl"":""https://aerovisionafrica.com/opportunities"",""status"":0,""finalUrl"":""https://aerovisionafrica.com/opportunities"",""ok"":false,""error"":""fetch failed"",""ats"":null,""relatedToHome"":true},{""path"":""/hiring"",""candidateUrl"":""https://aerovisionafrica.com/hiring"",""status"":0,""finalUrl"":""https://aerovisionafrica.com/hiring"",""ok"":false,""error"":""fetch failed"",""ats"":null,""relatedToHome"":true}],""homepageScan"":false,""homepageScanHit"":false,""finalUrl"":""https://aerovisionafrica.com/"",""classification"":""fetch_failed"",""homepageError"":""fetch failed""}","2026-04-10T23:47:15.093Z","medium","Homepage request failed (network, TLS, or block); retry later or set URL manually."
"Agilica BV","cm-0048","https://agilica.nl/","agilica.nl","https://www.linkedin.com/company/agilica","Inspection (Energy / Infrastructure)","high","","","","homepage_fetch_failed","fetch_failed","ok","","{""homepageUsed"":""https://agilica.nl/"",""pathsTried"":[""/careers"",""/jobs"",""/careers/jobs"",""/join-us"",""/work-with-us"",""/company/careers"",""/about/careers"",""/opportunities"",""/hiring""],""probeLog"":[{""path"":""/careers"",""candidateUrl"":""https://agilica.nl/careers"",""status"":0,""finalUrl"":""https://agilica.nl/careers"",""ok"":false,""error"":""fetch failed"",""ats"":null,""relatedToHome"":true},{""path"":""/jobs"",""candidateUrl"":""https://agilica.nl/jobs"",""status"":0,""finalUrl"":""https://agilica.nl/jobs"",""ok"":false,""error"":""fetch failed"",""ats"":null,""relatedToHome"":true},{""path"":""/careers/jobs"",""candidateUrl"":""https://agilica.nl/careers/jobs"",""status"":0,""finalUrl"":""https://agilica.nl/careers/jobs"",""ok"":false,""error"":""fetch failed"",""ats"":null,""relatedToHome"":true},{""path"":""/join-us"",""candidateUrl"":""https://agilica.nl/join-us"",""status"":0,""finalUrl"":""https://agilica.nl/join-us"",""ok"":false,""error"":""fetch failed"",""ats"":null,""relatedToHome"":true},{""path"":""/work-with-us"",""candidateUrl"":""https://agilica.nl/work-with-us"",""status"":0,""finalUrl"":""https://agilica.nl/work-with-us"",""ok"":false,""error"":""fetch failed"",""ats"":null,""relatedToHome"":true},{""path"":""/company/careers"",""candidateUrl"":""https://agilica.nl/company/careers"",""status"":0,""finalUrl"":""https://agilica.nl/company/careers"",""ok"":false,""error"":""fetch failed"",""ats"":null,""relatedToHome"":true},{""path"":""/about/careers"",""candidateUrl"":""https://agilica.nl/about/careers"",""status"":0,""finalUrl"":""https://agilica.nl/about/careers"",""ok"":false,""error"":""fetch failed"",""ats"":null,""relatedToHome"":true},{""path"":""/opportunities"",""candidateUrl"":""https://agilica.nl/opportunities"",""status"":0,""finalUrl"":""https://agilica.nl/opportunities"",""ok"":false,""error"":""fetch failed"",""ats"":null,""relatedToHome"":true},{""path"":""/hiring"",""candidateUrl"":""https://agilica.nl/hiring"",""status"":0,""finalUrl"":""https://agilica.nl/hiring"",""ok"":false,""error"":""fetch failed"",""ats"":null,""relatedToHome"":true}],""homepageScan"":false,""homepageScanHit"":false,""finalUrl"":""https://agilica.nl/"",""classification"":""fetch_failed"",""homepageError"":""fetch failed""}","2026-04-10T23:47:42.856Z","medium","Homepage request failed (network, TLS, or block); retry later or set URL manually."
"Airbotics","cm-0052","https://airbotics.eu/","airbotics.eu","https://www.linkedin.com/company/airbotics","","low","","","","homepage_fetch_failed","fetch_failed","rejected_url_domain_fallback","full_url host is not a company homepage (www.linkedin.com); using https://airbotics.eu/ from domain column.","{""homepageUsed"":""https://airbotics.eu/"",""pathsTried"":[""/careers"",""/jobs"",""/careers/jobs"",""/join-us"",""/work-with-us"",""/company/careers"",""/about/careers"",""/opportunities"",""/hiring""],""probeLog"":[{""path"":""/careers"",""candidateUrl"":""https://airbotics.eu/careers"",""status"":0,""finalUrl"":""https://airbotics.eu/careers"",""ok"":false,""error"":""fetch failed"",""ats"":null,""relatedToHome"":true},{""path"":""/jobs"",""candidateUrl"":""https://airbotics.eu/jobs"",""status"":0,""finalUrl"":""https://airbotics.eu/jobs"",""ok"":false,""error"":""fetch failed"",""ats"":null,""relatedToHome"":true},{""path"":""/careers/jobs"",""candidateUrl"":""https://airbotics.eu/careers/jobs"",""status"":0,""finalUrl"":""https://airbotics.eu/careers/jobs"",""ok"":false,""error"":""fetch failed"",""ats"":null,""relatedToHome"":true},{""path"":""/join-us"",""candidateUrl"":""https://airbotics.eu/join-us"",""status"":0,""finalUrl"":""https://airbotics.eu/join-us"",""ok"":false,""error"":""fetch failed"",""ats"":null,""relatedToHome"":true},{""path"":""/work-with-us"",""candidateUrl"":""https://airbotics.eu/work-with-us"",""status"":0,""finalUrl"":""https://airbotics.eu/work-with-us"",""ok"":false,""error"":""fetch failed"",""ats"":null,""relatedToHome"":true},{""path"":""/company/careers"",""candidateUrl"":""https://airbotics.eu/company/careers"",""status"":0,""finalUrl"":""https://airbotics.eu/company/careers"",""ok"":false,""error"":""fetch failed"",""ats"":null,""relatedToHome"":true},{""path"":""/about/careers"",""candidateUrl"":""https://airbotics.eu/about/careers"",""status"":0,""finalUrl"":""https://airbotics.eu/about/careers"",""ok"":false,""error"":""fetch failed"",""ats"":null,""relatedToHome"":true},{""path"":""/opportunities"",""candidateUrl"":""https://airbotics.eu/opportunities"",""status"":0,""finalUrl"":""https://airbotics.eu/opportunities"",""ok"":false,""error"":""fetch failed"",""ats"":null,""relatedToHome"":true},{""path"":""/hiring"",""candidateUrl"":""https://airbotics.eu/hiring"",""status"":0,""finalUrl"":""https://airbotics.eu/hiring"",""ok"":false,""error"":""fetch failed"",""ats"":null,""relatedToHome"":true}],""homepageScan"":false,""homepageScanHit"":false,""finalUrl"":""https://airbotics.eu/"",""classification"":""fetch_failed"",""homepageError"":""fetch failed""}","2026-04-10T23:47:50.487Z","medium","Homepage request failed (network, TLS, or block); retry later or set URL manually."
"Aircam UAV","cm-0054","https://aircamuav.com/","aircamuav.com","https://www.linkedin.com/company/aircam-uav","","high","","","","homepage_fetch_failed","fetch_failed","rejected_url_domain_fallback","full_url host is not a company homepage (www.linkedin.com); using https://aircamuav.com/ from domain column.","{""homepageUsed"":""https://aircamuav.com/"",""pathsTried"":[""/careers"",""/jobs"",""/careers/jobs"",""/join-us"",""/work-with-us"",""/company/careers"",""/about/careers"",""/opportunities"",""/hiring""],""probeLog"":[{""path"":""/careers"",""candidateUrl"":""https://aircamuav.com/careers"",""status"":0,""finalUrl"":""https://aircamuav.com/careers"",""ok"":false,""error"":""fetch failed"",""ats"":null,""relatedToHome"":true},{""path"":""/jobs"",""candidateUrl"":""https://aircamuav.com/jobs"",""status"":0,""finalUrl"":""https://aircamuav.com/jobs"",""ok"":false,""error"":""fetch failed"",""ats"":null,""relatedToHome"":true},{""path"":""/careers/jobs"",""candidateUrl"":""https://aircamuav.com/careers/jobs"",""status"":0,""finalUrl"":""https://aircamuav.com/careers/jobs"",""ok"":false,""error"":""fetch failed"",""ats"":null,""relatedToHome"":true},{""path"":""/join-us"",""candidateUrl"":""https://aircamuav.com/join-us"",""status"":0,""finalUrl"":""https://aircamuav.com/join-us"",""ok"":false,""error"":""fetch failed"",""ats"":null,""relatedToHome"":true},{""path"":""/work-with-us"",""candidateUrl"":""https://aircamuav.com/work-with-us"",""status"":0,""finalUrl"":""https://aircamuav.com/work-with-us"",""ok"":false,""error"":""fetch failed"",""ats"":null,""relatedToHome"":true},{""path"":""/company/careers"",""candidateUrl"":""https://aircamuav.com/company/careers"",""status"":0,""finalUrl"":""https://aircamuav.com/company/careers"",""ok"":false,""error"":""fetch failed"",""ats"":null,""relatedToHome"":true},{""path"":""/about/careers"",""candidateUrl"":""https://aircamuav.com/about/careers"",""status"":0,""finalUrl"":""https://aircamuav.com/about/careers"",""ok"":false,""error"":""fetch failed"",""ats"":null,""relatedToHome"":true},{""path"":""/opportunities"",""candidateUrl"":""https://aircamuav.com/opportunities"",""status"":0,""finalUrl"":""https://aircamuav.com/opportunities"",""ok"":false,""error"":""fetch failed"",""ats"":null,""relatedToHome"":true},{""path"":""/hiring"",""candidateUrl"":""https://aircamuav.com/hiring"",""status"":0,""finalUrl"":""https://aircamuav.com/hiring"",""ok"":false,""error"":""fetch failed"",""ats"":null,""relatedToHome"":true}],""homepageScan"":false,""homepageScanHit"":false,""finalUrl"":""https://aircamuav.com/"",""classification"":""fetch_failed"",""homepageError"":""fetch failed""}","2026-04-10T23:47:52.476Z","medium","Homepage request failed (network, TLS, or block); retry later or set URL manually."
"AirMap","cm-0056","https://airmap.com/","airmap.com","https://www.linkedin.com/company/airmap","Software & Autonomy","high","","","","homepage_fetch_failed","fetch_failed","ok","","{""homepageUsed"":""https://airmap.com/"",""pathsTried"":[""/careers"",""/jobs"",""/careers/jobs"",""/join-us"",""/work-with-us"",""/company/careers"",""/about/careers"",""/opportunities"",""/hiring""],""probeLog"":[{""path"":""/careers"",""candidateUrl"":""https://airmap.com/careers"",""status"":0,""finalUrl"":""https://airmap.com/careers"",""ok"":false,""error"":""fetch failed"",""ats"":null,""relatedToHome"":true},{""path"":""/jobs"",""candidateUrl"":""https://airmap.com/jobs"",""status"":0,""finalUrl"":""https://airmap.com/jobs"",""ok"":false,""error"":""fetch failed"",""ats"":null,""relatedToHome"":true},{""path"":""/careers/jobs"",""candidateUrl"":""https://airmap.com/careers/jobs"",""status"":0,""finalUrl"":""https://airmap.com/careers/jobs"",""ok"":false,""error"":""fetch failed"",""ats"":null,""relatedToHome"":true},{""path"":""/join-us"",""candidateUrl"":""https://airmap.com/join-us"",""status"":0,""finalUrl"":""https://airmap.com/join-us"",""ok"":false,""error"":""fetch failed"",""ats"":null,""relatedToHome"":true},{""path"":""/work-with-us"",""candidateUrl"":""https://airmap.com/work-with-us"",""status"":0,""finalUrl"":""https://airmap.com/work-with-us"",""ok"":false,""error"":""fetch failed"",""ats"":null,""relatedToHome"":true},{""path"":""/company/careers"",""candidateUrl"":""https://airmap.com/company/careers"",""status"":0,""finalUrl"":""https://airmap.com/company/careers"",""ok"":false,""error"":""fetch failed"",""ats"":null,""relatedToHome"":true},{""path"":""/about/careers"",""candidateUrl"":""https://airmap.com/about/careers"",""status"":0,""finalUrl"":""https://airmap.com/about/careers"",""ok"":false,""error"":""fetch failed"",""ats"":null,""relatedToHome"":true},{""path"":""/opportunities"",""candidateUrl"":""https://airmap.com/opportunities"",""status"":0,""finalUrl"":""https://airmap.com/opportunities"",""ok"":false,""error"":""fetch failed"",""ats"":null,""relatedToHome"":true},{""path"":""/hiring"",""candidateUrl"":""https://airmap.com/hiring"",""status"":0,""finalUrl"":""https://airmap.com/hiring"",""ok"":false,""error"":""fetch failed"",""ats"":null,""relatedToHome"":true}],""homepageScan"":false,""homepageScanHit"":false,""finalUrl"":""https://airmap.com/"",""classification"":""fetch_failed"",""homepageError"":""fetch failed""}","2026-04-10T23:47:55.233Z","medium","Homepage request failed (network, TLS, or block); retry later or set URL manually."
"Altitude Angel","cm-0067","https://altitudeangel.com/","altitudeangel.com","https://www.linkedin.com/company/altitude-angel","Software & Autonomy","high","","","","homepage_fetch_failed","fetch_failed","ok","","{""homepageUsed"":""https://altitudeangel.com/"",""pathsTried"":[""/careers"",""/jobs"",""/careers/jobs"",""/join-us"",""/work-with-us"",""/company/careers"",""/about/careers"",""/opportunities"",""/hiring""],""probeLog"":[{""path"":""/careers"",""candidateUrl"":""https://altitudeangel.com/careers"",""status"":0,""finalUrl"":""https://altitudeangel.com/careers"",""ok"":false,""error"":""fetch failed"",""ats"":null,""relatedToHome"":true},{""path"":""/jobs"",""candidateUrl"":""https://altitudeangel.com/jobs"",""status"":0,""finalUrl"":""https://altitudeangel.com/jobs"",""ok"":false,""error"":""fetch failed"",""ats"":null,""relatedToHome"":true},{""path"":""/careers/jobs"",""candidateUrl"":""https://altitudeangel.com/careers/jobs"",""status"":0,""finalUrl"":""https://altitudeangel.com/careers/jobs"",""ok"":false,""error"":""fetch failed"",""ats"":null,""relatedToHome"":true},{""path"":""/join-us"",""candidateUrl"":""https://altitudeangel.com/join-us"",""status"":0,""finalUrl"":""https://altitudeangel.com/join-us"",""ok"":false,""error"":""fetch failed"",""ats"":null,""relatedToHome"":true},{""path"":""/work-with-us"",""candidateUrl"":""https://altitudeangel.com/work-with-us"",""status"":0,""finalUrl"":""https://altitudeangel.com/work-with-us"",""ok"":false,""error"":""fetch failed"",""ats"":null,""relatedToHome"":true},{""path"":""/company/careers"",""candidateUrl"":""https://altitudeangel.com/company/careers"",""status"":0,""finalUrl"":""https://altitudeangel.com/company/careers"",""ok"":false,""error"":""fetch failed"",""ats"":null,""relatedToHome"":true},{""path"":""/about/careers"",""candidateUrl"":""https://altitudeangel.com/about/careers"",""status"":0,""finalUrl"":""https://altitudeangel.com/about/careers"",""ok"":false,""error"":""fetch failed"",""ats"":null,""relatedToHome"":true},{""path"":""/opportunities"",""candidateUrl"":""https://altitudeangel.com/opportunities"",""status"":0,""finalUrl"":""https://altitudeangel.com/opportunities"",""ok"":false,""error"":""fetch failed"",""ats"":null,""relatedToHome"":true},{""path"":""/hiring"",""candidateUrl"":""https://altitudeangel.com/hiring"",""status"":0,""finalUrl"":""https://altitudeangel.com/hiring"",""ok"":false,""error"":""fetch failed"",""ats"":null,""relatedToHome"":true}],""homepageScan"":false,""homepageScanHit"":false,""finalUrl"":""https://altitudeangel.com/"",""classification"":""fetch_failed"",""homepageError"":""fetch failed""}","2026-04-10T23:48:25.330Z","medium","Homepage request failed (network, TLS, or block); retry later or set URL manually."
"Altitude University","cm-0070","https://altitudeu.com/","altitudeu.com","https://www.linkedin.com/company/altitude-university","Training & Services","high","","","","homepage_fetch_failed","fetch_failed","ok","","{""homepageUsed"":""https://altitudeu.com/"",""pathsTried"":[""/careers"",""/jobs"",""/careers/jobs"",""/join-us"",""/work-with-us"",""/company/careers"",""/about/careers"",""/opportunities"",""/hiring""],""probeLog"":[{""path"":""/careers"",""candidateUrl"":""https://altitudeu.com/careers"",""status"":0,""finalUrl"":""https://altitudeu.com/careers"",""ok"":false,""error"":""fetch failed"",""ats"":null,""relatedToHome"":true},{""path"":""/jobs"",""candidateUrl"":""https://altitudeu.com/jobs"",""status"":0,""finalUrl"":""https://altitudeu.com/jobs"",""ok"":false,""error"":""fetch failed"",""ats"":null,""relatedToHome"":true},{""path"":""/careers/jobs"",""candidateUrl"":""https://altitudeu.com/careers/jobs"",""status"":0,""finalUrl"":""https://altitudeu.com/careers/jobs"",""ok"":false,""error"":""fetch failed"",""ats"":null,""relatedToHome"":true},{""path"":""/join-us"",""candidateUrl"":""https://altitudeu.com/join-us"",""status"":0,""finalUrl"":""https://altitudeu.com/join-us"",""ok"":false,""error"":""fetch failed"",""ats"":null,""relatedToHome"":true},{""path"":""/work-with-us"",""candidateUrl"":""https://altitudeu.com/work-with-us"",""status"":0,""finalUrl"":""https://altitudeu.com/work-with-us"",""ok"":false,""error"":""fetch failed"",""ats"":null,""relatedToHome"":true},{""path"":""/company/careers"",""candidateUrl"":""https://altitudeu.com/company/careers"",""status"":0,""finalUrl"":""https://altitudeu.com/company/careers"",""ok"":false,""error"":""fetch failed"",""ats"":null,""relatedToHome"":true},{""path"":""/about/careers"",""candidateUrl"":""https://altitudeu.com/about/careers"",""status"":0,""finalUrl"":""https://altitudeu.com/about/careers"",""ok"":false,""error"":""fetch failed"",""ats"":null,""relatedToHome"":true},{""path"":""/opportunities"",""candidateUrl"":""https://altitudeu.com/opportunities"",""status"":0,""finalUrl"":""https://altitudeu.com/opportunities"",""ok"":false,""error"":""fetch failed"",""ats"":null,""relatedToHome"":true},{""path"":""/hiring"",""candidateUrl"":""https://altitudeu.com/hiring"",""status"":0,""finalUrl"":""https://altitudeu.com/hiring"",""ok"":false,""error"":""fetch failed"",""ats"":null,""relatedToHome"":true}],""homepageScan"":false,""homepageScanHit"":false,""finalUrl"":""https://altitudeu.com/"",""classification"":""fetch_failed"",""homepageError"":""fetch failed""}","2026-04-10T23:48:29.041Z","medium","Homepage request failed (network, TLS, or block); retry later or set URL manually."
"Anavia","cm-0077","https://anavia.ch/","anavia.ch","https://www.linkedin.com/company/anavia","Hardware","high","","","","homepage_fetch_failed","fetch_failed","ok","","{""homepageUsed"":""https://anavia.ch/"",""pathsTried"":[""/careers"",""/jobs"",""/careers/jobs"",""/join-us"",""/work-with-us"",""/company/careers"",""/about/careers"",""/opportunities"",""/hiring""],""probeLog"":[{""path"":""/careers"",""candidateUrl"":""https://anavia.ch/careers"",""status"":0,""finalUrl"":""https://anavia.ch/careers"",""ok"":false,""error"":""fetch failed"",""ats"":null,""relatedToHome"":true},{""path"":""/jobs"",""candidateUrl"":""https://anavia.ch/jobs"",""status"":0,""finalUrl"":""https://anavia.ch/jobs"",""ok"":false,""error"":""fetch failed"",""ats"":null,""relatedToHome"":true},{""path"":""/careers/jobs"",""candidateUrl"":""https://anavia.ch/careers/jobs"",""status"":0,""finalUrl"":""https://anavia.ch/careers/jobs"",""ok"":false,""error"":""fetch failed"",""ats"":null,""relatedToHome"":true},{""path"":""/join-us"",""candidateUrl"":""https://anavia.ch/join-us"",""status"":0,""finalUrl"":""https://anavia.ch/join-us"",""ok"":false,""error"":""fetch failed"",""ats"":null,""relatedToHome"":true},{""path"":""/work-with-us"",""candidateUrl"":""https://anavia.ch/work-with-us"",""status"":0,""finalUrl"":""https://anavia.ch/work-with-us"",""ok"":false,""error"":""fetch failed"",""ats"":null,""relatedToHome"":true},{""path"":""/company/careers"",""candidateUrl"":""https://anavia.ch/company/careers"",""status"":0,""finalUrl"":""https://anavia.ch/company/careers"",""ok"":false,""error"":""fetch failed"",""ats"":null,""relatedToHome"":true},{""path"":""/about/careers"",""candidateUrl"":""https://anavia.ch/about/careers"",""status"":0,""finalUrl"":""https://anavia.ch/about/careers"",""ok"":false,""error"":""fetch failed"",""ats"":null,""relatedToHome"":true},{""path"":""/opportunities"",""candidateUrl"":""https://anavia.ch/opportunities"",""status"":0,""finalUrl"":""https://anavia.ch/opportunities"",""ok"":false,""error"":""fetch failed"",""ats"":null,""relatedToHome"":true},{""path"":""/hiring"",""candidateUrl"":""https://anavia.ch/hiring"",""status"":0,""finalUrl"":""https://anavia.ch/hiring"",""ok"":false,""error"":""fetch failed"",""ats"":null,""relatedToHome"":true}],""homepageScan"":false,""homepageScanHit"":false,""finalUrl"":""https://anavia.ch/"",""classification"":""fetch_failed"",""homepageError"":""fetch failed""}","2026-04-10T23:48:46.591Z","medium","Homepage request failed (network, TLS, or block); retry later or set URL manually."
"Astral Systems","cm-0090","https://astral.systems/","astral.systems","https://www.linkedin.com/company/astral-systems","","low","","","","homepage_fetch_failed","fetch_failed","rejected_url_domain_fallback","full_url host is not a company homepage (www.linkedin.com); using https://astral.systems/ from domain column.","{""homepageUsed"":""https://astral.systems/"",""pathsTried"":[""/careers"",""/jobs"",""/careers/jobs"",""/join-us"",""/work-with-us"",""/company/careers"",""/about/careers"",""/opportunities"",""/hiring""],""probeLog"":[{""path"":""/careers"",""candidateUrl"":""https://astral.systems/careers"",""status"":0,""finalUrl"":""https://astral.systems/careers"",""ok"":false,""error"":""fetch failed"",""ats"":null,""relatedToHome"":true},{""path"":""/jobs"",""candidateUrl"":""https://astral.systems/jobs"",""status"":0,""finalUrl"":""https://astral.systems/jobs"",""ok"":false,""error"":""fetch failed"",""ats"":null,""relatedToHome"":true},{""path"":""/careers/jobs"",""candidateUrl"":""https://astral.systems/careers/jobs"",""status"":0,""finalUrl"":""https://astral.systems/careers/jobs"",""ok"":false,""error"":""fetch failed"",""ats"":null,""relatedToHome"":true},{""path"":""/join-us"",""candidateUrl"":""https://astral.systems/join-us"",""status"":0,""finalUrl"":""https://astral.systems/join-us"",""ok"":false,""error"":""fetch failed"",""ats"":null,""relatedToHome"":true},{""path"":""/work-with-us"",""candidateUrl"":""https://astral.systems/work-with-us"",""status"":0,""finalUrl"":""https://astral.systems/work-with-us"",""ok"":false,""error"":""fetch failed"",""ats"":null,""relatedToHome"":true},{""path"":""/company/careers"",""candidateUrl"":""https://astral.systems/company/careers"",""status"":0,""finalUrl"":""https://astral.systems/company/careers"",""ok"":false,""error"":""fetch failed"",""ats"":null,""relatedToHome"":true},{""path"":""/about/careers"",""candidateUrl"":""https://astral.systems/about/careers"",""status"":0,""finalUrl"":""https://astral.systems/about/careers"",""ok"":false,""error"":""fetch failed"",""ats"":null,""relatedToHome"":true},{""path"":""/opportunities"",""candidateUrl"":""https://astral.systems/opportunities"",""status"":0,""finalUrl"":""https://astral.systems/opportunities"",""ok"":false,""error"":""fetch failed"",""ats"":null,""relatedToHome"":true},{""path"":""/hiring"",""candidateUrl"":""https://astral.systems/hiring"",""status"":0,""finalUrl"":""https://astral.systems/hiring"",""ok"":false,""error"":""fetch failed"",""ats"":null,""relatedToHome"":true}],""homepageScan"":false,""homepageScanHit"":false,""finalUrl"":""https://astral.systems/"",""classification"":""fetch_failed"",""homepageError"":""fetch failed""}","2026-04-10T23:49:20.420Z","medium","Homepage request failed (network, TLS, or block); retry later or set URL manually."
"Autel Robotics","cm-0091","https://autelrobotics.com/","autelrobotics.com","https://www.linkedin.com/company/autel-robotics","Hardware","high","","","","homepage_fetch_failed","fetch_failed","ok","","{""homepageUsed"":""https://autelrobotics.com/"",""pathsTried"":[""/careers"",""/jobs"",""/careers/jobs"",""/join-us"",""/work-with-us"",""/company/careers"",""/about/careers"",""/opportunities"",""/hiring""],""probeLog"":[{""path"":""/careers"",""candidateUrl"":""https://autelrobotics.com/careers"",""status"":0,""finalUrl"":""https://autelrobotics.com/careers"",""ok"":false,""error"":""fetch failed"",""ats"":null,""relatedToHome"":true},{""path"":""/jobs"",""candidateUrl"":""https://autelrobotics.com/jobs"",""status"":0,""finalUrl"":""https://autelrobotics.com/jobs"",""ok"":false,""error"":""fetch failed"",""ats"":null,""relatedToHome"":true},{""path"":""/careers/jobs"",""candidateUrl"":""https://autelrobotics.com/careers/jobs"",""status"":0,""finalUrl"":""https://autelrobotics.com/careers/jobs"",""ok"":false,""error"":""fetch failed"",""ats"":null,""relatedToHome"":true},{""path"":""/join-us"",""candidateUrl"":""https://autelrobotics.com/join-us"",""status"":0,""finalUrl"":""https://autelrobotics.com/join-us"",""ok"":false,""error"":""fetch failed"",""ats"":null,""relatedToHome"":true},{""path"":""/work-with-us"",""candidateUrl"":""https://autelrobotics.com/work-with-us"",""status"":0,""finalUrl"":""https://autelrobotics.com/work-with-us"",""ok"":false,""error"":""fetch failed"",""ats"":null,""relatedToHome"":true},{""path"":""/company/careers"",""candidateUrl"":""https://autelrobotics.com/company/careers"",""status"":0,""finalUrl"":""https://autelrobotics.com/company/careers"",""ok"":false,""error"":""fetch failed"",""ats"":null,""relatedToHome"":true},{""path"":""/about/careers"",""candidateUrl"":""https://autelrobotics.com/about/careers"",""status"":0,""finalUrl"":""https://autelrobotics.com/about/careers"",""ok"":false,""error"":""fetch failed"",""ats"":null,""relatedToHome"":true},{""path"":""/opportunities"",""candidateUrl"":""https://autelrobotics.com/opportunities"",""status"":0,""finalUrl"":""https://autelrobotics.com/opportunities"",""ok"":false,""error"":""fetch failed"",""ats"":null,""relatedToHome"":true},{""path"":""/hiring"",""candidateUrl"":""https://autelrobotics.com/hiring"",""status"":0,""finalUrl"":""https://autelrobotics.com/hiring"",""ok"":false,""error"":""fetch failed"",""ats"":null,""relatedToHome"":true}],""homepageScan"":false,""homepageScanHit"":false,""finalUrl"":""https://autelrobotics.com/"",""classification"":""fetch_failed"",""homepageError"":""fetch failed""}","2026-04-10T23:49:45.973Z","medium","Homepage request failed (network, TLS, or block); retry later or set URL manually."
"Autel Robotics USA","cm-0092","https://autelrobotics.com/","autelrobotics.com","","","","","","","homepage_fetch_failed","fetch_failed","rejected_url_domain_fallback","full_url host is not a company homepage (www.linkedin.com); using https://autelrobotics.com/ from domain column.","{""homepageUsed"":""https://autelrobotics.com/"",""pathsTried"":[""/careers"",""/jobs"",""/careers/jobs"",""/join-us"",""/work-with-us"",""/company/careers"",""/about/careers"",""/opportunities"",""/hiring""],""probeLog"":[{""path"":""/careers"",""candidateUrl"":""https://autelrobotics.com/careers"",""status"":0,""finalUrl"":""https://autelrobotics.com/careers"",""ok"":false,""error"":""fetch failed"",""ats"":null,""relatedToHome"":true},{""path"":""/jobs"",""candidateUrl"":""https://autelrobotics.com/jobs"",""status"":0,""finalUrl"":""https://autelrobotics.com/jobs"",""ok"":false,""error"":""fetch failed"",""ats"":null,""relatedToHome"":true},{""path"":""/careers/jobs"",""candidateUrl"":""https://autelrobotics.com/careers/jobs"",""status"":0,""finalUrl"":""https://autelrobotics.com/careers/jobs"",""ok"":false,""error"":""fetch failed"",""ats"":null,""relatedToHome"":true},{""path"":""/join-us"",""candidateUrl"":""https://autelrobotics.com/join-us"",""status"":0,""finalUrl"":""https://autelrobotics.com/join-us"",""ok"":false,""error"":""fetch failed"",""ats"":null,""relatedToHome"":true},{""path"":""/work-with-us"",""candidateUrl"":""https://autelrobotics.com/work-with-us"",""status"":0,""finalUrl"":""https://autelrobotics.com/work-with-us"",""ok"":false,""error"":""fetch failed"",""ats"":null,""relatedToHome"":true},{""path"":""/company/careers"",""candidateUrl"":""https://autelrobotics.com/company/careers"",""status"":0,""finalUrl"":""https://autelrobotics.com/company/careers"",""ok"":false,""error"":""fetch failed"",""ats"":null,""relatedToHome"":true},{""path"":""/about/careers"",""candidateUrl"":""https://autelrobotics.com/about/careers"",""status"":0,""finalUrl"":""https://autelrobotics.com/about/careers"",""ok"":false,""error"":""fetch failed"",""ats"":null,""relatedToHome"":true},{""path"":""/opportunities"",""candidateUrl"":""https://autelrobotics.com/opportunities"",""status"":0,""finalUrl"":""https://autelrobotics.com/opportunities"",""ok"":false,""error"":""fetch failed"",""ats"":null,""relatedToHome"":true},{""path"":""/hiring"",""candidateUrl"":""https://autelrobotics.com/hiring"",""status"":0,""finalUrl"":""https://autelrobotics.com/hiring"",""ok"":false,""error"":""fetch failed"",""ats"":null,""relatedToHome"":true}],""homepageScan"":false,""homepageScanHit"":false,""finalUrl"":""https://autelrobotics.com/"",""classification"":""fetch_failed"",""homepageError"":""fetch failed""}","2026-04-10T23:51:32.851Z","medium","Homepage request failed (network, TLS, or block); retry later or set URL manually."
"Avionix Systems","cm-0097","https://avionixsystems.com/","avionixsystems.com","https://www.linkedin.com/company/avionix-systems","","low","","","","homepage_fetch_failed","fetch_failed","ok","","{""homepageUsed"":""https://avionixsystems.com/"",""pathsTried"":[""/careers"",""/jobs"",""/careers/jobs"",""/join-us"",""/work-with-us"",""/company/careers"",""/about/careers"",""/opportunities"",""/hiring""],""probeLog"":[{""path"":""/careers"",""candidateUrl"":""https://avionixsystems.com/careers"",""status"":0,""finalUrl"":""https://avionixsystems.com/careers"",""ok"":false,""error"":""fetch failed"",""ats"":null,""relatedToHome"":true},{""path"":""/jobs"",""candidateUrl"":""https://avionixsystems.com/jobs"",""status"":0,""finalUrl"":""https://avionixsystems.com/jobs"",""ok"":false,""error"":""fetch failed"",""ats"":null,""relatedToHome"":true},{""path"":""/careers/jobs"",""candidateUrl"":""https://avionixsystems.com/careers/jobs"",""status"":0,""finalUrl"":""https://avionixsystems.com/careers/jobs"",""ok"":false,""error"":""fetch failed"",""ats"":null,""relatedToHome"":true},{""path"":""/join-us"",""candidateUrl"":""https://avionixsystems.com/join-us"",""status"":0,""finalUrl"":""https://avionixsystems.com/join-us"",""ok"":false,""error"":""fetch failed"",""ats"":null,""relatedToHome"":true},{""path"":""/work-with-us"",""candidateUrl"":""https://avionixsystems.com/work-with-us"",""status"":0,""finalUrl"":""https://avionixsystems.com/work-with-us"",""ok"":false,""error"":""fetch failed"",""ats"":null,""relatedToHome"":true},{""path"":""/company/careers"",""candidateUrl"":""https://avionixsystems.com/company/careers"",""status"":0,""finalUrl"":""https://avionixsystems.com/company/careers"",""ok"":false,""error"":""fetch failed"",""ats"":null,""relatedToHome"":true},{""path"":""/about/careers"",""candidateUrl"":""https://avionixsystems.com/about/careers"",""status"":0,""finalUrl"":""https://avionixsystems.com/about/careers"",""ok"":false,""error"":""fetch failed"",""ats"":null,""relatedToHome"":true},{""path"":""/opportunities"",""candidateUrl"":""https://avionixsystems.com/opportunities"",""status"":0,""finalUrl"":""https://avionixsystems.com/opportunities"",""ok"":false,""error"":""fetch failed"",""ats"":null,""relatedToHome"":true},{""path"":""/hiring"",""candidateUrl"":""https://avionixsystems.com/hiring"",""status"":0,""finalUrl"":""https://avionixsystems.com/hiring"",""ok"":false,""error"":""fetch failed"",""ats"":null,""relatedToHome"":true}],""homepageScan"":false,""homepageScanHit"":false,""finalUrl"":""https://avionixsystems.com/"",""classification"":""fetch_failed"",""homepageError"":""fetch failed""}","2026-04-10T23:53:26.631Z","medium","Homepage request failed (network, TLS, or block); retry later or set URL manually."
"Bantam Drones","cm-0103","https://bantamdrones.com/","bantamdrones.com","https://www.linkedin.com/company/bantam-drones","","high","","","","homepage_fetch_failed","fetch_failed","rejected_url_domain_fallback","full_url host is not a company homepage (www.linkedin.com); using https://bantamdrones.com/ from domain column.","{""homepageUsed"":""https://bantamdrones.com/"",""pathsTried"":[""/careers"",""/jobs"",""/careers/jobs"",""/join-us"",""/work-with-us"",""/company/careers"",""/about/careers"",""/opportunities"",""/hiring""],""probeLog"":[{""path"":""/careers"",""candidateUrl"":""https://bantamdrones.com/careers"",""status"":0,""finalUrl"":""https://bantamdrones.com/careers"",""ok"":false,""error"":""fetch failed"",""ats"":null,""relatedToHome"":true},{""path"":""/jobs"",""candidateUrl"":""https://bantamdrones.com/jobs"",""status"":0,""finalUrl"":""https://bantamdrones.com/jobs"",""ok"":false,""error"":""fetch failed"",""ats"":null,""relatedToHome"":true},{""path"":""/careers/jobs"",""candidateUrl"":""https://bantamdrones.com/careers/jobs"",""status"":0,""finalUrl"":""https://bantamdrones.com/careers/jobs"",""ok"":false,""error"":""fetch failed"",""ats"":null,""relatedToHome"":true},{""path"":""/join-us"",""candidateUrl"":""https://bantamdrones.com/join-us"",""status"":0,""finalUrl"":""https://bantamdrones.com/join-us"",""ok"":false,""error"":""fetch failed"",""ats"":null,""relatedToHome"":true},{""path"":""/work-with-us"",""candidateUrl"":""https://bantamdrones.com/work-with-us"",""status"":0,""finalUrl"":""https://bantamdrones.com/work-with-us"",""ok"":false,""error"":""fetch failed"",""ats"":null,""relatedToHome"":true},{""path"":""/company/careers"",""candidateUrl"":""https://bantamdrones.com/company/careers"",""status"":0,""finalUrl"":""https://bantamdrones.com/company/careers"",""ok"":false,""error"":""fetch failed"",""ats"":null,""relatedToHome"":true},{""path"":""/about/careers"",""candidateUrl"":""https://bantamdrones.com/about/careers"",""status"":0,""finalUrl"":""https://bantamdrones.com/about/careers"",""ok"":false,""error"":""fetch failed"",""ats"":null,""relatedToHome"":true},{""path"":""/opportunities"",""candidateUrl"":""https://bantamdrones.com/opportunities"",""status"":0,""finalUrl"":""https://bantamdrones.com/opportunities"",""ok"":false,""error"":""fetch failed"",""ats"":null,""relatedToHome"":true},{""path"":""/hiring"",""candidateUrl"":""https://bantamdrones.com/hiring"",""status"":0,""finalUrl"":""https://bantamdrones.com/hiring"",""ok"":false,""error"":""fetch failed"",""ats"":null,""relatedToHome"":true}],""homepageScan"":false,""homepageScanHit"":false,""finalUrl"":""https://bantamdrones.com/"",""classification"":""fetch_failed"",""homepageError"":""fetch failed""}","2026-04-10T23:53:47.929Z","medium","Homepage request failed (network, TLS, or block); retry later or set URL manually."
"BirdsEyeView Aerobotics","cm-0107","https://birdseyeview.aero/","birdseyeview.aero","https://www.linkedin.com/company/birdseyeview-aerobotics","Inspection (Energy / Infrastructure)","high","","","","homepage_fetch_failed","fetch_failed","ok","","{""homepageUsed"":""https://birdseyeview.aero/"",""pathsTried"":[""/careers"",""/jobs"",""/careers/jobs"",""/join-us"",""/work-with-us"",""/company/careers"",""/about/careers"",""/opportunities"",""/hiring""],""probeLog"":[{""path"":""/careers"",""candidateUrl"":""https://birdseyeview.aero/careers"",""status"":0,""finalUrl"":""https://birdseyeview.aero/careers"",""ok"":false,""error"":""fetch failed"",""ats"":null,""relatedToHome"":true},{""path"":""/jobs"",""candidateUrl"":""https://birdseyeview.aero/jobs"",""status"":0,""finalUrl"":""https://birdseyeview.aero/jobs"",""ok"":false,""error"":""fetch failed"",""ats"":null,""relatedToHome"":true},{""path"":""/careers/jobs"",""candidateUrl"":""https://birdseyeview.aero/careers/jobs"",""status"":0,""finalUrl"":""https://birdseyeview.aero/careers/jobs"",""ok"":false,""error"":""fetch failed"",""ats"":null,""relatedToHome"":true},{""path"":""/join-us"",""candidateUrl"":""https://birdseyeview.aero/join-us"",""status"":0,""finalUrl"":""https://birdseyeview.aero/join-us"",""ok"":false,""error"":""fetch failed"",""ats"":null,""relatedToHome"":true},{""path"":""/work-with-us"",""candidateUrl"":""https://birdseyeview.aero/work-with-us"",""status"":0,""finalUrl"":""https://birdseyeview.aero/work-with-us"",""ok"":false,""error"":""fetch failed"",""ats"":null,""relatedToHome"":true},{""path"":""/company/careers"",""candidateUrl"":""https://birdseyeview.aero/company/careers"",""status"":0,""finalUrl"":""https://birdseyeview.aero/company/careers"",""ok"":false,""error"":""fetch failed"",""ats"":null,""relatedToHome"":true},{""path"":""/about/careers"",""candidateUrl"":""https://birdseyeview.aero/about/careers"",""status"":0,""finalUrl"":""https://birdseyeview.aero/about/careers"",""ok"":false,""error"":""fetch failed"",""ats"":null,""relatedToHome"":true},{""path"":""/opportunities"",""candidateUrl"":""https://birdseyeview.aero/opportunities"",""status"":0,""finalUrl"":""https://birdseyeview.aero/opportunities"",""ok"":false,""error"":""fetch failed"",""ats"":null,""relatedToHome"":true},{""path"":""/hiring"",""candidateUrl"":""https://birdseyeview.aero/hiring"",""status"":0,""finalUrl"":""https://birdseyeview.aero/hiring"",""ok"":false,""error"":""fetch failed"",""ats"":null,""relatedToHome"":true}],""homepageScan"":false,""homepageScanHit"":false,""finalUrl"":""https://birdseyeview.aero/"",""classification"":""fetch_failed"",""homepageError"":""fetch failed""}","2026-04-10T23:54:12.094Z","medium","Homepage request failed (network, TLS, or block); retry later or set URL manually."
"Cyberhawk Asia","cm-0126","https://cyberhawk.com/","cyberhawk.com","","","","","","","homepage_fetch_failed","fetch_failed","rejected_url_domain_fallback","full_url host is not a company homepage (www.linkedin.com); using https://cyberhawk.com/ from domain column.","{""homepageUsed"":""https://cyberhawk.com/"",""pathsTried"":[""/careers"",""/jobs"",""/careers/jobs"",""/join-us"",""/work-with-us"",""/company/careers"",""/about/careers"",""/opportunities"",""/hiring""],""probeLog"":[{""path"":""/careers"",""candidateUrl"":""https://cyberhawk.com/careers"",""status"":0,""finalUrl"":""https://cyberhawk.com/careers"",""ok"":false,""error"":""fetch failed"",""ats"":null,""relatedToHome"":true},{""path"":""/jobs"",""candidateUrl"":""https://cyberhawk.com/jobs"",""status"":0,""finalUrl"":""https://cyberhawk.com/jobs"",""ok"":false,""error"":""fetch failed"",""ats"":null,""relatedToHome"":true},{""path"":""/careers/jobs"",""candidateUrl"":""https://cyberhawk.com/careers/jobs"",""status"":0,""finalUrl"":""https://cyberhawk.com/careers/jobs"",""ok"":false,""error"":""fetch failed"",""ats"":null,""relatedToHome"":true},{""path"":""/join-us"",""candidateUrl"":""https://cyberhawk.com/join-us"",""status"":0,""finalUrl"":""https://cyberhawk.com/join-us"",""ok"":false,""error"":""fetch failed"",""ats"":null,""relatedToHome"":true},{""path"":""/work-with-us"",""candidateUrl"":""https://cyberhawk.com/work-with-us"",""status"":0,""finalUrl"":""https://cyberhawk.com/work-with-us"",""ok"":false,""error"":""fetch failed"",""ats"":null,""relatedToHome"":true},{""path"":""/company/careers"",""candidateUrl"":""https://cyberhawk.com/company/careers"",""status"":0,""finalUrl"":""https://cyberhawk.com/company/careers"",""ok"":false,""error"":""fetch failed"",""ats"":null,""relatedToHome"":true},{""path"":""/about/careers"",""candidateUrl"":""https://cyberhawk.com/about/careers"",""status"":0,""finalUrl"":""https://cyberhawk.com/about/careers"",""ok"":false,""error"":""fetch failed"",""ats"":null,""relatedToHome"":true},{""path"":""/opportunities"",""candidateUrl"":""https://cyberhawk.com/opportunities"",""status"":0,""finalUrl"":""https://cyberhawk.com/opportunities"",""ok"":false,""error"":""fetch failed"",""ats"":null,""relatedToHome"":true},{""path"":""/hiring"",""candidateUrl"":""https://cyberhawk.com/hiring"",""status"":0,""finalUrl"":""https://cyberhawk.com/hiring"",""ok"":false,""error"":""fetch failed"",""ats"":null,""relatedToHome"":true}],""homepageScan"":false,""homepageScanHit"":false,""finalUrl"":""https://cyberhawk.com/"",""classification"":""fetch_failed"",""homepageError"":""fetch failed""}","2026-04-10T23:55:17.632Z","medium","Homepage request failed (network, TLS, or block); retry later or set URL manually."
"DelivAir","cm-0133","https://delivair.ai/","delivair.ai","https://www.linkedin.com/company/delivair","Logistics (Delivery / BVLOS Ops)","high","","","","homepage_fetch_failed","fetch_failed","ok","","{""homepageUsed"":""https://delivair.ai/"",""pathsTried"":[""/careers"",""/jobs"",""/careers/jobs"",""/join-us"",""/work-with-us"",""/company/careers"",""/about/careers"",""/opportunities"",""/hiring""],""probeLog"":[{""path"":""/careers"",""candidateUrl"":""https://delivair.ai/careers"",""status"":0,""finalUrl"":""https://delivair.ai/careers"",""ok"":false,""error"":""fetch failed"",""ats"":null,""relatedToHome"":true},{""path"":""/jobs"",""candidateUrl"":""https://delivair.ai/jobs"",""status"":0,""finalUrl"":""https://delivair.ai/jobs"",""ok"":false,""error"":""fetch failed"",""ats"":null,""relatedToHome"":true},{""path"":""/careers/jobs"",""candidateUrl"":""https://delivair.ai/careers/jobs"",""status"":0,""finalUrl"":""https://delivair.ai/careers/jobs"",""ok"":false,""error"":""fetch failed"",""ats"":null,""relatedToHome"":true},{""path"":""/join-us"",""candidateUrl"":""https://delivair.ai/join-us"",""status"":0,""finalUrl"":""https://delivair.ai/join-us"",""ok"":false,""error"":""fetch failed"",""ats"":null,""relatedToHome"":true},{""path"":""/work-with-us"",""candidateUrl"":""https://delivair.ai/work-with-us"",""status"":0,""finalUrl"":""https://delivair.ai/work-with-us"",""ok"":false,""error"":""fetch failed"",""ats"":null,""relatedToHome"":true},{""path"":""/company/careers"",""candidateUrl"":""https://delivair.ai/company/careers"",""status"":0,""finalUrl"":""https://delivair.ai/company/careers"",""ok"":false,""error"":""fetch failed"",""ats"":null,""relatedToHome"":true},{""path"":""/about/careers"",""candidateUrl"":""https://delivair.ai/about/careers"",""status"":0,""finalUrl"":""https://delivair.ai/about/careers"",""ok"":false,""error"":""fetch failed"",""ats"":null,""relatedToHome"":true},{""path"":""/opportunities"",""candidateUrl"":""https://delivair.ai/opportunities"",""status"":0,""finalUrl"":""https://delivair.ai/opportunities"",""ok"":false,""error"":""fetch failed"",""ats"":null,""relatedToHome"":true},{""path"":""/hiring"",""candidateUrl"":""https://delivair.ai/hiring"",""status"":0,""finalUrl"":""https://delivair.ai/hiring"",""ok"":false,""error"":""fetch failed"",""ats"":null,""relatedToHome"":true}],""homepageScan"":false,""homepageScanHit"":false,""finalUrl"":""https://delivair.ai/"",""classification"":""fetch_failed"",""homepageError"":""fetch failed""}","2026-04-10T23:57:41.198Z","medium","Homepage request failed (network, TLS, or block); retry later or set URL manually."
"Deveron UAS","cm-0135","https://deveronuas.com/","deveronuas.com","https://www.linkedin.com/company/deveron-uas","","high","","","","homepage_fetch_failed","fetch_failed","rejected_url_domain_fallback","full_url host is not a company homepage (www.linkedin.com); using https://deveronuas.com/ from domain column.","{""homepageUsed"":""https://deveronuas.com/"",""pathsTried"":[""/careers"",""/jobs"",""/careers/jobs"",""/join-us"",""/work-with-us"",""/company/careers"",""/about/careers"",""/opportunities"",""/hiring""],""probeLog"":[{""path"":""/careers"",""candidateUrl"":""https://deveronuas.com/careers"",""status"":0,""finalUrl"":""https://deveronuas.com/careers"",""ok"":false,""error"":""fetch failed"",""ats"":null,""relatedToHome"":true},{""path"":""/jobs"",""candidateUrl"":""https://deveronuas.com/jobs"",""status"":0,""finalUrl"":""https://deveronuas.com/jobs"",""ok"":false,""error"":""fetch failed"",""ats"":null,""relatedToHome"":true},{""path"":""/careers/jobs"",""candidateUrl"":""https://deveronuas.com/careers/jobs"",""status"":0,""finalUrl"":""https://deveronuas.com/careers/jobs"",""ok"":false,""error"":""fetch failed"",""ats"":null,""relatedToHome"":true},{""path"":""/join-us"",""candidateUrl"":""https://deveronuas.com/join-us"",""status"":0,""finalUrl"":""https://deveronuas.com/join-us"",""ok"":false,""error"":""fetch failed"",""ats"":null,""relatedToHome"":true},{""path"":""/work-with-us"",""candidateUrl"":""https://deveronuas.com/work-with-us"",""status"":0,""finalUrl"":""https://deveronuas.com/work-with-us"",""ok"":false,""error"":""fetch failed"",""ats"":null,""relatedToHome"":true},{""path"":""/company/careers"",""candidateUrl"":""https://deveronuas.com/company/careers"",""status"":0,""finalUrl"":""https://deveronuas.com/company/careers"",""ok"":false,""error"":""fetch failed"",""ats"":null,""relatedToHome"":true},{""path"":""/about/careers"",""candidateUrl"":""https://deveronuas.com/about/careers"",""status"":0,""finalUrl"":""https://deveronuas.com/about/careers"",""ok"":false,""error"":""fetch failed"",""ats"":null,""relatedToHome"":true},{""path"":""/opportunities"",""candidateUrl"":""https://deveronuas.com/opportunities"",""status"":0,""finalUrl"":""https://deveronuas.com/opportunities"",""ok"":false,""error"":""fetch failed"",""ats"":null,""relatedToHome"":true},{""path"":""/hiring"",""candidateUrl"":""https://deveronuas.com/hiring"",""status"":0,""finalUrl"":""https://deveronuas.com/hiring"",""ok"":false,""error"":""fetch failed"",""ats"":null,""relatedToHome"":true}],""homepageScan"":false,""homepageScanHit"":false,""finalUrl"":""https://deveronuas.com/"",""classification"":""fetch_failed"",""homepageError"":""fetch failed""}","2026-04-10T23:58:38.718Z","medium","Homepage request failed (network, TLS, or block); retry later or set URL manually."
"Drone Ag","cm-0144","https://droneag.com/","droneag.com","https://www.linkedin.com/company/drone-ag","","high","","","","homepage_fetch_failed","fetch_failed","rejected_url_domain_fallback","full_url host is not a company homepage (www.linkedin.com); using https://droneag.com/ from domain column.","{""homepageUsed"":""https://droneag.com/"",""pathsTried"":[""/careers"",""/jobs"",""/careers/jobs"",""/join-us"",""/work-with-us"",""/company/careers"",""/about/careers"",""/opportunities"",""/hiring""],""probeLog"":[{""path"":""/careers"",""candidateUrl"":""https://droneag.com/careers"",""status"":0,""finalUrl"":""https://droneag.com/careers"",""ok"":false,""error"":""fetch failed"",""ats"":null,""relatedToHome"":true},{""path"":""/jobs"",""candidateUrl"":""https://droneag.com/jobs"",""status"":0,""finalUrl"":""https://droneag.com/jobs"",""ok"":false,""error"":""fetch failed"",""ats"":null,""relatedToHome"":true},{""path"":""/careers/jobs"",""candidateUrl"":""https://droneag.com/careers/jobs"",""status"":0,""finalUrl"":""https://droneag.com/careers/jobs"",""ok"":false,""error"":""fetch failed"",""ats"":null,""relatedToHome"":true},{""path"":""/join-us"",""candidateUrl"":""https://droneag.com/join-us"",""status"":0,""finalUrl"":""https://droneag.com/join-us"",""ok"":false,""error"":""fetch failed"",""ats"":null,""relatedToHome"":true},{""path"":""/work-with-us"",""candidateUrl"":""https://droneag.com/work-with-us"",""status"":0,""finalUrl"":""https://droneag.com/work-with-us"",""ok"":false,""error"":""fetch failed"",""ats"":null,""relatedToHome"":true},{""path"":""/company/careers"",""candidateUrl"":""https://droneag.com/company/careers"",""status"":0,""finalUrl"":""https://droneag.com/company/careers"",""ok"":false,""error"":""fetch failed"",""ats"":null,""relatedToHome"":true},{""path"":""/about/careers"",""candidateUrl"":""https://droneag.com/about/careers"",""status"":0,""finalUrl"":""https://droneag.com/about/careers"",""ok"":false,""error"":""fetch failed"",""ats"":null,""relatedToHome"":true},{""path"":""/opportunities"",""candidateUrl"":""https://droneag.com/opportunities"",""status"":0,""finalUrl"":""https://droneag.com/opportunities"",""ok"":false,""error"":""fetch failed"",""ats"":null,""relatedToHome"":true},{""path"":""/hiring"",""candidateUrl"":""https://droneag.com/hiring"",""status"":0,""finalUrl"":""https://droneag.com/hiring"",""ok"":false,""error"":""fetch failed"",""ats"":null,""relatedToHome"":true}],""homepageScan"":false,""homepageScanHit"":false,""finalUrl"":""https://droneag.com/"",""classification"":""fetch_failed"",""homepageError"":""fetch failed""}","2026-04-10T23:58:57.071Z","medium","Homepage request failed (network, TLS, or block); retry later or set URL manually."
